name,industry,subVertical,city,totalRaisedUSD,fundingRounds,firstFunded,lastFunded
"""BYJU\\'S""",Edtech,Education,Bangalore,150000000.0,1,2019-07-10,2019-07-10
#Fame,,,,10000000.0,1,2015-01-05,2015-01-05
121Policy,Consumer Internet & Tech,Online Insurance Platform,Kolkata,0.0,1,2016-11-25,2016-11-25
19th mile,Consumer Internet & Tech,Artificial intelligence-based sales acceleration software platform,Gurgaon,180000.0,1,2018-07-12,2018-07-12
1Crowd,Fintech,Startup Crowd-funding platform,Mumbai,0.0,1,2017-02-09,2017-02-09
1mg,Consumer Internet & Tech,Online Pharmacy Store,Gurgaon,40000000.0,4,2016-04-20,2018-04-27
1mg (Healthkartplus),Healthtech,,Gurgaon,6000000.0,1,2015-04-20,2015-04-20
20Dresses,,,,1000000.0,1,2015-02-13,2015-02-13
33Coupons,Other,,Kanpur,20000.0,1,2015-07-08,2015-07-08
360Ride,Consumer Internet & Tech,Ride Sharing platform,Bangalore,150000.0,1,2016-01-05,2016-01-05
3Dexter,Consumer Internet & Tech,3D Printing Solutions for Edu space,Delhi,150000.0,1,2016-10-18,2016-10-18
3HCare,Healthtech,Healthcare Service Provider,Delhi,1100000.0,2,2017-09-12,2018-09-04
3rdFlix,SaaS & Enterprise Tech,Education Technology,Hyderabad,5000000.0,1,2019-09-04,2019-09-04
48East,E-Commerce,Online Food Delivery Platform,Bangalore,500000.0,1,2017-02-10,2017-02-10
4tigo,Logistics & Transport,Truck Network company,Bangalore,10000000.0,1,2017-05-02,2017-05-02
5th Vital,Healthtech,Home diagnostics services provider,Bangalore,500000.0,1,2018-07-12,2018-07-12
6Degree,Consumer Internet & Tech,Tech-enabled Fashion Talent platform,Mumbai,200000.0,2,2015-11-11,2016-06-08
75F,IoT & Hardware,Building automation system,Burnsville,18000000.0,1,2019-09-04,2019-09-04
91SpringBoard,Consumer Internet & Tech,Co-working spaces,Delhi,0.0,2,2016-08-11,2017-09-21
99Games,Consumer Internet & Tech,Mobile Game Developer Studio,Udupi,0.0,1,2017-01-02,2017-01-02
99PerHour,Consumer Internet & Tech,Hyper-local Handyman Service provider,Chennai,300000.0,1,2017-01-26,2017-01-26
9Stacks,Consumer Internet & Tech,Online Poker Platform,Delhi,1500000.0,1,2017-12-19,2017-12-19
A&R Bon Vivants,Food & Beverage,Meat Retail Chain,Jaipur,1000000.0,1,2018-11-08,2018-11-08
ABI Health,Consumer Internet & Tech,Unified Digital Health Platform,Bangalore,1500000.0,1,2017-06-08,2017-06-08
AEON Learning,Consumer Internet & Tech,Education,Bangalore,3200000.0,1,2018-01-22,2018-01-22
AHA Taxis,Logistics & Transport,,Noida,0.0,1,2015-11-19,2015-11-19
AYE Finance,Consumer Internet & Tech,Micro Lending Platform,Delhi,6900000.0,1,2017-09-08,2017-09-08
AadharAPI.com,Consumer Internet & Tech,Aadhaar-based API provider,Pune,0.0,1,2017-11-02,2017-11-02
Aadyah,Consumer Internet & Tech,Defense Tech & Aerospace startup,Bangalore,1000000.0,1,2017-09-28,2017-09-28
Aahaa,E-Commerce,Office Products Super Store,Chennai,1000000.0,1,2016-03-04,2016-03-04
Aahaa Stores,E-Commerce,Online B2B store for office supplies,Chennai,1000000.0,1,2017-09-01,2017-09-01
Aarav UAV,Consumer Internet & Tech,unmanned aerial vehicles creator,Kanpur,0.0,1,2016-02-23,2016-02-23
Aasaanjobs,Consumer Internet & Tech,Online Recruitment Marketplace,Mumbai,6500000.0,2,2015-01-24,2016-02-15
Aashiyaan,Fintech,Housing Finance For Low-Income Families,Kolkata,2000000.0,1,2018-05-23,2018-05-23
Aavishkaar-Intellecap Group,Fintech,SME Funding,Mumbai,31000000.0,1,2018-11-22,2018-11-22
AbeRuk,E-Commerce,Online Marketplace for books,Bangalore,0.0,1,2016-07-21,2016-07-21
Abhibus,Logistics & Transport,,Hyderabad,0.0,1,2015-10-01,2015-10-01
Absentia,IoT & Hardware,,Bangalore,180000.0,1,2015-11-16,2015-11-16
Absentia VR,Consumer Internet & Tech,Virtual Reality Startup,Bangalore,1250000.0,1,2017-04-18,2017-04-18
Ace Turtle,Consumer Internet & Tech,Omni-channel web commerce solutions provider,Bangalore,5000000.0,2,2017-05-08,2017-09-22
Ace2three,Consumer Internet & Tech,Online Rummy playing Website,Hyderabad,73700000.0,1,2017-05-01,2017-05-01
Acko,Consumer Internet & Tech,Online Insurance Platform,Mumbai,12000000.0,1,2018-05-27,2018-05-27
ActOnMagic,Consumer Internet & Tech,Cloud Analytics and Management Products,Bangalore,125000.0,1,2016-02-12,2016-02-12
Actionable Analytics,Edtech,,Delhi,0.0,1,2015-08-10,2015-08-10
Active AI,Consumer Internet & Tech,AI based FinTech platform,Bangalore,8250000.0,1,2017-11-14,2017-11-14
Active.ai,Consumer Internet & Tech,Banking & Fintech Platform,Singapore,3500000.0,2,2016-05-04,2016-11-14
Actofit,Consumer Internet & Tech,Wearable Technology platform & devices,Mumbai,750000.0,1,2016-10-19,2016-10-19
Ad2pro,Consumer Internet & Tech,"Creative Design, Brand, Media and Technology Platform Solutions",Chennai,9700000.0,1,2018-03-06,2018-03-06
AdPushUp,Consumer Internet & Tech,Ad optimization Platform,Delhi,0.0,1,2016-08-08,2016-08-08
AdStringO,SaaS & Enterprise Tech,,Mumbai,350000.0,1,2015-06-11,2015-06-11
AdUrCup,Consumer Internet & Tech,Ad Network,Delhi,100000.0,1,2016-02-08,2016-02-08
AdWyze,SaaS & Enterprise Tech,,Bangalore,1000000.0,1,2015-06-29,2015-06-29
Address Health,Healthtech,Pediatric Primary Healthcare Network,Bangalore,1500000.0,1,2016-05-25,2016-05-25
AdmitKard,Edtech,University Admissions,Noida,1000000.0,1,2019-08-23,2019-08-23
Advanced Structures India,Other,Automotive Design and Engineering company,Bangalore,0.0,1,2016-04-21,2016-04-21
Advantage Club,Consumer Internet & Tech,mobile platform for corporate employee benefits,Gurgaon,400000.0,1,2016-02-19,2016-02-19
Advenio,Consumer Internet & Tech,Clinical Imaging Solution Provider,Chandigarh,100000.0,1,2016-08-24,2016-08-24
Adytude,Consumer Internet & Tech,Gamified Consumer Insights Portal,Delhi,1000000.0,1,2016-07-07,2016-07-07
Aequm,E-Commerce,Cloud ECommerce platform,Bangalore,1000000.0,1,2017-05-12,2017-05-12
AerMed,E-Commerce,Online Pharmacy,Mumbai,0.0,1,2016-11-18,2016-11-18
Affimity,Consumer Internet & Tech,Social Networking platform,Bangalore,1200000.0,1,2016-02-10,2016-02-10
Affordplan,Consumer Internet & Tech,Savings platform for Medical Expenses,Delhi,3500000.0,2,2016-05-04,2016-11-29
Agara Labs,AI & Data,Artificial Intelligence,Bangalore,2500000.0,1,2019-06-03,2019-06-03
AgentDesks,SaaS & Enterprise Tech,,New York,2950000.0,1,2015-10-21,2015-10-21
Agricxlab,AgriTech,Agri-tech,Mumbai,500000.0,1,2018-02-20,2018-02-20
Agrostar,Consumer Internet & Tech,Direct-to-Farmer Mobile-Based Retail platform,Pune,14000000.0,2,2015-08-13,2017-03-07
Agrowave,Consumer Internet & Tech,Agriculture Supply Chain management solutions,Gurgaon,0.0,1,2017-10-09,2017-10-09
AirCTO,Consumer Internet & Tech,AI powered recruitment platform,Bangalore,0.0,1,2017-07-19,2017-07-19
AirMed Labs,Consumer Internet & Tech,Health Tests Booking platform & ePharmacy,Ahmedabad,1400000.0,1,2017-01-26,2017-01-26
AirZaar,Consumer Internet & Tech,Drone operations management platform,Missourie,350000.0,1,2017-02-15,2017-02-15
Airpay,Consumer Internet & Tech,Online payment Gateway,Mumbai,3670000.0,1,2017-03-21,2017-03-21
Airwood,Consumer Internet & Tech,Agri Data & Analytics Platform,Chennai,0.0,1,2016-05-02,2016-05-02
Aisle,Consumer Internet & Tech,Online match-making app,Bangalore,185000.0,2,2016-01-29,2017-02-17
Aisle.co,,,,100000.0,1,2015-02-05,2015-02-05
Akosha,Social & Community,,Delhi,16000000.0,1,2015-05-19,2015-05-19
Alef\\nMobitech,Consumer Internet & Tech,Cloud Mobility Solutions,Mumbai,5000000.0,1,2016-01-05,2016-01-05
AllIzHealth,Healthtech,,Pune,350000.0,1,2015-06-02,2015-06-02
Allygrow Technologies,B2B & Industrial,,Mumbai,20000000.0,1,2015-08-11,2015-08-11
AlmaConnect,Consumer Internet & Tech,Alumni social network,Delhi,0.0,1,2016-02-19,2016-02-19
AlmaMapper,Social & Community,,Ahmedabad,400000.0,1,2015-10-26,2015-10-26
Alpha Capital,Fintech,Supplychain Finance,Mumbai,14800000.0,1,2018-06-12,2018-06-12
Alteria Capital,Fintech,VC Funds,Mumbai,140000000.0,1,2019-08-01,2019-08-01
Alternacare,Consumer Internet & Tech,Online Doctor Consulting platform,Delhi,500000.0,1,2016-09-07,2016-09-07
Altizone,Consumer Internet & Tech,IoT & M2M Solutions,Pune,4000000.0,1,2016-02-02,2016-02-02
Amagi Media Labs,Consumer Internet & Tech,Media Technology Solutions,Mumbai,35000000.0,2,2015-01-20,2016-12-15
Ambee,Consumer Internet & Tech,Ambulance Aggregation Services,Hyderabad,0.0,1,2017-07-18,2017-07-18
American Vision,Consumer Internet & Tech,Optical Store Aggregator Platform,Pune,81000.0,1,2016-02-05,2016-02-05
Amigobulls,Fintech,,Bangalore,0.0,1,2015-09-23,2015-09-23
Ampere,CleanTech & Energy,,Coimbatore,0.0,1,2015-07-08,2015-07-08
Ampere Vehicles,CleanTech & Energy,,Coimbatore,1200000.0,1,2015-12-18,2015-12-18
Anakage,Edtech,,Bangalore,0.0,1,2015-12-03,2015-12-03
Anandakanda,Consumer Internet & Tech,Medicine Intake Reminder System,Pune,150000.0,1,2016-02-10,2016-02-10
Anchanto,Consumer Internet & Tech,E-commerce Fulfilment Platform,Pune,4000000.0,2,2017-05-09,2018-07-04
Annapurna Finance,Fintech,Non-Banking Financial Company,Bhubaneswar,23000000.0,1,2018-06-07,2018-06-07
Antuit,,,,56000000.0,1,2015-01-22,2015-01-22
AppBrowzer,Consumer Internet & Tech,Instant Mobile Apps Store,Bangalore,500000.0,1,2017-03-09,2017-03-09
AppDaily,Consumer Internet & Tech,Mobile Security App development & Distribution,Mumbai,2000000.0,1,2016-07-07,2016-07-07
AppLop,Consumer Internet & Tech,Mobile Apps SaaS Platform,Gurgaon,250000.0,1,2016-07-19,2016-07-19
AppVirality,Other,,Hyderabad,500000.0,2,2015-01-13,2015-11-09
Appario Retail Pvt Ltd.,E-Commerce,Retail,Delhi,18840000.0,1,2018-01-10,2018-01-10
Appbase,,,,290000.0,1,2015-02-21,2015-02-21
Appedo,,,,1000000.0,1,2015-03-11,2015-03-11
Appie,Consumer Internet & Tech,Location-based offline retail discovery platform,Mumbai,1000000.0,1,2016-05-19,2016-05-19
AppilyEver,Consumer Internet & Tech,Online wedding services marketplace,Hyderabad,400000.0,1,2016-02-24,2016-02-24
Appknox,Consumer Internet & Tech,Mobile security solutions,Bangalore,675000.0,1,2016-08-17,2016-08-17
Applicate,Consumer Internet & Tech,"Sales, Market, Distribution & Data Analytics Platform",Bangalore,1550000.0,2,2015-05-04,2016-01-27
Applied Solar Technologies,CleanTech & Energy,,Mumbai,40000000.0,1,2015-06-08,2015-06-08
Applop,Other,,Kolkata,100000.0,1,2015-12-04,2015-12-04
AppsDaily,Consumer Internet & Tech,"Mobile Phone Theft, Damage Protection platform",Mumbai,3750000.0,1,2016-10-04,2016-10-04
Appsdaily,,,,16000000.0,1,2015-03-31,2015-03-31
Appvigil,Other,,Mumbai,500000.0,1,2015-08-06,2015-08-06
Arcatron,Consumer Internet & Tech,Next Gen Mobility device manufacturer,Pune,0.0,1,2017-07-12,2017-07-12
Arcatron Mobility,Consumer Internet & Tech,Mobility Devices for differently abled,Pune,100000.0,2,2016-03-04,2016-05-25
Ark Robot,Consumer Internet & Tech,Warehouse Automation,Bangalore,350000.0,1,2016-02-18,2016-02-18
Arkin Net,SaaS & Enterprise Tech,,Pune,15000000.0,1,2015-06-03,2015-06-03
Arohan Financial Services,,,,10000000.0,1,2015-03-30,2015-03-30
Arth DesignBuild,Other,,Hyderabad,500000.0,1,2015-06-01,2015-06-01
Artoo,,,,500000.0,1,2015-03-25,2015-03-25
Arya.ai,SaaS & Enterprise Tech,,Mumbai,750000.0,1,2015-12-22,2015-12-22
Aryaka,,,,16000000.0,1,2015-03-31,2015-03-31
Asia Institute Of Medical Science,Healthtech,Super-specialty Hospital,Faridabad,21000000.0,1,2018-02-05,2018-02-05
AskMyGift,Other,,Noida,50000.0,1,2015-10-14,2015-10-14
Asocon,Consumer Internet & Tech,Process management startup,Noida,0.0,1,2016-12-23,2016-12-23
Ather Energy,B2B & Industrial,Electric Vehicle,Bangalore,90000000.0,3,2015-05-30,2019-05-28
Athletto,Consumer Internet & Tech,Sports Venue discovery and booking platform,Bangalore,0.0,1,2016-06-16,2016-06-16
Atlan,Consumer Internet & Tech,Big Data,Singapore,2500000.0,1,2019-07-02,2019-07-02
Atomberg,Consumer Internet & Tech,"smart, energy efficient home appliance manufacturer",Mumbai,1000000.0,1,2016-06-02,2016-06-02
Atomberg Technology,Consumer Internet & Tech,"Consumer Electronics, Home Appliances",Mumbai,10000000.0,1,2019-09-04,2019-09-04
Attune Technologies,Healthtech,,Chennai,10000000.0,1,2015-10-20,2015-10-20
Augrav,E-Commerce,Personalized precious Jewellery etailer,Coimbatore,450000.0,1,2016-07-14,2016-07-14
AutoGrid,Consumer Internet & Tech,AI-Based Energy Optimisation and Control Provider,Bangalore,32000000.0,1,2018-09-11,2018-09-11
AutoSense,Consumer Internet & Tech,Data Analytics based Customer Management Services,Delhi,0.0,1,2016-06-11,2016-06-11
Autobix,Consumer Internet & Tech,Software Solutions for Auto Dealership,Pune,0.0,1,2017-04-27,2017-04-27
Automation Anywhere,SaaS & Enterprise Tech,Robotics,California,300000000.0,1,2018-11-19,2018-11-19
Autorox.co,Consumer Internet & Tech,Workshop Management Software Platform,Hyderabad,3000000.0,1,2017-07-10,2017-07-10
Avagmah,Consumer Internet & Tech,Online Education Portal,Bangalore,0.0,1,2016-03-16,2016-03-16
Avail Finance,Fintech,FinTech,Bangalore,9000000.0,1,2019-06-03,2019-06-03
AvailFinance,Consumer Internet & Tech,Online Lending Platform,Bangalore,17200000.0,1,2018-03-14,2018-03-14
Avanti Learning,Edtech,Private Coaching Classes,Delhi,6500000.0,2,2015-04-22,2016-02-17
Avenue Growth,Consumer Internet & Tech,Online Platform That Connects Brands With Freelance Sales Professionals,Gurgaon,437000.0,1,2018-07-10,2018-07-10
Avishkaar Box,Edtech,Education,Delhi,772500.0,1,2018-02-26,2018-02-26
Awaaz De,Consumer Internet & Tech,Mobile Solutions for Social Impact,Ahmedabad,0.0,2,2015-05-18,2018-02-13
Awesummly,Consumer Internet & Tech,Short News Mobile App,Bangalore,147000.0,1,2016-11-22,2016-11-22
Awfis,Consumer Internet & Tech,Collaborative co-Working Spaces,Mumbai,20000000.0,1,2017-04-26,2017-04-26
Awign,Consumer Internet & Tech,Operations and manpower outsourcing,Bangalore,0.0,1,2017-08-23,2017-08-23
Axio,Healthtech,Hemostatic Dressing Solutions,Bangalore,7400000.0,1,2018-01-26,2018-01-26
Axtria,SaaS & Enterprise Tech,,,30000000.0,1,2015-07-08,2015-07-08
Aye Finance,Fintech,Financial Services To MSMEs,Gurgaon,34651265.0,4,2015-12-09,2019-11-20
AyeFinance,Fintech,Online Lending Platform,Gurgaon,29900000.0,3,2018-02-19,2018-06-10
Azah,Healthtech,Organic wellness,Gurgaon,200000.0,1,2019-04-12,2019-04-12
Azuro,Consumer Internet & Tech,Rental Property Finder platform,Mumbai,0.0,1,2016-10-05,2016-10-05
B9 Beverages,Food & Beverage,Craft Beer manufacturing company,Delhi,6000000.0,1,2016-01-04,2016-01-04
BHIVE,Real Estate & PropTech,Workspace Rentals,Bangalore,0.0,1,2016-02-05,2016-02-05
BHIVE Workspace,Consumer Internet & Tech,co-working spaces,Bangalore,1200000.0,1,2017-06-06,2017-06-06
BRIDGEi2I,Consumer Internet & Tech,Data Analytics Platform,Bangalore,0.0,1,2016-06-01,2016-06-01
BYG,Consumer Internet & Tech,Fitness centre Discovery & Booking Mobile app,Bangalore,0.0,1,2016-06-17,2016-06-17
BYJU\\xe2\\x80\\x99s,Consumer Internet & Tech,Online Learning platform,Bangalore,15000000.0,1,2016-12-20,2016-12-20
BYJU’S,Edtech,E-learning,Bangalore,200000000.0,1,2020-01-09,2020-01-09
Babajobs,HR & Recruitment,,Bangalore,10000000.0,1,2015-04-28,2015-04-28
Baby Berry,Consumer Internet & Tech,Parenting Mobile app,Bangalore,1000000.0,1,2016-02-22,2016-02-22
BabyChakra,Consumer Internet & Tech,Parenting and Child Care portal,Mumbai,0.0,1,2016-10-18,2016-10-18
Babychakra,Other,,Mumbai,0.0,1,2015-06-17,2015-06-17
Babygogo,Consumer Internet & Tech,Child healthcare experts aggregator mobile app,Delhi,300000.0,1,2016-03-29,2016-03-29
BabyonBoard,Consumer Internet & Tech,Parenting Mobile App,Bangalore,0.0,1,2017-03-24,2017-03-24
Badiyajobs,Consumer Internet & Tech,Entry-Level job Seekers platform,Delhi,100000.0,1,2016-12-02,2016-12-02
BaggOut,E-Commerce,Women s Fashion etailer,Delhi,0.0,1,2016-07-15,2016-07-15
Balance App,Consumer Internet & Tech,Money Savings & Management App,Bangalore,233000.0,1,2017-05-05,2017-05-05
Banihal,Other,,Delhi,0.0,1,2015-06-22,2015-06-22
Bank Bazaar,Consumer Internet & Tech,Online Financial Marketplace,Chennai,7000000.0,1,2017-10-18,2017-10-18
BankBazaar,Fintech,,Chennai,60000000.0,1,2015-07-02,2015-07-02
BankerBay,Consumer Internet & Tech,Online Investment Banking platform,Bangalore,2000000.0,1,2016-07-15,2016-07-15
Bats on delivery,Consumer Internet & Tech,"Online food, Grocery ordering & Delivery",Gurgaon,90000.0,1,2016-11-21,2016-11-21
Baxi,Logistics & Transport,,Gurgaon,1450000.0,1,2015-11-30,2015-11-30
Be U Salons,Consumer Internet & Tech,Online Salon discovery & Booking Services,Delhi,620000.0,1,2017-04-17,2017-04-17
BeaconsTalk,Consumer Internet & Tech,contextual mobile advertising,Mumbai,180000.0,2,2015-10-30,2016-04-14
Beardo,E-Commerce,Mens Grooming products etailer,Ahmedabad,500000.0,1,2016-09-28,2016-09-28
BeatRoute,Consumer Internet & Tech,SAAS based mobile application platform,Gurgaon,0.0,1,2016-10-14,2016-10-14
BedBathMore,Consumer Internet & Tech,Home Decor eMarketplace,Mumbai,0.0,1,2016-05-16,2016-05-16
Belita,Fashion & Lifestyle,,Mumbai,400000.0,1,2015-08-26,2015-08-26
Belong,Consumer Internet & Tech,Online Jon Portal,Bangalore,10000000.0,1,2017-03-01,2017-03-01
Benepik,Consumer Internet & Tech,Enhanced Employee Engagement Platform,Gurgaon,0.0,1,2018-04-02,2018-04-02
Bestdealfinance,Fintech,,Mumbai,3000000.0,1,2015-09-22,2015-09-22
BetaOut,Consumer Internet & Tech,ECommerce Marketing Software,Noida,0.0,1,2017-01-24,2017-01-24
Betaout,E-Commerce,customer intelligence and marketing automation platform,Noida,1500000.0,1,2016-04-19,2016-04-19
Better Mortgage,Consumer Internet & Tech,Mortgage Offering Platform,Gurgaon,15000000.0,1,2017-02-13,2017-02-13
BetterButter.in,Food & Beverage,,Delhi,0.0,1,2015-08-28,2015-08-28
BetterPlace,Consumer Internet & Tech,Data analytics based Verification services Platform,Bangalore,970000.0,1,2016-02-16,2016-02-16
Betterplace,Consumer Internet & Tech,Background Verification Services,Bangalore,0.0,1,2016-11-24,2016-11-24
Bevy,HR & Recruitment,,Bangalore,0.0,1,2015-07-27,2015-07-27
Bewakoof,,,,0.0,1,2015-01-07,2015-01-07
Beyond Evolution,Consumer Internet & Tech,Mobile Apps & Tech Services provider,Gurgaon,0.0,1,2016-08-24,2016-08-24
Bharat Bazaar,E-Commerce,Online B2B Marketplace,Mumbai,0.0,1,2016-10-04,2016-10-04
BharatPe,Fintech,FinTech,Delhi,75000000.0,1,2019-06-04,2019-06-04
BhiveWorkspace,Consumer Internet & Tech,Co-Working Spaces,Bangalore,1000000.0,1,2016-05-18,2016-05-18
BiBox,Other,,Bangalore,530000.0,1,2015-11-17,2015-11-17
Bidgely,CleanTech & Energy,,,16600000.0,1,2015-11-03,2015-11-03
Big Basket,E-Commerce,Online Grocery portal,Bangalore,5000000.0,1,2017-10-26,2017-10-26
Big Fish Ventures,Food & Beverage,premium dining lounges Chain,Delhi,11100000.0,1,2016-03-10,2016-03-10
BigBasket,Consumer Internet & Tech,Online Grocery & Food Store,Bangalore,507000000.0,4,2015-08-12,2018-02-01
BigStylist,Consumer Internet & Tech,Beauty Services Marketplace,Mumbai,2150000.0,2,2016-09-06,2017-07-28
BigStylist.com,E-Commerce,,Mumbai,1000000.0,1,2015-11-09,2015-11-09
Bikxie,Consumer Internet & Tech,Two Wheeler Taxi Service,Gurgaon,0.0,1,2016-01-07,2016-01-07
BillDesk,,,,75000000.0,1,2015-03-30,2015-03-30
Billion Loans,Consumer Internet & Tech,Peer to Peer Lending platform,Bangalore,1000000.0,1,2017-07-01,2017-07-01
Bira91,Food & Beverage,Brewery,Delhi,15600000.0,2,2019-05-31,2019-06-04
Biryani Blues,Food & Beverage,QSR Chain,Gurgaon,368000.0,1,2016-06-30,2016-06-30
Biryani By Kilo,Consumer Internet & Tech,Online Food Delivery,Gurgaon,1375000.0,2,2017-02-27,2018-07-02
BitGiving,Consumer Internet & Tech,Crowd Funding Platform,Delhi,0.0,1,2016-01-29,2016-01-29
Bite Club,,,,500000.0,1,2015-03-09,2015-03-09
Biteclub,Food & Beverage,,Gurgaon,0.0,1,2015-12-01,2015-12-01
Bitla Software,Consumer Internet & Tech,Travel-Focused Tech Startup,Bangalore,0.0,1,2018-07-26,2018-07-26
Biz2Credit,Fintech,Online Lending Platform,New York,52000000.0,1,2019-06-06,2019-06-06
Bizom,Consumer Internet & Tech,supply chain automation platform,Bangalore,382000.0,1,2017-03-24,2017-03-24
Bizongo,Consumer Internet & Tech,Aggregator For Packaging Material,Mumbai,25000000.0,3,2015-10-12,2018-05-02
Black Soil,Fintech,Non-Banking Financial Company,Mumbai,17000000.0,1,2018-07-25,2018-07-25
Black White Orange,B2B & Industrial,,Mumbai,303000.0,1,2015-12-24,2015-12-24
Black White Orange Brands,Media & Entertainment,,Mumbai,0.0,1,2015-12-01,2015-12-01
BlackBuck,Logistics & Transport,Logistics,Bangalore,182700000.0,3,2015-12-10,2019-05-01
Blackbuck,Food & Beverage,POS For Online Ordering,New York,85680000.0,3,2017-02-28,2018-11-12
Blinge,E-Commerce,Apparel Rental platform,Mumbai,0.0,1,2016-05-17,2016-05-17
BlogBeats,Consumer Internet & Tech,Online Blogging Platform,Bangalore,0.0,1,2016-06-28,2016-06-28
Blood n Care,Consumer Internet & Tech,First Aid care app,Gurgaon,40000.0,1,2017-02-18,2017-02-18
Blowhorn,Consumer Internet & Tech,Intra-City Logistics provider,Bangalore,3650000.0,1,2017-03-07,2017-03-07
Blubox,E-Commerce,,Mumbai,100000.0,1,2015-09-04,2015-09-04
Blue Box Media,Consumer Internet & Tech,Online Tech Portals,Jaipur,0.0,1,2016-04-15,2016-04-15
Blue Tokai Coffee,E-Commerce,Specialty Coffee Etailer,Delhi,0.0,1,2016-02-01,2016-02-01
BlueStone,E-Commerce,Jewellery Etailer,Mumbai,30000000.0,1,2016-07-18,2016-07-18
Bluebirch,Logistics & Transport,,Bangalore,2000000.0,1,2015-12-16,2015-12-16
Bluegape,Media & Entertainment,,Gurgaon,200000.0,1,2015-04-04,2015-04-04
Bluegape.com,Other,,Delhi,600000.0,1,2015-08-20,2015-08-20
Board Infinity,Edtech,Full-stack career platform,Mumbai,319605.0,1,2019-07-08,2019-07-08
Bobble,Other,,Delhi,0.0,1,2015-11-05,2015-11-05
BoiBanit,Consumer Internet & Tech,Online Food Delivery platform,Vadodara,0.0,1,2016-05-03,2016-05-03
BolRealty,Real Estate & PropTech,,Delhi,0.0,1,2015-10-16,2015-10-16
Bollant Industries,Consumer Internet & Tech,Eco-friendly consumer & packaging products,Hyderabad,0.0,1,2016-02-17,2016-02-17
Bolo App,Media & Entertainment,Video Platform,Bangalore,430200.0,1,2019-06-10,2019-06-10
Bombay Shaving Company,E-Commerce,Men Grooming product etailer,Delhi,2900000.0,2,2016-08-10,2017-08-23
Bombay Shirt Company,E-Commerce,Online custom Shirt retailer,Mumbai,1000000.0,1,2016-06-13,2016-06-13
Bona Vita,Travel & Hospitality,,Gurgaon,5000000.0,1,2015-07-31,2015-07-31
Bonhomia,Food & Beverage,Premium Tea & Coffee Capsules maker,Delhi,3000000.0,3,2015-04-09,2016-06-14
Bonphulapl,CleanTech & Energy,Oxygen Optimiser Manufacturer,Delhi,293000.0,1,2018-05-24,2018-05-24
Book My Diamond,E-Commerce,Diamond B2B eTailer,Mumbai,0.0,1,2017-05-11,2017-05-11
Book My Show,Consumer Internet & Tech,Online Ticketing Platform,Mumbai,100000000.0,1,2018-07-19,2018-07-19
Book Servicing,Consumer Internet & Tech,Online Vehicle Services Booking platform,Delhi,30000.0,1,2017-03-07,2017-03-07
BookEventz,Consumer Internet & Tech,"Venue, Events Booking platform",Mumbai,0.0,3,2015-12-15,2016-12-28
BookMeIn,Other,,Mumbai,400000.0,1,2015-08-24,2015-08-24
BookMyBai,Other,,Mumbai,150000.0,1,2015-11-05,2015-11-05
BookMyShow,Consumer Internet & Tech,Event & Movie Ticketing platform,Mumbai,82000000.0,1,2016-07-05,2016-07-05
Bottr.me,Consumer Internet & Tech,Chatbot creation tool,Bangalore,0.0,1,2017-07-12,2017-07-12
Bounty App,Other,,Bangalore,0.0,1,2015-10-15,2015-10-15
Box My Space,Logistics & Transport,Warehouse Aggregator,Mumbai,0.0,1,2017-08-04,2017-08-04
Box8,Consumer Internet & Tech,Food Delivery Platform,Mumbai,12000000.0,3,2015-05-07,2017-05-23
Boxmyspace,Other,,Mumbai,300000.0,1,2015-07-14,2015-07-14
Boxx.ai,Consumer Internet & Tech,Artificial Intelligence,Bangalore,500000.0,1,2017-06-12,2017-06-12
Brick2Wall,E-Commerce,Online Marketplace for Construction Material,Gurgaon,200000.0,1,2017-07-21,2017-07-21
Brigge,Social & Community,,Chennai,0.0,1,2015-09-29,2015-09-29
Briston Technomach,IoT & Hardware,,Delhi,150000.0,1,2015-09-18,2015-09-18
Bro4U,Logistics & Transport,,Bangalore,0.0,1,2015-11-30,2015-11-30
BroEx,Real Estate & PropTech,,Gurgaon,1000000.0,1,2015-07-24,2015-07-24
Broomberg,Consumer Internet & Tech,Cleaning Services Provider,Delhi,0.0,1,2016-04-20,2016-04-20
Browntape,Consumer Internet & Tech,cloud-based software solutions company,Goa,0.0,1,2016-11-04,2016-11-04
BrowserStack,Consumer Internet & Tech,Browser Testing,Mumbai,50000000.0,1,2018-01-30,2018-01-30
Bucker,Consumer Internet & Tech,Food Ordering Mobile App,Hyderabad,0.0,1,2016-01-13,2016-01-13
Buddy,Fintech,Micro Lending Platform for eCommerce purchases,Bangalore,500000.0,1,2016-02-15,2016-02-15
Buddy4studdy,Consumer Internet & Tech,Online Scholarship Portal,Noida,3000000.0,1,2018-03-01,2018-03-01
Bueno,Food & Beverage,,Gurgaon,600000.0,1,2015-09-17,2015-09-17
BuildSupply,E-Commerce,"Real Estate, ERP",Gurgaon,3500000.0,1,2018-12-06,2018-12-06
BuildTraders,E-Commerce,Online Construction Materials Marketplace,Bangalore,200000.0,1,2016-09-08,2016-09-08
Buildkar,E-Commerce,Construction Material Marketplace,Bangalore,0.0,1,2016-01-14,2016-01-14
Buildzar,E-Commerce,Construction Material ETailer,Gurgaon,4000000.0,1,2016-01-27,2016-01-27
Bumper,Other,,Bangalore,500000.0,1,2015-12-28,2015-12-28
Burger Singh,Food & Beverage,Indian Burger Brand,Gurgaon,500000.0,2,2015-10-06,2019-11-17
Buttercups,E-Commerce,Women Intimate Wear eTailer,Bangalore,0.0,2,2015-06-30,2016-08-15
Butterfly Interactive,E-Commerce,,Delhi,0.0,1,2015-11-30,2015-11-30
BuyHatke,Other,,Bangalore,1000000.0,1,2015-05-08,2015-05-08
Byju\\xe2\\x80\\x99s,Consumer Internet & Tech,Mobile Learning App,Bangalore,160000000.0,4,2016-03-22,2017-07-25
CAKART.in,E-Commerce,,Bangalore,0.0,1,2015-06-18,2015-06-18
CBREX,HR & Recruitment,,Mumbai,200000.0,1,2015-12-18,2015-12-18
CBS,,,,16000.0,1,2015-01-19,2015-01-19
CCAvenue,Consumer Internet & Tech,Online Payment Gateway,Mumbai,22400000.0,1,2017-02-14,2017-02-14
CCavenue,Consumer Internet & Tech,Payment Gateway,Mumbai,8900000.0,1,2016-05-31,2016-05-31
CREO,Consumer Internet & Tech,Smartphone OS Developer,Bangalore,3000000.0,1,2016-01-21,2016-01-21
CRON Systems,Consumer Internet & Tech,Border Intrusion Alert Solutions,Delhi,0.0,1,2017-01-23,2017-01-23
CaRPM,Other,,Gurgaon,100000.0,1,2015-12-04,2015-12-04
Cabsguru,Logistics & Transport,,Delhi,200000.0,1,2015-12-14,2015-12-14
Call Health,Consumer Internet & Tech,Healthcare Services Aggregator,Hyderabad,6200000.0,1,2017-09-11,2017-09-11
Campus Diaries,Consumer Internet & Tech,Student focussed Content Discovery portal,Bangalore,220000.0,1,2016-06-30,2016-06-30
CanvasFlip,Other,,Hyderabad,1200000.0,1,2015-09-14,2015-09-14
Canvera,Consumer Internet & Tech,Online Photography platform,Mumbai,6500000.0,3,2015-12-24,2017-09-01
Canvs,Consumer Internet & Tech,Community Platform for Artists and Designers,Mumbai,0.0,1,2016-09-27,2016-09-27
Capabiliti,Other,,Noida,400000.0,1,2015-09-24,2015-09-24
Capillary,Consumer Internet & Tech,SaaS,Bangalore,20000000.0,1,2018-02-21,2018-02-21
Capillary Tech,SaaS & Enterprise Tech,,Delhi,45000000.0,1,2015-09-02,2015-09-02
Capita World,Consumer Internet & Tech,Artificial Intelligence Platform to Raise Funds,Mumbai,0.0,1,2017-12-13,2017-12-13
Capital Float,Fintech,Online Lending Platform,Bangalore,64800000.0,5,2015-02-11,2018-04-23
Capricoast,E-Commerce,,Bangalore,4750000.0,2,2015-04-13,2015-12-14
Capzest,Consumer Internet & Tech,Digital Lending Platform,Mumbai,200000.0,1,2016-02-10,2016-02-10
CarDekho,E-Commerce,Automobile,Gurgaon,200000000.0,4,2015-05-22,2019-12-06
CarDekho.com,,,,50000000.0,2,2015-01-27,2015-02-09
CarTrade,Consumer Internet & Tech,Auto Classifieds Portal,Mumbai,145000000.0,1,2016-01-13,2016-01-13
CarTrade.com,,,,0.0,1,2015-02-10,2015-02-10
Caratlane.com,,,,31000000.0,1,2015-01-22,2015-01-22
Caravan Craft,E-Commerce,,Bangalore,1200000.0,1,2015-11-21,2015-11-21
Caravan Craft Retail,,,,500000.0,1,2015-02-24,2015-02-24
Carcrew.in,Consumer Internet & Tech,Online Car repair Marketplace,Mumbai,500000.0,1,2016-11-30,2016-11-30
Care24,Healthtech,Professional Health Services Platform,Mumbai,4350000.0,2,2015-10-27,2016-01-13
Career Anna,Edtech,"Video-based certification, trainings",Gurgaon,572000.0,1,2018-12-02,2018-12-02
Career360,Edtech,College Education Portal,Delhi,0.0,1,2016-01-04,2016-01-04
CareonGO,Consumer Internet & Tech,Online Pharmacy,,0.0,1,2016-04-27,2016-04-27
Careongo,E-Commerce,Online Pharmacy store,Delhi,300000.0,1,2016-02-18,2016-02-18
Carl\\xe2\\x80\\x99s Jr,Food & Beverage,,Gurgaon,630000.0,1,2015-08-07,2015-08-07
Cars24,E-Commerce,Car Retail,Gurgaon,60700000.0,2,2018-07-17,2019-08-13
Cartisan,Other,,Bangalore,0.0,1,2015-07-30,2015-07-30
Cartrade,Consumer Internet & Tech,Automobile Classifieds Portal,Mumbai,55000000.0,1,2017-02-08,2017-02-08
CarveNiche,Consumer Internet & Tech,Personalized Learning Solutions & products,Bangalore,0.0,1,2016-02-25,2016-02-25
Casa2inns,Travel & Hospitality,,Delhi,5000000.0,1,2015-05-27,2015-05-27
Cash Suvidha,Consumer Internet & Tech,Online loan platform,Delhi,3700000.0,2,2017-12-15,2018-03-26
CashFree,Consumer Internet & Tech,Payments Platform for Marketplaces and Fintechs,Delhi,120000.0,1,2017-10-28,2017-10-28
Cashe,Consumer Internet & Tech,app-only lending platform,Mumbai,6900000.0,2,2017-04-01,2017-10-23
Cashflo,Fintech,Invoice discounting platform and SME lending marketplace,Mumbai,3300000.0,1,2019-09-04,2019-09-04
Cashify,E-Commerce,Online Selling,Gurgaon,935089.0,1,2018-02-12,2018-02-12
Cashkaro,Consumer Internet & Tech,Coupon & Cashback platform,Gurgaon,0.0,1,2016-01-19,2016-01-19
Cashkaro.com,E-Commerce,,Gurgaon,3700000.0,1,2015-11-16,2015-11-16
Cashkumar,Consumer Internet & Tech,P2P Lending Platform,Bangalore,735000.0,1,2018-05-22,2018-05-22
Celerix,Consumer Internet & Tech,Fintech Product Development & Services Startup,Bangalore,400000.0,1,2016-06-21,2016-06-21
Celes Care,Consumer Internet & Tech,Women Healthcare & Information portal,Hyderabad,2500000.0,2,2016-09-28,2017-03-02
Cerebroz,Consumer Internet & Tech,E-Tech platform,Vadodara,734000.0,1,2017-08-21,2017-08-21
Chaayos,E-Commerce,Online Chai ordering platform,Gurgaon,3000000.0,2,2015-05-19,2017-10-13
Chai Point,Consumer Internet & Tech,Tea Delivery Portal & offline stores,Bangalore,0.0,1,2017-08-03,2017-08-03
Chai Thela,Food & Beverage,Quick Service Restaurants,Noida,218000.0,1,2016-11-30,2016-11-30
ChaiPoint,Food & Beverage,,Bangalore,10000000.0,1,2015-09-16,2015-09-16
Chakr Innovation,CleanTech & Energy,Renewable Energy,Delhi,26000000.0,1,2019-06-06,2019-06-06
Changer Mints,Fintech,,Kolkata,165000.0,1,2015-04-09,2015-04-09
ChargeBee,,,,5000000.0,1,2015-03-11,2015-03-11
Chargebee,Consumer Internet & Tech,Subscription Billing & Recurring Payments Software,Chennai,18000000.0,1,2018-03-22,2018-03-22
Chargein,,,,100000.0,1,2015-03-27,2015-03-27
ChatOnGo,Consumer Internet & Tech,Hyperlocal Communication Mobile app,Mumbai,300000.0,1,2016-10-21,2016-10-21
CheersOye!,Consumer Internet & Tech,Online Gift Vouchers platform,Mumbai,500000.0,1,2016-09-06,2016-09-06
Chefs Basket,Food & Beverage,,Mumbai,6000000.0,1,2015-11-10,2015-11-10
Chevon,Food & Beverage,Frozen Meat provider,Mumbai,0.0,1,2017-10-24,2017-10-24
Chikoop,Consumer Internet & Tech,Free Ad based Voice Calling,Indore,0.0,1,2016-06-01,2016-06-01
Chillr,Other,,Mumbai,76000000.0,2,2015-10-03,2015-12-10
ChipperSage,Consumer Internet & Tech,Online learning platform,Bangalore,0.0,1,2017-01-23,2017-01-23
Chloroplast Foods,,,,16600.0,1,2015-02-02,2015-02-02
ChqBook,Consumer Internet & Tech,Home Loans Aggregation platform,Gurgaon,0.0,1,2017-10-03,2017-10-03
Chrysalis,Edtech,Education Services Provider,Pune,0.0,1,2018-06-19,2018-06-19
Chumbak,Fashion & Lifestyle,Designer-led consumer products,Bangalore,14700000.0,2,2017-07-14,2017-11-28
Chymera VR,Consumer Internet & Tech,Advertising Platform for Virtual Reality,Bangalore,0.0,1,2017-05-10,2017-05-10
CimplyFive,,,,0.0,1,2015-02-13,2015-02-13
Citrus Payment,Fintech,,Mumbai,25000000.0,1,2015-10-19,2015-10-19
CityFlo,Real Estate & PropTech,,Mumbai,750000.0,1,2015-11-02,2015-11-02
CityFurnish,Consumer Internet & Tech,Online Furniture Renting Platform,Gurgaon,0.0,2,2015-12-23,2016-07-13
CityShor,Consumer Internet & Tech,online lifestyle media recommendation portal,Ahmedabad,0.0,1,2016-03-22,2016-03-22
Civilsdaily,Consumer Internet & Tech,Civil Services News Aggregator,Delhi,0.0,1,2016-03-04,2016-03-04
Clapsnslaps,Other,,Mumbai,150000.0,1,2015-09-04,2015-09-04
CleanseCar,Consumer Internet & Tech,Car Wash,Bangalore,500000.0,1,2018-11-14,2018-11-14
ClearTax,Consumer Internet & Tech,Online filing of Tax returns,Bangalore,1300000.0,1,2016-04-26,2016-04-26
Cleartax,Consumer Internet & Tech,Online Tax Filing Platform,Delhi,14000000.0,3,2015-10-01,2016-06-17
Cleartrip,Consumer Internet & Tech,Online Travel Agency,Mumbai,0.0,1,2016-06-21,2016-06-21
CleverSharks,,,,16600.0,1,2015-02-02,2015-02-02
CleverTap,SaaS & Enterprise Tech,Mobile analytics and marketing,Mumbai,26000000.0,2,2018-01-02,2019-04-11
Click2Clinic,Consumer Internet & Tech,healthcare service aggregator,Hyderabad,850000.0,1,2017-08-02,2017-08-02
Clip App,Consumer Internet & Tech,Digital Media Video platform,Bangalore,1000000.0,1,2017-07-07,2017-07-07
Clodura,Consumer Internet & Tech,Intelligent Sales Assistant,Pune,0.0,1,2017-02-02,2017-02-02
Clonect Solutions,,,,250000.0,1,2015-02-25,2015-02-25
Cloud Lending,Fintech,,Bangalore,8000000.0,1,2015-10-09,2015-10-09
Cloudacar,Consumer Internet & Tech,Carpooling Mobile App,Pune,0.0,1,2016-03-09,2016-03-09
Cloudcherry Analytics,SaaS & Enterprise Tech,,Chennai,1000000.0,1,2015-07-01,2015-07-01
Cloudrino,Consumer Internet & Tech,Cloud based Virtual Servers,Delhi,22500.0,1,2017-01-30,2017-01-30
Clovia,E-Commerce,Online lingerie & Sleepwear etailer,Delhi,9000000.0,2,2015-06-09,2017-04-12
Clumio,SaaS & Enterprise Tech,Recovery software,San Jose,135000000.0,1,2019-11-20,2019-11-20
Co Life,Consumer Internet & Tech,shared living and working spaces platform,Bangalore,1000000.0,1,2016-09-21,2016-09-21
Codemojo,Consumer Internet & Tech,Customer Engagement Platform,Bangalore,0.0,1,2016-09-20,2016-09-20
CodingLabs,Consumer Internet & Tech,Coding Skill Showcase & Resume Builder,Hyderabad,0.0,1,2016-01-29,2016-01-29
CoinTribe,Fintech,Credit-Based Lending Marketplace For Small And Medium Enterprises,Gurgaon,10000000.0,1,2018-06-01,2018-06-01
CollPoll,Consumer Internet & Tech,Education collaboration platform,Bangalore,306000.0,1,2017-10-04,2017-10-04
CollateBox,,,,180000.0,1,2015-03-20,2015-03-20
Collateral Medical,E-Commerce,Online Medical equipment supplier,Mumbai,3500000.0,1,2017-05-29,2017-05-29
Collectabillia,Media & Entertainment,,Bangalore,7500000.0,1,2015-07-08,2015-07-08
CollegeDekho,Consumer Internet & Tech,Online platform for Higher Education Services,Gurgaon,5000000.0,3,2015-12-01,2018-02-05
CollegeDunia,Consumer Internet & Tech,Educational College Search platform,Delhi,445000.0,1,2016-01-19,2016-01-19
Comarete,Consumer Internet & Tech,Telecom & Media IT services company,Pune,200000.0,1,2016-05-04,2016-05-04
Commeasure,Travel & Hospitality,,Noida,1000000.0,1,2015-04-13,2015-04-13
Commonfloor,,,,5000000.0,1,2015-01-07,2015-01-07
Commut,Consumer Internet & Tech,Shuttle Service Provider,Hyderabad,200000.0,1,2016-04-25,2016-04-25
ConfirmTKT,Consumer Internet & Tech,Train PNR Status Prediction Platform,Bangalore,250000.0,1,2016-01-08,2016-01-08
ConfirmtTkt,Other,,Bangalore,0.0,1,2015-07-06,2015-07-06
Connaizen,Consumer Internet & Tech,Data Analytics platform,Delhi,0.0,2,2017-01-20,2017-02-14
Connect India,Logistics & Transport,Last mile Delivery Network,Bangalore,6000000.0,2,2015-08-03,2016-11-04
ConnectAbank,Fintech,,Mumbai,0.0,1,2015-09-21,2015-09-21
Consure Medical,Healthtech,Medical Devices Kit manufacturer,Delhi,0.0,1,2016-05-26,2016-05-26
Convegenius,Edtech,Edutainment platform,Noida,1200000.0,2,2015-11-17,2016-08-24
Cooey,Healthtech,,Bangalore,470000.0,1,2015-05-19,2015-05-19
Cookaroo,Consumer Internet & Tech,Food Delivery Platform,Bangalore,0.0,1,2016-03-08,2016-03-08
Cookifi,Consumer Internet & Tech,Online Chef Discovery & Booking Service,Bangalore,0.0,1,2016-06-08,2016-06-08
Coolshare,Logistics & Transport,,Mumbai,100000.0,1,2015-12-07,2015-12-07
Coppre,E-Commerce,Copper based items etailer,Pune,0.0,1,2016-10-18,2016-10-18
Corporate360,,,,200000.0,1,,
Corseco,Consumer Internet & Tech,AI-based Software as a Service Solution provider,Delhi,150000.0,1,2016-11-04,2016-11-04
CouponRaja,Other,,Mumbai,500000.0,1,2015-06-16,2015-06-16
CoutLoot,E-Commerce,Fashion Resale Marketplace,Mumbai,0.0,1,2017-08-04,2017-08-04
Coutloot,E-Commerce,Fashion Re-Commerce Platform,Mumbai,0.0,1,2016-06-02,2016-06-02
CoveIoT,Consumer Internet & Tech,Wearable tech and Internet of Things platform,Bangalore,5000000.0,1,2017-11-07,2017-11-07
CoverFox,Consumer Internet & Tech,Online insurance brokerage platform,Mumbai,15000000.0,1,2017-06-12,2017-06-12
Coverfox,Consumer Internet & Tech,Online Insurance Aggregator,Mumbai,43600000.0,4,2015-04-24,2018-04-18
CraftsVilla,E-Commerce,,Mumbai,34000000.0,1,2015-11-17,2015-11-17
Craftstvilla,E-Commerce,,Mumbai,18000000.0,1,2015-04-23,2015-04-23
Craftsvilla,E-Commerce,Fashion and Apparel,Mumbai,2443495.0,1,2019-04-10,2019-04-10
Crayon Data,Consumer Internet & Tech,Customer Engagement Platform,Delhi,0.0,2,2015-11-24,2017-11-07
Creator\\xe2\\x80\\x99s Gurukul,Consumer Internet & Tech,Co-Working Space Provider,Delhi,0.0,1,2017-07-26,2017-07-26
CredR,E-Commerce,,Mumbai,30000000.0,3,2015-06-01,2015-09-12
CrediHealth,Consumer Internet & Tech,Online Medical Assistance platform,Gurgaon,1500000.0,1,2017-04-17,2017-04-17
Credifiable,Consumer Internet & Tech,Online consumer lending platform,Bangalore,0.0,1,2017-09-26,2017-09-26
Credihealth,Healthtech,,Gurgaon,0.0,1,2015-09-23,2015-09-23
Credit Mate,Consumer Internet & Tech,Vehicle loan approval platform,Mumbai,0.0,1,2017-11-21,2017-11-21
Credit Sudhaar,Consumer Internet & Tech,Credit Score Improvement platform,Mumbai,0.0,1,2017-04-05,2017-04-05
Credit Vidya,Consumer Internet & Tech,Online Credit scoring platform,Mumbai,5000000.0,1,2017-09-07,2017-09-07
CreditMantri,Consumer Internet & Tech,Online Credit score & lending platform,Chennai,10100000.0,2,2015-06-26,2017-03-02
CreditMate,Consumer Internet & Tech,Credit Report Info platform,Mumbai,500000.0,1,2016-10-25,2016-10-25
CreditSeva,Consumer Internet & Tech,Online Credit management tools,Hyderabad,360000.0,1,2016-03-22,2016-03-22
CreditVidya,Consumer Internet & Tech,Credit Scoring Platform,Mumbai,1000000.0,1,2016-06-07,2016-06-07
Credright,Consumer Internet & Tech,Lending Platform For SMEs,Hyderabad,1300000.0,1,2018-05-31,2018-05-31
Credy,Consumer Internet & Tech,SaaS,Bangalore,1400000.0,1,2018-02-28,2018-02-28
CroFarm,Consumer Internet & Tech,Agriculture Supply Chain solutions,Gurgaon,783000.0,1,2017-08-09,2017-08-09
Crofarm,Consumer Internet & Tech,Agri-Tech supply chain Solution provider,Gurgaon,1500000.0,1,2016-08-12,2016-08-12
CropIn,Consumer Internet & Tech,Agriculture Technology Solutions,Bangalore,2000000.0,1,2016-08-30,2016-08-30
Cropin,Consumer Internet & Tech,Crop Technology Solutions,Bangalore,0.0,1,2017-09-25,2017-09-25
Crossahead,Consumer Internet & Tech,Creative Artists Discovery & Booking platform,Noida,0.0,1,2016-11-29,2016-11-29
Crowdera,Fintech,Online Crowdfunding Platform,Nagpur,0.0,1,2018-06-05,2018-06-05
Crowdfire (formerly Justunfollow),,,,2500000.0,1,2015-03-09,2015-03-09
Crown-it,E-Commerce,,Gurgaon,5500000.0,1,2015-05-19,2015-05-19
CrownIt,Consumer Internet & Tech,Cashback Mobile app,Gurgaon,0.0,1,2016-08-26,2016-08-26
Crownit,Consumer Internet & Tech,Mobile customer rewards management platform,Gurgaon,0.0,1,2016-05-17,2016-05-17
Cube Consumer Services,Consumer Internet & Tech,Finance management Mobile app,Mumbai,0.0,1,2017-05-29,2017-05-29
Cube26,Other,,Delhi,7700000.0,1,2015-10-08,2015-10-08
Cuberoot,Consumer Internet & Tech,Data Analytics & Audience Management Platform,Gurgaon,500000.0,1,2016-08-12,2016-08-12
Cubito,,,,160000.0,1,2015-03-24,2015-03-24
CueMath,Consumer Internet & Tech,Maths Learning program,Delhi,19000000.0,2,2016-06-07,2017-01-23
Cuelearn,Edtech,,Delhi,0.0,1,2015-08-03,2015-08-03
Cult,Healthtech,Health and Fitness Centres,Bangalore,3000000.0,1,2016-08-25,2016-08-25
Cult Fitness,Healthtech,Healthcare training programs,Bangalore,0.0,1,2016-04-05,2016-04-05
Culture Machine,,,,18000000.0,1,2015-02-05,2015-02-05
CultureAlley,Edtech,,Jaipur,6500000.0,1,2015-07-03,2015-07-03
Cupick,Social & Community,,Bangalore,120000.0,1,2015-06-20,2015-06-20
CupoNation,Consumer Internet & Tech,Deals and Discount platform,Gurgaon,11000000.0,1,2016-02-23,2016-02-23
Curatio,Healthtech,Skincare Speciality services,Chennai,0.0,1,2017-08-05,2017-08-05
Cure Fit,Consumer Internet & Tech,Health and fitness Platform,Bangalore,120000000.0,1,2018-07-30,2018-07-30
CureFit,Healthtech,Fitness,Bangalore,38200000.0,3,2017-05-08,2018-01-30
CureInstant,Consumer Internet & Tech,Social Health Networking Platform,Delhi,150000.0,1,2016-09-10,2016-09-10
CureJoy,Consumer Internet & Tech,Online Alternative health community platform,Bangalore,5550000.0,2,2015-09-18,2016-06-14
Curefit,Consumer Internet & Tech,Online Preventive Healthcare Platform,Bangalore,15000000.0,1,2016-07-04,2016-07-04
Curie Labs,Consumer Internet & Tech,Energy Analytics startup,Delhi,50000.0,1,2017-05-09,2017-05-09
Curiositi,Consumer Internet & Tech,Online Learning Platform,Bangalore,800000.0,1,2017-01-17,2017-01-17
Curofy,Consumer Internet & Tech,Mobile App for Network of Doctors,Gurgaon,250000.0,2,2015-10-09,2017-12-14
CustomFurnish.com,,,,2500000.0,1,2015-03-05,2015-03-05
Customer360,Other,,Mumbai,0.0,1,2015-05-05,2015-05-05
CustomerSucessBox,Consumer Internet & Tech,Customer Success Software for B2B SaaS,Gurgaon,1000000.0,1,2018-03-19,2018-03-19
Customfurnish,E-Commerce,,Hyderabad,4500000.0,1,2015-12-07,2015-12-07
Cyclops,Consumer Internet & Tech,Clinical and Wearable Diagnostic Product creator,Bangalore,100000.0,1,2016-10-29,2016-10-29
CyclopsMedtech,Consumer Internet & Tech,Medical Technology Provider,Bangalore,0.0,1,2016-06-21,2016-06-21
Cygnus Hospitals,Healthtech,Super speciality Hospitals,Gurgaon,750000.0,1,2017-12-07,2017-12-07
DAAKI,E-Commerce,Sports Nutrition Supplement etailer,Bangalore,0.0,1,2018-01-08,2018-01-08
Daalchini Technologies,Food & Beverage,Digital Vending Machine,Delhi,500000.0,1,2019-07-04,2019-07-04
Daily Ninja,Consumer Internet & Tech,Hyperlocal Delivery Platform,Bangalore,3000000.0,2,2016-08-02,2018-06-12
Daily Rounds,,,,500000.0,1,2015-03-14,2015-03-14
Daily hunt,Consumer Internet & Tech,News and ebooks Mobile App,Bangalore,6390000.0,1,2018-09-03,2018-09-03
DailyHunt,Consumer Internet & Tech,Vernacular content mobile app,Bangalore,25000000.0,1,2016-10-15,2016-10-15
DailyNinja,Logistics & Transport,,Bangalore,0.0,1,2015-09-19,2015-09-19
DailyObjects,E-Commerce,Mobile Accessories etailer,Delhi,1400000.0,1,2016-01-19,2016-01-19
DailyRounds,Consumer Internet & Tech,Mobile App for Doctors,Bangalore,0.0,1,2016-09-22,2016-09-22
DarwinBox,Consumer Internet & Tech,Enterprise human resources management platform,Hyderabad,4000000.0,2,2016-07-01,2017-06-19
Data Resolve,Consumer Internet & Tech,Cyber Security Solutions,Noida,1000000.0,1,2017-03-07,2017-03-07
DataWeave,Consumer Internet & Tech,Business Intelligence Solutions,Bangalore,0.0,1,2017-04-05,2017-04-05
DawaiLelo,Consumer Internet & Tech,Healthcare Services & Online Pharmacy Mobile App,Varanasi,52000.0,1,2016-02-05,2016-02-05
DayBox,Consumer Internet & Tech,Fruit & Vegetable Delivery platform,Delhi,104000.0,1,2016-08-30,2016-08-30
Dazo,Food & Beverage,,Bangalore,0.0,1,2015-04-29,2015-04-29
Deal 4Loans,Consumer Internet & Tech,Loan Comparison Portal,Noida,0.0,1,2016-04-15,2016-04-15
Deal Street Asia,Media & Entertainment,,Singapore,0.0,1,2015-12-15,2015-12-15
Deal4Loans / Wishfin,Consumer Internet & Tech,\\nLoans Comparison platform\\n\\n\\n\\n (adsbygoogle = window.adsbygoogle || []).push({});\\n\\n,Noida,15000000.0,1,2016-07-19,2016-07-19
Dealwithus,,,,16600.0,1,2015-02-02,2015-02-02
Dekkho,Consumer Internet & Tech,Video Streaming platform,Mumbai,1200000.0,1,2016-12-26,2016-12-26
Delhivery,Logistics & Transport,ECommerce Logistics provider,Delhi,215000000.0,3,2015-05-06,2017-05-22
Delight Foods,Food & Beverage,,Bangalore,600000.0,1,2015-11-11,2015-11-11
Demyto,Consumer Internet & Tech,Vehicle maintenance Services platform,Pune,0.0,1,2016-09-30,2016-09-30
Derbii,Logistics & Transport,Carpooling Services,Gurgaon,0.0,1,2016-05-12,2016-05-12
Design Cafe,Consumer Internet & Tech,Online Interior Design platform,Bangalore,0.0,1,2017-07-11,2017-07-11
DesignBids,Consumer Internet & Tech,Interior Design Marketplace,Delhi,0.0,1,2016-01-30,2016-01-30
Devourin,Consumer Internet & Tech,Restaurant Automation Solution,Pune,0.0,1,2017-05-08,2017-05-08
Deyor Camps,Consumer Internet & Tech,Branded Camping location Aggregator,Gurgaon,500000.0,1,2016-10-11,2016-10-11
Deyor Rooms,Travel & Hospitality,,Delhi,500000.0,1,2015-11-03,2015-11-03
Dhruva,Consumer Internet & Tech,Cloud data protection and management solutions,Pune,80000000.0,1,2017-08-23,2017-08-23
Dhruva Space,Fashion & Lifestyle,Satellite Communication,Bangalore,50000000.0,1,2019-12-03,2019-12-03
DiabetOmics,,,,5000000.0,1,2015-03-13,2015-03-13
Didi,Other,,Mumbai,150000.0,1,2015-11-09,2015-11-09
Digiconectt,Consumer Internet & Tech,Sales Analytics and Enablement Platform,Bangalore,125000.0,1,2018-06-04,2018-06-04
Digilend,Consumer Internet & Tech,Personal Loans & EMI solutions platform,Mumbai,312000.0,1,2017-08-14,2017-08-14
Digio,Consumer Internet & Tech,Aadhar based Document Signing platform,Bangalore,375000.0,1,2016-08-19,2016-08-19
Digit,Consumer Internet & Tech,Online Insurance Startup,Pune,45000000.0,2,2017-06-13,2018-07-24
Digital F5,Media & Entertainment,Digital marketing firm,Mumbai,6000000.0,1,2019-09-04,2019-09-04
Digital Gorkha,,,,166000.0,1,2015-03-16,2015-03-16
Digital Mall Asia,E-Commerce,Virtual e-commerce platform,Delhi,220000000.0,1,2019-11-19,2019-11-19
Dil Mil,Consumer Internet & Tech,Matchmaking Mobile App,San Francisco,2700000.0,1,2016-04-01,2016-04-01
Dipper,E-Commerce,Freight Logistics Marketplace,Delhi,0.0,1,2016-06-20,2016-06-20
Direct Create,E-Commerce,B2B Marketplace for Handicrafts,Gurgaon,0.0,1,2017-01-18,2017-01-18
Diro Labs,Consumer Internet & Tech,Mobile Contacts Management app,Delhi,597000.0,2,2016-06-16,2016-12-06
DishCo,Food & Beverage,,Mumbai,0.0,1,2015-09-21,2015-09-21
Disprz,Consumer Internet & Tech,SaaS,Chennai,2500000.0,1,2018-05-03,2018-05-03
Djubo.com,SaaS & Enterprise Tech,,Delhi,0.0,1,2015-08-27,2015-08-27
DoSelect,Consumer Internet & Tech,Skill Showcasing platform,Bangalore,0.0,1,2016-11-03,2016-11-03
DocPlexus,Healthtech,,Pune,700000.0,1,2015-10-06,2015-10-06
DocTalk,Consumer Internet & Tech,Doctor Patient Communication platform,Mumbai,5000000.0,1,2017-11-07,2017-11-07
DocsApp,Consumer Internet & Tech,Mobile Application for Doctor Consultation,Bangalore,8400000.0,2,2016-04-28,2017-12-13
Doctor Insta,Consumer Internet & Tech,Online Doctor Consulting platform,Gurgaon,2500000.0,2,2015-12-22,2016-12-12
DoctorInsta,Consumer Internet & Tech,Online Doctor Consultations,Gurgaon,1000000.0,1,2016-09-16,2016-09-16
DogSpot,E-Commerce,Online Pet Store,Gurgaon,0.0,1,2016-01-04,2016-01-04
Don\\xe2\\x80\\x99t Scratch Your Head,Consumer Internet & Tech,Full Stack Offline & Online ERP Solution,Ahmedabad,250000.0,1,2016-07-06,2016-07-06
DoneThing,Consumer Internet & Tech,On-demand Personal Assistant service,Gurgaon,300000.0,1,2017-03-28,2017-03-28
DoodhWala,Consumer Internet & Tech,Online milk delivery,Bangalore,0.0,1,2017-08-09,2017-08-09
Doormint,Logistics & Transport,,Mumbai,3000000.0,2,2015-04-18,2015-08-05
Doxper,Healthtech,Digitized Health-Tech Solutions For Practitioners,Mumbai,2650000.0,2,2017-08-29,2018-04-22
Dream Wallets,Consumer Internet & Tech,Online Crowdfunding platform,Jaipur,0.0,1,2016-05-12,2016-05-12
Dream11,Consumer Internet & Tech,Online Gaming Platform,Mumbai,100000000.0,1,2018-09-06,2018-09-06
Drip capital,Fintech,Trade Finance Firm,Mumbai,15000000.0,1,2018-06-20,2018-06-20
DriveSkool,Consumer Internet & Tech,online marketplace for driving schools,Bangalore,0.0,1,2017-01-10,2017-01-10
DriveU,Logistics & Transport,On-Demand Drivers,Bangalore,4000000.0,3,2016-03-01,2018-11-13
DriversCart,Consumer Internet & Tech,on-demand chauffeur provider,Chennai,450000.0,1,2016-04-19,2016-04-19
Drivestream,,,,5000000.0,1,2015-03-18,2015-03-18
Drivezy,Consumer Internet & Tech,Self Drive car and bike rental platform,Bangalore,10000000.0,1,2017-10-06,2017-10-06
Drivify,Consumer Internet & Tech,Professional Driver discovery & Booking Mobile app,Mumbai,50000.0,1,2016-06-24,2016-06-24
DrivoJoy,Consumer Internet & Tech,On-demand 2-wheeler Servicing platform,Bangalore,600000.0,1,2016-03-22,2016-03-22
Droom,B2B & Industrial,New and Used Cars Platform,Gurgaon,23000000.0,3,2016-06-02,2018-10-05
Droom.in,E-Commerce,,Delhi,16000000.0,1,2015-07-30,2015-07-30
DropKaffe,Logistics & Transport,,Bangalore,300000.0,1,2015-08-31,2015-08-31
Dropkaffe,Food & Beverage,Ready-to-Drink Beverage Producer,Bangalore,550000.0,1,2016-04-25,2016-04-25
Drums Food,Food & Beverage,Yogurt and Ice Cream maker,Mumbai,0.0,1,2016-07-21,2016-07-21
Druva,Consumer Internet & Tech,Cloud Based Data Protection Solution,Pune,51000000.0,2,2016-04-22,2016-09-28
Duffl,E-Commerce,Fashion Rental Marketplace,Bangalore,0.0,1,2016-06-17,2016-06-17
Dunzo,Other,Delivery Service,Bangalore,57300000.0,2,2017-12-05,2019-10-04
EPS,Consumer Internet & Tech,Electronic Payments Solution Company,Mumbai,35000000.0,1,2016-01-22,2016-01-22
EPayLater,Consumer Internet & Tech,Fin-Tech Platform,Mumbai,2000000.0,1,2016-06-09,2016-06-09
ERA,Consumer Internet & Tech,Identity management platform,Mumbai,39000.0,1,2017-11-27,2017-11-27
Early Salary,Consumer Internet & Tech,Online Unsecured Lending platform,Pune,4780000.0,2,2017-05-11,2017-09-07
EarlySalary,Fintech,Online Lending,Pune,15700000.0,1,2018-01-04,2018-01-04
EarlySalary.com,Fintech,,Mumbai,1500000.0,1,2015-11-25,2015-11-25
Earth Food,Consumer Internet & Tech,Agri-tech,Pune,949000.0,1,2018-05-11,2018-05-11
Easy Diner,Consumer Internet & Tech,online restaurant reservation platform,Gurgaon,4500000.0,1,2017-10-10,2017-10-10
EasyEcom,E-Commerce,Ecommerce enabler platform,Bangalore,150000.0,1,2017-12-21,2017-12-21
EasyFix,E-Commerce,,Gurgaon,0.0,1,2015-10-01,2015-10-01
EasyGov,Consumer Internet & Tech,Govt service application portal,Noida,0.0,1,2017-08-22,2017-08-22
EasyKhaana,Food & Beverage,,Delhi,100000.0,1,2015-12-03,2015-12-03
EasyPolicy,Consumer Internet & Tech,Online insurance Portal,Noida,10000000.0,1,2016-11-03,2016-11-03
EasyRewardz,Other,,Mumbai,500000.0,1,2015-08-07,2015-08-07
EasyRoads,Consumer Internet & Tech,Road Trip planning Mobile app,Mumbai,200000.0,1,2016-05-04,2016-05-04
Easypolicy,Consumer Internet & Tech,Online insurance policy aggregator,Noida,2200000.0,1,2016-01-21,2016-01-21
Eat.Shop.Love,E-Commerce,,Bangalore,3500000.0,1,2015-04-22,2015-04-22
Eatfresh,E-Commerce,,Bangalore,0.0,1,2015-12-17,2015-12-17
Eatlo,Food & Beverage,,Bangalore,0.0,1,2015-07-07,2015-07-07
Eatonomist,Consumer Internet & Tech,Food Delivery Platform,Gurgaon,0.0,1,2016-05-24,2016-05-24
Eattreatonline,Healthtech,,Delhi,350000.0,1,2015-06-01,2015-06-01
Eazy Coach,E-Commerce,,Kolkata,0.0,1,2015-08-27,2015-08-27
EazyDiner,Consumer Internet & Tech,Online Restaurant Table Reservation Platform,Gurgaon,8850000.0,4,2015-04-23,2018-08-17
Eckovation,Edtech,,Delhi,0.0,1,2015-12-03,2015-12-03
Ecolibriumenergy,Consumer Internet & Tech,Energy management solutions provider,Ahmedabad,2600000.0,1,2017-07-03,2017-07-03
Ecom Express,Logistics & Transport,Logistics Solutions provider,Delhi,167000000.0,2,2015-06-04,2017-09-11
Ecozen,Consumer Internet & Tech,Agritech,Pune,6000000.0,1,2019-12-12,2019-12-12
EdTechReview,Consumer Internet & Tech,Education based online portal,Delhi,0.0,1,2016-06-14,2016-06-14
Edelweiss,Fintech,Diversified Financial,Mumbai,270000000.0,1,2017-11-27,2017-11-27
EdgeFx,E-Commerce,DIY project Kits seller,Hyderabad,0.0,1,2017-06-16,2017-06-16
Edu4Share,Edtech,,Delhi,220000.0,1,2015-08-17,2015-08-17
EduAce Services,Edtech,Education Workshops & mentoring programs,Lucknow,1000000.0,1,2016-05-06,2016-05-06
EduBridge,Consumer Internet & Tech,Skill development and vocational training platform,Mumbai,2500000.0,1,2016-02-26,2016-02-26
EduKart,E-Commerce,,Delhi,1000000.0,1,2015-06-23,2015-06-23
EduPristine,Edtech,Online Certification Courses,Mumbai,10000000.0,1,2016-05-18,2016-05-18
EduRev,Consumer Internet & Tech,Online Learning Platform,Gurgaon,0.0,1,2016-05-23,2016-05-23
Edureka,Edtech,Online Education Platform,Bangalore,2000000.0,1,2018-06-28,2018-06-28
Edurev,Consumer Internet & Tech,Online Education Portal,Gurgaon,40000.0,1,2017-02-08,2017-02-08
Edyoo,E-Commerce,Products For Shoolgoing Children,Bangalore,735000.0,1,2018-05-23,2018-05-23
Elanic,Consumer Internet & Tech,P2P platform for Fashion sales,Bangalore,0.0,2,2015-07-04,2017-10-04
ElastiRun,Consumer Internet & Tech,App based Logistics & Distribution platform,Pune,7000000.0,1,2017-04-04,2017-04-04
ElasticRun,Consumer Internet & Tech,Tech driven Logistic & distribution platform,Pune,2000000.0,1,2016-11-14,2016-11-14
ElderAid Wellness,Healthtech,Social Healthcare Enterprise,Bangalore,0.0,1,2017-11-15,2017-11-15
Elemential,Consumer Internet & Tech,Blockchain Platform,Mumbai,0.0,1,2018-04-09,2018-04-09
Elucidata,Consumer Internet & Tech,Data Analytics (SaaS),Delhi & Cambridge,1700000.0,1,2018-06-18,2018-06-18
Emflux Motors,Consumer Internet & Tech,Electric Motorcycle manufacturer,Bangalore,0.0,1,2017-03-30,2017-03-30
Emiza,Logistics & Transport,Third Party Logistics provider,Mumbai,4500000.0,1,2017-04-12,2017-04-12
Emojifi,Consumer Internet & Tech,Mobile App for live emoji,Hyderabad,0.0,1,2017-03-03,2017-03-03
Enabli,,,,16000.0,1,2015-01-19,2015-01-19
Enakshi,Consumer Internet & Tech,AI Based Solutions Platform,Ahmedabad,114811.0,1,2018-08-16,2018-08-16
Endless Robotics,Consumer Internet & Tech,Interior Painting Automation,Hyderabad,100000.0,1,2016-03-23,2016-03-23
Engineer.ai,SaaS & Enterprise Tech,AI Platform,,29500000.0,1,2018-11-24,2018-11-24
EngineerBabu,Consumer Internet & Tech,Mobile App & Web Development company,Indore,0.0,1,2016-08-25,2016-08-25
Englishleap.com,,,,0.0,1,2015-01-22,2015-01-22
Entropik,Consumer Internet & Tech,Software-As-A-Service Platform,Bangalore,1100000.0,1,2018-07-26,2018-07-26
Entropika,Consumer Internet & Tech,"AI, Machine learning Solutions",Bangalore,200000.0,1,2016-11-30,2016-11-30
Entropy Innovations,B2B & Industrial,,Mumbai,0.0,1,2015-06-03,2015-06-03
Envoged,E-Commerce,,Mumbai,0.0,2,2015-08-19,2015-09-11
Epiq Capital,Fintech,Tech based investor firm,Mumbai,200000000.0,1,2017-11-21,2017-11-21
Eruditus,Edtech,Executive Education Provider,Mumbai,8200000.0,1,2017-04-03,2017-04-03
Ethinos,Consumer Internet & Tech,Digital Marketing Agency,Mumbai,0.0,1,2017-08-02,2017-08-02
Ethosh,Consumer Internet & Tech,Visual and Interactive communications Solutions,Pune,0.0,1,2017-01-20,2017-01-20
EureQa,SaaS & Enterprise Tech,,Hyderabad,600000.0,1,2015-12-11,2015-12-11
EvenGini,Consumer Internet & Tech,Event Registration and Ticketing platform,Chennai,0.0,1,2016-09-26,2016-09-26
EveningFlavors,Other,,Bangalore,500000.0,1,2015-05-22,2015-05-22
Events High,Consumer Internet & Tech,Events and Activities Discovery Platform,Bangalore,0.0,2,2016-12-19,2018-05-30
Explara,Other,,Pune,490000.0,1,2015-11-06,2015-11-06
Explore Life traveling,Consumer Internet & Tech,Local homes booking platform,Bangalore,500000.0,1,2017-06-22,2017-06-22
ExtraCarbon,Consumer Internet & Tech,Waste Recycle Management platform,Gurgaon,225000.0,1,2016-08-03,2016-08-03
ExtraaEdge,Consumer Internet & Tech,Student Acquisition Platform,Pune,0.0,1,2016-06-09,2016-06-09
Eywa Media,Other,,Bangalore,1000000.0,1,2015-09-30,2015-09-30
EzCred,Consumer Internet & Tech,Consumer Lending Platform,Bangalore,1000000.0,1,2017-05-19,2017-05-19
Ezetap,Consumer Internet & Tech,mPOS solutions provider,Bangalore,41000000.0,2,2015-08-06,2017-08-24
EzySolare,E-Commerce,,Ahmedabad,0.0,1,2015-08-26,2015-08-26
Ezyhaul,Consumer Internet & Tech,Logistics,Singapore,16000000.0,1,2019-07-10,2019-07-10
Ezytruk,Consumer Internet & Tech,Logistics and truck aggregator platform,Bangalore,147000.0,1,2017-01-17,2017-01-17
FPL Technologies,Fintech,Financial Services,Pune,4500000.0,1,2019-09-05,2019-09-05
FR8,Consumer Internet & Tech,Online Truck aggregator platform,Chennai,2471000.0,2,2016-10-27,2017-11-28
FTCash,Consumer Internet & Tech,Mobile Payments Platform,Kolkata,150000.0,1,2016-03-04,2016-03-04
FXMartIndia,Fintech,,Chandigarh,0.0,1,2015-09-01,2015-09-01
FYNE,E-Commerce,,Bangalore,0.0,1,2015-09-15,2015-09-15
FYRE,Food & Beverage,Herbal energy shot maker,Mumbai,500000.0,1,2017-10-24,2017-10-24
Faaso\\xe2\\x80\\x99s,,,,20000000.0,1,2015-02-09,2015-02-09
Faasos,Food & Beverage,QSR chain and online food delivery,Pune,36300000.0,2,2015-12-07,2017-04-24
Faaya,,,,16600.0,1,2015-02-02,2015-02-02
Fab Hotels,Consumer Internet & Tech,Budget hotels brand & Aggregator Platform,Delhi,25000000.0,1,2017-07-26,2017-07-26
FabAlley,E-Commerce,online fashion brand store,Noida,2000000.0,1,2016-10-13,2016-10-13
FabHotels,E-Commerce,Hospitality,Gurgaon,12889975.54,2,2016-06-28,2019-06-03
FabX,E-Commerce,Used Furniture Marketplace,Mumbai,68000.0,1,2017-01-30,2017-01-30
FableStreet,E-Commerce,Women Work wear etailer,Delhi,0.0,1,2017-07-21,2017-07-21
Fabogo,Consumer Internet & Tech,Salon & Spa Aggregation & Discovery platform,Pune,2250000.0,1,2017-07-11,2017-07-11
Fabulyst,Consumer Internet & Tech,Artificial Intelligence based platform,Hyderabad,215000.0,1,2017-06-21,2017-06-21
Faircent,Consumer Internet & Tech,Online Peer to Peer Lending platform,Gurgaon,0.0,3,2015-01-07,2016-05-11
Faircent.com,Consumer Internet & Tech,peer-to-peer lending platform,Gurgaon,1750000.0,2,2015-06-11,2016-08-12
FalconBrick,Consumer Internet & Tech,Real-Estate Workflow mobile app,Bangalore,0.0,1,2017-03-31,2017-03-31
FarEye,Consumer Internet & Tech,Logistics Management Software,Delhi,3500000.0,1,2016-06-23,2016-06-23
FarMart,Consumer Internet & Tech,Farming rental equipment provider,Gurgaon,0.0,1,2017-03-17,2017-03-17
Farm Taaza,Consumer Internet & Tech,Fresh Produce SCM company,Bangalore,8000000.0,1,2017-10-06,2017-10-06
FarmLink,E-Commerce,Online platform for Agricultural products,Mumbai,3000000.0,1,2017-11-08,2017-11-08
Farmizen,Consumer Internet & Tech,Agre-Tech Mobile app,Bangalore,0.0,1,2017-09-08,2017-09-08
Fashalot,Consumer Internet & Tech,O2O fashion discovery platform,Gurgaon,0.0,2,2016-04-20,2017-09-27
Fashionablyin,Consumer Internet & Tech,Mobile based Geo-target Fashion Marketplace,Mumbai,0.0,1,2016-01-11,2016-01-11
Fashionove,Fashion & Lifestyle,,Kolkata,0.0,1,2015-08-19,2015-08-19
Fashor,Fashion & Lifestyle,Embroiled Clothes For Women,Mumbai,1800000.0,1,2020-01-02,2020-01-02
FastFox,Consumer Internet & Tech,Online rental discovery platform,Gurgaon,4600000.0,1,2017-04-08,2017-04-08
Fastudent,E-Commerce,Education eCommerce platform,Noida,0.0,2,2015-11-27,2016-09-29
FeetApart,Consumer Internet & Tech,Employee engagements & Rewards platform,Bangalore,0.0,1,2016-02-24,2016-02-24
FiTraQ,Consumer Internet & Tech,Fitness Centre Discovery Platform,Delhi,0.0,1,2017-06-28,2017-06-28
Fieldassist,Consumer Internet & Tech,SAAS based sales force automation services,Gurgaon,0.0,1,2017-08-29,2017-08-29
Finance Buddha,Consumer Internet & Tech,Online Loan Comparison & Discovery platform,Bangalore,0.0,1,2016-02-19,2016-02-19
Fincash,Fintech,Fin-Tech,Mumbai,250000.0,2,2017-06-16,2018-02-16
Find My Stay,Consumer Internet & Tech,Online Budget Hotel Aggregator & Booking Platform,Delhi,0.0,1,2016-07-12,2016-07-12
FindUrClass,Consumer Internet & Tech,Hobby & Activity Class Aggregator,Mumbai,0.0,1,2016-01-30,2016-01-30
FindYahan,E-Commerce,,Delhi,0.0,2,2015-02-11,2015-04-22
FindmeaShoe,Consumer Internet & Tech,Footwear Recommendation App,Bangalore,0.0,1,2016-10-06,2016-10-06
Findow,Consumer Internet & Tech,Fashion Discovery Mobile app,Bangalore,0.0,1,2016-09-13,2016-09-13
Findyahan,Logistics & Transport,,Noida,0.0,1,2015-11-03,2015-11-03
Fingerlix,Consumer Internet & Tech,Ready To cook Food Solution,Mumbai,11310000.0,3,2017-04-05,2018-03-19
Finomena,Consumer Internet & Tech,Credit Worthiness Big Data Analytics,Delhi,0.0,1,2016-03-08,2016-03-08
Finova Capital,Consumer Internet & Tech,Online Lending,Jaipur,6000000.0,1,2018-03-05,2018-03-05
Fintellix,Fintech,,Bangalore,15000000.0,1,2015-05-05,2015-05-05
Fintobox,Consumer Internet & Tech,Child Learning & Development Platform,Chennai,7000000.0,1,2017-12-06,2017-12-06
Finzy,Fintech,Online Loan Matchmaking Platform,Bangalore,2300000.0,2,2018-04-02,2018-08-20
First Eat,Consumer Internet & Tech,Healthy Food Delivery platform,Delhi,100000.0,1,2016-02-22,2016-02-22
First Moms Club,Consumer Internet & Tech,Social Network for Mothers,Mumbai,0.0,1,2016-09-23,2016-09-23
FirstCry,E-Commerce,Kids Focused eTailer,Pune,26000000.0,2,2015-02-02,2016-01-21
FirstCry.com,E-Commerce,,Pune,10000000.0,1,2015-04-08,2015-04-08
FirstTouch,Other,,Gurgaon,0.0,1,2015-09-30,2015-09-30
Fisdom,Fintech,Mutual Fund Investment App,Bangalore,4600000.0,3,2016-01-21,2017-11-08
FitMeIn,Other,,Delhi,100000.0,1,2015-09-11,2015-09-11
Fitcircle,Social & Community,,Mumbai,0.0,1,2015-12-03,2015-12-03
Fitmein,Consumer Internet & Tech,Fitness Discovery & Booking platform,Delhi,0.0,1,2016-12-14,2016-12-14
Fitnapp,Consumer Internet & Tech,Fitness Mobile App,Noida,0.0,1,2017-01-19,2017-01-19
Fitpass,Consumer Internet & Tech,Online Fitness Marketplace,Delhi,2000000.0,2,2016-12-14,2017-06-29
Fitraq.com,,,,150000.0,1,2015-03-11,2015-03-11
Fitso,Consumer Internet & Tech,Fitness Mobile App,Gurgaon,400000.0,2,2016-01-15,2017-03-16
Fitternity,Consumer Internet & Tech,Online Fitness Discovey Platform,Mumbai,3000000.0,3,2015-07-23,2018-04-02
Five Star Group,Fintech,Non-Bank Lending Platform For SME,Chennai,100000000.0,1,2018-07-31,2018-07-31
FixNix,Consumer Internet & Tech,GRC SAAS Platform,Chennai,500000.0,1,2016-03-29,2016-03-29
Fixy,Other,,Mumbai,0.0,1,2015-08-17,2015-08-17
Flashdoor,Other,,Bangalore,0.0,1,2015-11-13,2015-11-13
FlatFurnish,Consumer Internet & Tech,Online Furnishing Rental Platform,Gurgaon,0.0,1,2016-01-08,2016-01-08
Flatchat,Real Estate & PropTech,,Bangalore,2500000.0,1,2015-06-30,2015-06-30
Flatpebble,E-Commerce,,Hyderabad,600000.0,1,2015-08-20,2015-08-20
FleetRover,Logistics & Transport,,Goa,180000.0,1,2015-05-27,2015-05-27
FleetX,Other,Logistics,Gurgaon,0.0,1,2019-02-01,2019-02-01
Flexiloans,Consumer Internet & Tech,Online Funds Raising Platform,Mumbai,15000000.0,1,2016-10-07,2016-10-07
Flexing It,E-Commerce,,Delhi,500000.0,1,2015-10-26,2015-10-26
FlickBay,Consumer Internet & Tech,Mobile Based Bollywood Discovery platform,Mumbai,890000.0,1,2016-08-03,2016-08-03
Flickstree,Consumer Internet & Tech,Video Content Discovery Platform,Mumbai,464000.0,1,2017-07-11,2017-07-11
FlipClass,Consumer Internet & Tech,Tutor Search Platform,Bangalore,1000000.0,1,2016-03-15,2016-03-15
Flipkart,E-Commerce,Online Marketplace,Bangalore,4059700000.0,5,2015-06-04,2017-08-11
Flipkart.com,E-Commerce,,Bangalore,700000000.0,1,2015-07-28,2015-07-28
Flixy Games,Consumer Internet & Tech,Mobile Game Publisher for Indian audience,Bangalore,425000.0,1,2016-09-22,2016-09-22
Flocareer,Consumer Internet & Tech,Jobs & Skill Validation platform,Bangalore,150000.0,1,2016-09-14,2016-09-14
Flochat,Consumer Internet & Tech,instant messaging platform,Mumbai,0.0,1,2017-08-22,2017-08-22
Flutura,Consumer Internet & Tech,Decision Sciences Analytics Solutions,Bangalore,7500000.0,1,2017-02-13,2017-02-13
Flyrobe,E-Commerce,Online fashion rental platform,Mumbai,7000000.0,2,2016-07-05,2016-08-31
Flytxt,Consumer Internet & Tech,Customer data analytics software,Mumbai,22000000.0,2,2015-07-08,2017-04-26
Focus Digit,E-Commerce,,Delhi,0.0,1,2015-12-18,2015-12-18
FoodAbhi,Food & Beverage,,Mumbai,0.0,1,2015-06-16,2015-06-16
FoodTalkIndia,Food & Beverage,,Gurgaon,500000.0,1,2015-08-26,2015-08-26
Foodmemories,Consumer Internet & Tech,Online Food Marketplace,Ahmedabad,0.0,1,2018-02-06,2018-02-06
Foodpanda,Food & Beverage,,Gurgaon,210000000.0,2,2015-03-13,2015-05-01
ForeverShop,Consumer Internet & Tech,Mobile based ecommerce platform,Bangalore,300000.0,1,2017-06-20,2017-06-20
Formcept,Consumer Internet & Tech,Unified Data Analysis platform,Bangalore,0.0,1,2017-06-27,2017-06-27
Fourseven,E-Commerce,,Delhi,455000.0,1,2015-11-19,2015-11-19
Fourth Ambit,Consumer Internet & Tech,Community Building platform,Bangalore,600000.0,1,2017-05-10,2017-05-10
Fourth Partner Energy,CleanTech & Energy,,Hyderabad,2000000.0,1,2015-09-24,2015-09-24
Foyr.com,Consumer Internet & Tech,Realty Tech Startup solving real life Interior Designing problems,Hyderabad,3800000.0,1,2017-12-27,2017-12-27
Fracktal Works,Consumer Internet & Tech,Platform based on 3D printing and Digital Manufacturing,Bangalore,3000000.0,2,2015-06-18,2017-12-12
Fractal Analytics,Consumer Internet & Tech,Data Analytics Company,Mumbai,100000000.0,1,2016-05-11,2016-05-11
Frankly,,,,600000.0,1,2015-01-06,2015-01-06
Frapperz,Consumer Internet & Tech,On-demand home services provider,Kolkata,100000.0,1,2017-03-15,2017-03-15
FreeCharge,Consumer Internet & Tech,Mobile Wallet,Mumbai,137000000.0,2,2015-02-06,2017-01-07
Freedom Smart Labs,Consumer Internet & Tech,IoT retail solutions,Delhi,145000.0,1,2016-02-26,2016-02-26
Fresh Food Concepts,Food & Beverage,Cold Press Juice manufacturer & seller,Delhi,2000000.0,1,2016-12-12,2016-12-12
FreshBoxx,E-Commerce,Online Grocery Store,Bangalore,0.0,1,2017-11-02,2017-11-02
FreshDesk,Consumer Internet & Tech,SAAS Based HelpDesk Services,Chennai,55000000.0,1,2016-11-02,2016-11-02
FreshMenu,Consumer Internet & Tech,Online / Mobile Food Ordering platform,Bangalore,33500000.0,2,2016-01-11,2016-01-29
FreshVnF,AgriTech,Fresh Agriculture Produces,Mumbai,140000000.0,1,2019-05-28,2019-05-28
FreshWorld,,,,0.0,1,2015-02-26,2015-02-26
Freshboxx,E-Commerce,Fruits & vegetable eTailer,Hubli,0.0,1,2016-09-10,2016-09-10
Freshdesk,Other,,Chennai,50000000.0,1,2015-04-20,2015-04-20
Freshee,Food & Beverage,Household packaging & Storage product manufacturer,Mumbai,0.0,1,2016-06-10,2016-06-10
Freshmonk,,,,0.0,1,2015-01-22,2015-01-22
Freshworks,SaaS & Enterprise Tech,Business and customer engagement tools,San Francisco,150000000.0,1,2019-11-13,2019-11-13
Front Desk AI,Consumer Internet & Tech,An AI Platform Offering Automated Customer Service Software,Bangalore,1100000.0,1,2018-06-28,2018-06-28
FroyoFit,Consumer Internet & Tech,Fitness Discovery Platform,Indore,0.0,1,2016-11-24,2016-11-24
Frsh,Food & Beverage,,Gurgaon,1000000.0,1,2015-10-23,2015-10-23
Frsh.co.in,,,,518000.0,1,2015-02-03,2015-02-03
Ftcash,Consumer Internet & Tech,Mobile Payments platform,Mumbai,0.0,1,2017-06-06,2017-06-06
Fulfil.IO,Consumer Internet & Tech,Cloud Based ERP Software,,0.0,1,2016-07-04,2016-07-04
FunOnGo,Consumer Internet & Tech,Digital Media Content and Distribution platform,Mumbai,0.0,1,2016-11-25,2016-11-25
Funcart,E-Commerce,Party Supplies Etailer,Delhi,70000.0,1,2016-02-25,2016-02-25
Funcastic,Consumer Internet & Tech,B2C vernacular podcast aggregator platform,Delhi,0.0,1,2016-08-12,2016-08-12
Fundamentor,Edtech,Aptitude Development Program,Pune,0.0,1,2016-05-18,2016-05-18
FundsIndia.com,Fintech,,Chennai,11000000.0,1,2015-06-19,2015-06-19
Furdo,Real Estate & PropTech,,Bangalore,400000.0,1,2015-09-22,2015-09-22
Furlenco,Consumer Internet & Tech,Furniture Rental Platform,Bangalore,42200000.0,4,2015-03-24,2017-12-11
Furtados School of Music,Edtech,Music Education,Tulangan,200000000.0,1,2019-11-19,2019-11-19
Fusion Microfinance,Fintech,,Delhi,8600000.0,1,2015-06-25,2015-06-25
Fxkart.com,,,,2000000.0,1,2015-03-25,2015-03-25
Fyle,Consumer Internet & Tech,Expense Management Solution,Bangalore,400000.0,1,2017-02-13,2017-02-13
Fyle Technologies,Consumer Internet & Tech,AI Based Expense Management Platform,Bangalore,1100000.0,1,2018-04-19,2018-04-19
Fynd,Consumer Internet & Tech,O2O fashion ecommerce platform,Mumbai,3400000.0,4,2017-03-28,2018-03-29
GIBBS,CleanTech & Energy,,Delhi,0.0,1,2015-04-27,2015-04-27
GIBSS,CleanTech & Energy,,Mumbai,0.0,1,2015-08-07,2015-08-07
GOQii,Healthtech,Wearable Fitness Bands,Menlo Park,450000000.0,3,2016-02-09,2019-09-04
Gaana,Consumer Internet & Tech,Online Music Streaming,Gurgaon,115000000.0,1,2018-02-28,2018-02-28
Gaana.com,Media & Entertainment,,Mumbai,0.0,1,2015-10-14,2015-10-14
Gadgets 360,E-Commerce,,Delhi,0.0,1,2015-08-17,2015-08-17
Gadgetwood,Consumer Internet & Tech,On-Demand Gadget repair services platform,Delhi,6200000.0,2,2015-04-09,2016-09-22
Gajty,Healthtech,Salons & Spa Chain,Gurgaon,0.0,1,2016-01-22,2016-01-22
Galleri5,Consumer Internet & Tech,Visual Content Discovery platform,Bangalore,0.0,1,2016-05-12,2016-05-12
GameXS.in,E-Commerce,,Delhi,0.0,1,2015-09-22,2015-09-22
GameZop,Consumer Internet & Tech,Mobile Gaming Platform,Delhi,350000.0,1,2016-02-17,2016-02-17
Gameezop,Consumer Internet & Tech,Casual Gaming platform,Delhi,0.0,1,2016-01-19,2016-01-19
Gaming Monk,Consumer Internet & Tech,E-sports platform,Delhi,0.0,1,2017-09-21,2017-09-21
Gamooz,Consumer Internet & Tech,Augmented Reality Solutions,Gurgaon,22500.0,1,2016-02-02,2016-02-02
Gapoon,Consumer Internet & Tech,home maintenance services platform,Bangalore,430000.0,2,2016-03-16,2017-10-13
Garage On Road,E-Commerce,Online vehicle service booking platform,Noida,0.0,1,2017-12-27,2017-12-27
GenNext Students,Consumer Internet & Tech,Online Tutoring Services,Mumbai,580000.0,1,2017-05-24,2017-05-24
Genextstudents,Consumer Internet & Tech,Online Tutoring Service provider,Mumbai,209000.0,1,2016-08-11,2016-08-11
Genie,Consumer Internet & Tech,hyperlocal delivery and logistics mobile app,Chennai,250000.0,1,2017-05-17,2017-05-17
Genius Corner,Edtech,Personalized Learning,Noida,278000.0,1,2018-11-21,2018-11-21
Get My Parking,Consumer Internet & Tech,Smart Parking Enabler,Delhi,4476000.0,3,2016-05-01,2017-09-12
Get Simpl,Consumer Internet & Tech,Payment Solution Mobile app,Mumbai,0.0,1,2017-08-17,2017-08-17
GetFocus,Other,,Mumbai,0.0,1,2015-12-11,2015-12-11
GetMyPeon,Logistics & Transport,,Mumbai,250000.0,1,2015-06-26,2015-06-26
GetVee,Consumer Internet & Tech,Matrimony & Couples only mobile platform,Delhi,0.0,1,2016-02-18,2016-02-18
Giftxoxo,E-Commerce,Online Gifting platform,Bangalore,450000.0,1,2016-10-04,2016-10-04
GigIndia,Consumer Internet & Tech,Micro Jobs Provider For Students,Pune,0.0,1,2018-03-21,2018-03-21
Gingercrush,E-Commerce,Personalized Products & Merchandize eTailer,Vadodara,2000000.0,3,2015-07-03,2016-02-05
Girnar Software,Consumer Internet & Tech,Online News Media Network,Jaipur,0.0,1,2016-03-21,2016-03-21
Glam Studios,Consumer Internet & Tech,Beauty Salon Aggregator,Noida,300000.0,1,2016-09-12,2016-09-12
GlamStudios,Consumer Internet & Tech,Online Salon Aggregator,Noida,0.0,1,2016-02-10,2016-02-10
Glamrs,Media & Entertainment,,Mumbai,1000000.0,1,2015-06-01,2015-06-01
Glassic,E-Commerce,Eyewear,Bangalore,0.0,1,2018-01-25,2018-01-25
GlowRoad,E-Commerce,Retail,Bangalore,11500000.0,1,2019-05-30,2019-05-30
Glowroad,Consumer Internet & Tech,women focussed customer-to-customer reseller network,Bangalore,2000000.0,1,2017-09-13,2017-09-13
Glowship,E-Commerce,,Bangalore,0.0,1,2015-08-03,2015-08-03
GoBumpr,Consumer Internet & Tech,Online Bike & Car Services provider,Chennai,300000.0,1,2017-02-14,2017-02-14
GoChoppers,Consumer Internet & Tech,Luxury Helicopter Tourism Services portal,Gurgaon,0.0,1,2017-09-27,2017-09-27
GoComet,Logistics & Transport,Marketplace for International Freight,Mumbai,0.0,1,2016-12-13,2016-12-13
GoDesi,Food & Beverage,Regional Flavours,Bangalore,138995.0,1,2018-11-01,2018-11-01
GoFro,Consumer Internet & Tech,Online travel booking platform,Delhi,10000000.0,1,2017-09-06,2017-09-06
GoFynd,E-Commerce,Fashion ecommerce portal,Mumbai,0.0,1,2017-01-03,2017-01-03
GoGo Truck,Consumer Internet & Tech,Truck Aggregator & Booking platform,Chennai,75000.0,1,2016-06-03,2016-06-03
GoJavas,Logistics & Transport,,Gurgaon,20000000.0,2,2015-03-18,2015-10-07
GoMechanic,Consumer Internet & Tech,Online Car servicing Booking platform,Gurgaon,250000.0,1,2016-12-08,2016-12-08
GoPigeon,Consumer Internet & Tech,on-demand logistics service provider,Bangalore,1500000.0,1,2016-09-15,2016-09-15
GoQii,Other,,Mumbai,13400000.0,1,2015-11-26,2015-11-26
GoYaNo,Consumer Internet & Tech,Events & Restaurant Discovery Marketplace App,Gurgaon,50000.0,1,2016-02-15,2016-02-15
GoZefo,E-Commerce,Used Furniture & Appliances Marketplace,Bangalore,1050000.0,1,2016-10-06,2016-10-06
Goalwise,Consumer Internet & Tech,Online investment platform,Bangalore,1000000.0,1,2016-05-24,2016-05-24
Gobolt,Logistics & Transport,B2B Logistics provider,Delhi,0.0,1,2016-06-14,2016-06-14
Godof Hospitals,Healthtech,,Delhi,2000000.0,1,2015-12-01,2015-12-01
GoldFarm,Food & Beverage,Agriculture Technology,Coimbatore,2000000.0,1,2017-10-30,2017-10-30
GolfLAN,Consumer Internet & Tech,Golf Session Online Bookings platform,Delhi,1000000.0,2,2015-03-17,2016-11-10
Gomalon,Consumer Internet & Tech,Online Spa & Salon discovery & Booking platform,Bangalore,100000.0,1,2016-06-27,2016-06-27
Good Methods Global,Consumer Internet & Tech,Cloud Based Practice Management Software,Trivandrum,0.0,1,2017-05-05,2017-05-05
Goodbox,E-Commerce,Mobile SAAS ECommerce platform for SMEs,Bangalore,3700000.0,3,2015-05-26,2017-06-16
Goodera,Consumer Internet & Tech,CSR and sustainability management platform,Bangalore,5500000.0,1,2017-06-13,2017-06-13
Goodservice,Other,,Delhi,1600000.0,1,2015-06-23,2015-06-23
Goomo,Consumer Internet & Tech,Online Travel & Holiday Booking platform,Mumbai,50000000.0,1,2017-06-05,2017-06-05
Goqii,E-Commerce,,Mumbai,0.0,1,2015-07-03,2015-07-03
Gozoomo,E-Commerce,,Bangalore,5000000.0,1,2015-07-02,2015-07-02
Grab,Logistics & Transport,,Mumbai,1000000.0,2,2015-04-27,2015-11-11
Grab.in,Logistics & Transport,hyperlocal logistics service,Mumbai,2000000.0,1,2016-07-04,2016-07-04
GrabOnRent,E-Commerce,On-demand product rental marketplace,Bangalore,0.0,1,2016-06-15,2016-06-15
Grabhouse,Real Estate & PropTech,,Bangalore,10000000.0,1,2015-10-08,2015-10-08
Grabhouse.com,,,,2500000.0,1,2015-01-28,2015-01-28
Gradopedia,Consumer Internet & Tech,Career progression Portal,Mumbai,0.0,1,2016-08-16,2016-08-16
GramCover,Fintech,Insurance Marketplace for the Rural Sector,Delhi,1000000.0,1,2016-11-18,2016-11-18
Gramophone,Consumer Internet & Tech,Agri-tech,Indore,1000000.0,1,2018-03-04,2018-03-04
GrandOpinion,Healthtech,,Delhi,150000.0,1,2015-05-08,2015-05-08
Graphene,,,,825000.0,1,2015-01-29,2015-01-29
Graphic India,,,,2800000.0,1,2015-03-19,2015-03-19
Gray Routes,Consumer Internet & Tech,Last mile logistics solutions,Mumbai,0.0,1,2016-02-08,2016-02-08
Greenlight Planet,Consumer Internet & Tech,Off-grid solar products platform,Mumbai,60000000.0,1,2017-12-06,2017-12-06
Grex,Other,,Pune,650000.0,1,2015-08-05,2015-08-05
Grey Campus,Consumer Internet & Tech,Online Learning Platform,Hyderabad,1000000.0,1,2016-06-08,2016-06-08
Grey Orange,Real Estate & PropTech,,Gurgaon,30000000.0,1,2015-08-10,2015-08-10
GreyAtom,Consumer Internet & Tech,Education,Mumbai,1000000.0,1,2018-01-25,2018-01-25
GreytHR,Consumer Internet & Tech,Payroll & HR Software Developer,Bangalore,5200000.0,1,2016-06-17,2016-06-17
Gridle,SaaS & Enterprise Tech,,Ahmedabad,100000.0,1,2015-10-12,2015-10-12
Grofers,E-Commerce,Grocery Delivery,Gurgaon,297000000.0,5,2015-02-27,2019-08-19
Groupon India,,,,20000000.0,1,2015-03-11,2015-03-11
Grover Zampa,Food & Beverage,Wine,Mumbai,8200000.0,1,2018-10-04,2018-10-04
Grow Fit,Consumer Internet & Tech,Health-Tech platform,Bangalore,4500000.0,1,2017-06-21,2017-06-21
GrowFitter,Consumer Internet & Tech,health and fitness discovery platform,Mumbai,600000.0,1,2017-06-07,2017-06-07
Groww,Consumer Internet & Tech,Online Platform That Sells Direct Plans Of Mutual Funds,Bangalore,1100000.0,1,2018-07-09,2018-07-09
Guarented,E-Commerce,Home Furnishing rental marketplace,Bangalore,500000.0,1,2016-08-24,2016-08-24
Guiddoo,Travel & Hospitality,Platform for travel agents,Mumbai,800000.0,2,2015-06-10,2018-12-02
Guidoo,Consumer Internet & Tech,Travel & adventure planning platform,Mumbai,300000.0,1,2017-06-09,2017-06-09
GuruG Learning,Other,,Bangalore,0.0,1,2015-09-08,2015-09-08
Gurukul,Consumer Internet & Tech,co-working space provider,Delhi,0.0,1,2017-09-14,2017-09-14
Gyaanzone,Edtech,Career Planning and Education Advisory Platform,Mumbai,45000.0,1,2016-01-08,2016-01-08
GyanDhan,Consumer Internet & Tech,Education Marketplace,Delhi,0.0,2,2016-07-12,2017-06-06
GymTrekker,Other,,Mumbai,0.0,1,2015-10-14,2015-10-14
Gympik,Consumer Internet & Tech,"Fitness Centres, Gym Discovery online marketplace",Bangalore,135000.0,2,2015-01-05,2016-03-01
Gympik.com,Consumer Internet & Tech,online marketplace for discovering fitness centres,Bangalore,0.0,1,2017-07-28,2017-07-28
HEAL Institute,Healthtech,Sports Focused Healthcare Startup,Mumbai,0.0,1,2016-07-13,2016-07-13
HUG Innovations,Consumer Internet & Tech,Gesture based Smartwatch manufacturer,Hyderabad,5000000.0,1,2017-06-26,2017-06-26
HWell24,Healthtech,Home Healthcare Aggregator,Mumbai,200000.0,1,2018-05-28,2018-05-28
HWell24 Plus,Healthtech,Technology-Empowered Healthcare Solutions,Mumbai,0.0,1,2017-09-20,2017-09-20
HackerEarth,Consumer Internet & Tech,Online Skill Assessment Platform,Bangalore,4500000.0,1,2017-04-12,2017-04-12
HackerRank,HR & Recruitment,,Bangalore,7500000.0,1,2015-07-14,2015-07-14
HalaPlay,Consumer Internet & Tech,Online Fantasy Games,Mumbai,0.0,1,2017-11-03,2017-11-03
HandyHome,Logistics & Transport,,Mumbai,630000.0,1,,
HandyTrain,Consumer Internet & Tech,Mobile Learning Management Platform,Goa,2000000.0,2,2016-11-30,2017-12-05
Hansa Customer Equity,Other,,Mumbai,5000000.0,1,2015-06-18,2015-06-18
Hansel io,Consumer Internet & Tech,Real-time Mobile App Management,Bangalore,4000000.0,1,2018-08-08,2018-08-08
Hansel.io,Consumer Internet & Tech,Real-time Mobile App Management Platform,Bangalore,1350000.0,2,2016-02-08,2017-01-12
Happily Unmarried,E-Commerce,Online Gifting platform,Delhi,0.0,1,2017-11-10,2017-11-10
HappilyUnmarried,E-Commerce,Online Merchandize etailer,Delhi,740000.0,1,2016-07-06,2016-07-06
Happitoo,Other,,Mumbai,77000.0,1,2015-10-27,2015-10-27
Happy EMI,Fintech,Consumer Financing Platform,Bangalore,1000000.0,1,2018-08-09,2018-08-09
Happy2Refer,Consumer Internet & Tech,Mobile based Referral Platform,Mumbai,250000.0,1,2016-01-12,2016-01-12
HappyGoEasy,Consumer Internet & Tech,Online Travel Agecy,Gurgaon,0.0,1,2018-09-04,2018-09-04
Happydemic,Consumer Internet & Tech,Artist Discovery & Booking platform,Mumbai,0.0,1,2016-04-12,2016-04-12
Haptik,Consumer Internet & Tech,Personal Assistant App,Mumbai,0.0,1,2016-04-05,2016-04-05
Haqdarshak,Consumer Internet & Tech,Tech-Enabled Social Enterprise,Bangalore,191000.0,1,2017-03-22,2017-03-22
Harness Handitouch,,,,0.0,1,2015-03-20,2015-03-20
HashLearn,Consumer Internet & Tech,Mobile based private tutoring services,,0.0,1,2016-03-23,2016-03-23
HashTaag,Consumer Internet & Tech,Mobile App Development company,Bangalore,1000000.0,1,2016-09-22,2016-09-22
Hasura,Consumer Internet & Tech,App building platform,Chennai,0.0,1,2017-10-18,2017-10-18
HeadOut,E-Commerce,,Bangalore,1800000.0,1,2015-04-23,2015-04-23
Heads Up For Tails,E-Commerce,Online Pet Products Store,Delhi,3000000.0,2,2016-02-06,2017-01-31
Healers At Home,Healthtech,,Delhi,0.0,1,2015-11-21,2015-11-21
HealthAssure,Healthtech,Primary care medical network,Mumbai,2500000.0,1,2019-07-10,2019-07-10
HealthCare,Consumer Internet & Tech,Healthcare Aggregator,Mumbai,1000000.0,1,2018-03-12,2018-03-12
HealthEminds,Consumer Internet & Tech,Online mental healthcare,Bangalore,0.0,1,2016-03-29,2016-03-29
HealthEnablr,Consumer Internet & Tech,Doctor Discovery and booking platform,Mumbai,800000.0,1,2016-03-17,2016-03-17
HealthFin,Fintech,Patient Financing Platform,Pune,0.0,1,2018-08-01,2018-08-01
HealthIntel,Healthtech,Online Pharmacy,Delhi,0.0,1,2017-06-16,2017-06-16
HealthKart,E-Commerce,Online Pharmacy & Health Marketplace,Gurgaon,12000000.0,1,2016-08-01,2016-08-01
HealthKumbh,Consumer Internet & Tech,Health related Information portal,Ahmedabad,73000.0,1,2016-02-18,2016-02-18
HealthMir,Consumer Internet & Tech,AI-based health content platform,Delhi,0.0,1,2017-05-05,2017-05-05
HealthSutra,Food & Beverage,Health Food Maker,Hyderabad,0.0,1,2017-05-19,2017-05-19
Healthbuds,Consumer Internet & Tech,Healthcare Discovery & booking platform,Kolkata,0.0,1,2017-06-06,2017-06-06
Healthcare at Home,Healthtech,Home Healthcare Provider,Noida,40000000.0,1,2017-04-03,2017-04-03
Healthi,Healthtech,Preventive Health Checkup,Bangalore,3100000.0,1,2018-02-06,2018-02-06
Healthians,Food & Beverage,Food Solutions For Corporate,Bangalore,27000000.0,4,2016-10-24,2019-12-17
Healthians.com,Healthtech,,Hyderabad,0.0,1,2015-06-23,2015-06-23
HealthifyMe,Healthtech,Wellness Coach,Bangalore,12000000.0,4,2015-05-08,2018-11-20
Healthifyme,Consumer Internet & Tech,Fitness Mobile App,Bangalore,1000000.0,1,2016-12-29,2016-12-29
Healthsignz,Healthtech,Health and Well being Platform,Hyderabad,5000000.0,1,2018-07-31,2018-07-31
HealthyWorld.in,,,,400000.0,2,2015-01-19,2015-01-20
Heckyl,Consumer Internet & Tech,Big Data Analytics Platform,Mumbai,2700000.0,1,2017-11-21,2017-11-21
Hello Curry,Food & Beverage,Quick Service Restaurant Chain,Hyderabad,1500000.0,1,2016-03-18,2016-03-18
Hello Tax,Consumer Internet & Tech,Online Tax Filing Platform,Delhi,295000.0,1,2016-06-28,2016-06-28
HelpChat,Consumer Internet & Tech,AI Powered Content & Commerce platform,Bangalore,0.0,1,2016-10-03,2016-10-03
HelpShift,Consumer Internet & Tech,Mobile CRM Platform,Pune,23000000.0,1,2016-06-07,2016-06-07
Helpi,Consumer Internet & Tech,On Demand Cleaning Services Mobile App,Mumbai,0.0,1,2016-01-01,2016-01-01
Heterogenous,Consumer Internet & Tech,Telecom & IoT platform,Chennai,780000.0,1,2017-09-13,2017-09-13
Hevo Data,Consumer Internet & Tech,Real time data analytics & reporting,Bangalore,1000000.0,1,2017-11-04,2017-11-04
HeyBiz,E-Commerce,,Delhi,0.0,1,2015-12-08,2015-12-08
HeyPillow,E-Commerce,,Bangalore,3000000.0,1,2015-11-20,2015-11-20
HiJinny,E-Commerce,,Mumbai,0.0,1,2015-09-03,2015-09-03
High Radius,Consumer Internet & Tech,Integrated receivables software solutions,Hyderabad,50000000.0,1,2017-09-19,2017-09-19
HighRadius,Consumer Internet & Tech,Cloud-based Software,Hyderabad,0.0,1,2018-02-21,2018-02-21
Highway Delite,Consumer Internet & Tech,Various Highway Help Services,Bangalore,0.0,1,2016-04-04,2016-04-04
Hike,Consumer Internet & Tech,Mobile Messaging App,Delhi,175000000.0,1,2016-08-16,2016-08-16
Hike Messenger,Consumer Internet & Tech,P2P Messaging Service,Delhi,0.0,1,2016-01-12,2016-01-12
HipBar,Consumer Internet & Tech,Digital Payment Platform For Beverage Delivery,Bangalore,4000000.0,1,2018-06-25,2018-06-25
HipCouch,Consumer Internet & Tech,Custom & Modular Furniture platform,Mumbai,700000.0,1,2017-01-16,2017-01-16
Hipcask,Consumer Internet & Tech,Alcoholic beverage discovery platform,Mumbai,0.0,1,2016-10-20,2016-10-20
Hippily,E-Commerce,Fashion ECommerce App,Mumbai,250000.0,1,2016-04-13,2016-04-13
Hipship,Logistics & Transport,,Bangalore,0.0,1,2015-11-18,2015-11-18
HitGrit,Consumer Internet & Tech,Online Legal Consultation platform,Chandigarh,0.0,1,2016-07-12,2016-07-12
Hitwicket,Other,,Hyderabad,250000.0,1,2015-11-12,2015-11-12
HolaChef,Consumer Internet & Tech,Online Food Delivery,Mumbai,5275000.0,4,2015-02-02,2017-04-20
Holachef,Food & Beverage,,Mumbai,3100000.0,1,2015-06-21,2015-06-21
HolidayIQ,Travel & Hospitality,,Bangalore,15000000.0,1,2015-07-23,2015-07-23
Holidify,Travel & Hospitality,,Delhi,100000.0,1,2015-10-19,2015-10-19
Holisol Logistics,Logistics & Transport,,Delhi,10000000.0,1,2015-12-10,2015-12-10
HomeCapital,Consumer Internet & Tech,Home Loan Down payment assistance program,Mumbai,0.0,1,2017-10-03,2017-10-03
HomeLane,Consumer Internet & Tech,Online Home Furnishing Solutions,Bangalore,17950000.0,3,2015-02-23,2018-06-14
HomeStudio,E-Commerce,,Bangalore,5000000.0,1,2015-12-10,2015-12-10
Homelane,Other,,Bangalore,50000000.0,1,2015-06-15,2015-06-15
Homergize,E-Commerce,Home Furnishing & Building material marketplace,Bangalore,1000000.0,1,2017-09-21,2017-09-21
Homers.in,Real Estate & PropTech,,Gurgaon,0.0,1,2015-10-16,2015-10-16
Hoopy,Consumer Internet & Tech,Online Car Service Platform,Gwalior,500000.0,1,2017-01-17,2017-01-17
Hopping Chef,Food & Beverage,,Mumbai,470000.0,1,2015-07-08,2015-07-08
Hoppingo,Consumer Internet & Tech,Fashion Discovery platform,Delhi,89000.0,1,2016-05-23,2016-05-23
Hopscotch,E-Commerce,Baby & Kids Products Online Flash sales platform,Mumbai,24000000.0,2,2015-01-20,2016-02-29
Horntell,Consumer Internet & Tech,Unified Push Notification service,Gurgaon,150000.0,1,2016-03-24,2016-03-24
Hostel Dunia,,,,16000.0,1,2015-01-19,2015-01-19
Hotelogix,Consumer Internet & Tech,Cloud based Online Hotel Management Software,Noida,5000000.0,1,2018-03-05,2018-03-05
Hotify,Other,,Bangalore,150000.0,1,2015-12-29,2015-12-29
House of Msasaba,Fashion & Lifestyle,Clothes and Apparel,Mumbai,1000000.0,1,2019-07-09,2019-07-09
Housejoy,E-Commerce,,Bangalore,26500000.0,2,2015-06-19,2015-12-16
Housing,Consumer Internet & Tech,Real Estate Portal,Mumbai,0.0,1,2016-04-04,2016-04-04
Housing.com,Consumer Internet & Tech,Real Estate Portal,Mumbai,20000000.0,2,2016-01-21,2016-11-22
HousingMan,Consumer Internet & Tech,Property Discovery Platform,Bangalore,1500000.0,1,2018-07-20,2018-07-20
Houssup,Consumer Internet & Tech,interior design and home furnishing portal,Jaipur,0.0,1,2016-04-18,2016-04-18
Howdy Ventures,Consumer Internet & Tech,Public and Private Events creation app,Chennai,1500000.0,1,2017-04-26,2017-04-26
Hubilo,Consumer Internet & Tech,End-to-end Event Organizers Solutions,Ahmedabad,0.0,1,2016-11-25,2016-11-25
Hugefly,E-Commerce,,Pune,0.0,1,2015-09-29,2015-09-29
Hungama,Consumer Internet & Tech,Digital Media Entertainment Portal,Mumbai,25000000.0,1,2016-04-04,2016-04-04
HungerBox,Food & Beverage,B2B Foodtech,Bangalore,9090000.0,2,2018-01-22,2019-08-21
Hungry Foal,E-Commerce,Healthy & Nutrition based snacks online platform,Gurgaon,0.0,2,2017-06-06,2017-11-14
HyperTrack,Consumer Internet & Tech,Location tracking solutions,Delhi,0.0,1,2017-06-13,2017-06-13
HyperVerge,Edtech,,Chennai,1000000.0,1,2015-08-18,2015-08-18
Hypernova Interactive,Consumer Internet & Tech,Mobile games creator,Bangalore,0.0,1,2017-07-18,2017-07-18
I Can Stay,Consumer Internet & Tech,Hotel Aggregator Platform,Delhi,1800000.0,1,2017-12-12,2017-12-12
IBSFintech,Consumer Internet & Tech,Treasury Risk Management Solution,Bangalore,0.0,1,2017-10-09,2017-10-09
ICHR,Consumer Internet & Tech,Mobile based Children health Information app,Delhi,450000.0,1,2016-04-27,2016-04-27
ICustomMadeIt,E-Commerce,,Pune,250000.0,1,2015-08-25,2015-08-25
IDG Ventures,Fintech,Venture Capitalist,Bangalore,10000000.0,1,2017-11-24,2017-11-24
IDfy,Other,,Mumbai,0.0,1,2015-08-18,2015-08-18
IFMR Holdings,Fintech,,Chennai,25000000.0,1,2015-08-13,2015-08-13
IGP.com,E-Commerce,Online Gifting Platform,Noida,0.0,1,2017-12-21,2017-12-21
IIM Jobs,Consumer Internet & Tech,Online Job Portal,Delhi,2000000.0,1,2016-11-09,2016-11-09
IMAX Program,Edtech,Individualised Progressive Learning Program,Bangalore,13500000.0,1,2018-02-13,2018-02-13
IMbesharam,E-Commerce,Adult Products Etailers,Delhi,4000000.0,1,2016-01-20,2016-01-20
INDwealth,Fintech,Wealth Management,Gurgaon,15000000.0,1,2019-08-22,2019-08-22
ION Energy,Consumer Internet & Tech,Clean Tech Startup,Mumbai,0.0,1,2017-05-11,2017-05-11
IOTrek,Consumer Internet & Tech,IoT Platform for Bus,Delhi,155000.0,1,2017-04-19,2017-04-19
IQlect,Consumer Internet & Tech,Big Data Analytics Platform,Bangalore,0.0,1,2016-03-01,2016-03-01
ISFC,Fintech,Education Sector Lending,Hyderabad,6000000.0,1,2016-10-14,2016-10-14
Icertis,Consumer Internet & Tech,Enterprise Contract Management Platform,Pune,96000000.0,4,2015-04-29,2018-02-08
Idea Bubbles,Consumer Internet & Tech,Doctor Consulting platform,Bangalore,700000.0,1,2016-10-27,2016-10-27
IdeaChakki,Consumer Internet & Tech,Restaurant Menu & Food mobile app,Delhi,0.0,1,2016-09-13,2016-09-13
IdeaForge,Consumer Internet & Tech,Drone Manufacturing,Mumbai,10000000.0,1,2016-12-15,2016-12-15
Ideal Insurance,Consumer Internet & Tech,Online Insurance platform,Kolkata,0.0,1,2017-07-18,2017-07-18
Ignis Careers,HR & Recruitment,,Hyderabad,250000.0,1,2015-05-05,2015-05-05
ImageProVision,Consumer Internet & Tech,Image Analysis Solutions,Pune,0.0,1,2016-07-18,2016-07-18
Imaginate,Consumer Internet & Tech,AR & VR platform,Hyderabad,500000.0,1,2017-02-17,2017-02-17
Imarticus Learning,Edtech,Financial Services & Analytics Education Institute,Mumbai,1000000.0,1,2016-03-03,2016-03-03
Impact Analytics,Consumer Internet & Tech,Business intelligence and data science Startup,Bangalore,750000.0,1,2016-10-30,2016-10-30
Impact Guru,Consumer Internet & Tech,Online Crowdfunding platform for NGOs & Social Projects,Mumbai,500000.0,1,2016-04-29,2016-04-29
ImpactGuru,Consumer Internet & Tech,Crowdfunding Platform,Mumbai,0.0,1,2016-06-29,2016-06-29
Impartus,,,,0.0,1,2015-01-24,2015-01-24
InCred,Fintech,Non-Banking Financial Company,Mumbai,5900000.0,1,2019-12-16,2019-12-16
InCred Finance,Fintech,SME Lending,,42000000.0,1,2018-11-25,2018-11-25
Inayo,E-Commerce,,Mumbai,300000.0,1,2015-10-09,2015-10-09
Inc42,Consumer Internet & Tech,Startup Focused Media News Portal,Delhi,0.0,1,2016-02-09,2016-02-09
Inclov,Consumer Internet & Tech,Matchmaking app for the differently abled,Gurgaon,0.0,1,2017-09-26,2017-09-26
Increff,Consumer Internet & Tech,Supply-chain technology solutions,Bangalore,5000000.0,2,2017-07-17,2019-04-17
Indee,Consumer Internet & Tech,Web Video Streaming Platform,Bangalore,500000.0,1,2016-05-04,2016-05-04
Indi.com,Consumer Internet & Tech,Video Social Network,,0.0,1,2016-04-12,2016-04-12
India Gifts Portal,E-Commerce,Online Gifting platform,Noida,2000000.0,1,2016-10-04,2016-10-04
India Lends,Consumer Internet & Tech,Online Instant personal Loan provider,Delhi,4000000.0,1,2016-12-01,2016-12-01
IndiaLends,Fintech,,Delhi,1000000.0,2,2015-07-07,2015-10-05
Indiamart,E-Commerce,B2B Marketplace for SMBs,Noida,0.0,1,2016-03-09,2016-03-09
IndianRoots.com,E-Commerce,,Gurgaon,5000000.0,1,2015-05-14,2015-05-14
Indiez,Consumer Internet & Tech,Software & Mobile app development platform,Bangalore,500000.0,1,2017-08-23,2017-08-23
Indifi,Consumer Internet & Tech,Online lending platform,Gurgaon,10000000.0,2,2015-10-01,2016-12-13
IndigoLearn,Edtech,Online Education Platform,Hyderabad,150000.0,1,2018-04-05,2018-04-05
Indix,SaaS & Enterprise Tech,,,15000000.0,1,2015-06-24,2015-06-24
Indofash,E-Commerce,Ethnic Indian Fashion Marketplace,Bangalore,150000.0,1,2016-11-30,2016-11-30
Indus OS,Consumer Internet & Tech,Smartphone Operating System,Mumbai,14750000.0,4,2016-01-19,2019-07-10
IndustryBuying,E-Commerce,B2B Industrial Goods Marketplace,Delhi,13000000.0,3,2015-02-25,2016-01-20
Industrybuying,E-Commerce,,Delhi,0.0,1,2015-12-22,2015-12-22
Infibeam,E-Commerce,Online Retailing,Ahmedabad,15030000.0,2,2017-01-25,2018-02-15
Infinite Analytics,AI & Data,,Mumbai,0.0,1,2015-08-31,2015-08-31
Infisecure,Consumer Internet & Tech,Bot Protection Solutions,Mumbai,600000.0,1,2016-11-23,2016-11-23
Infogain,Other,,Delhi,63000000.0,1,2015-08-11,2015-08-11
Infoworks,AI & Data,,Bangalore,5000000.0,1,2015-09-30,2015-09-30
Infurnia,Consumer Internet & Tech,Online Furniture Customization platform,Bangalore,160000.0,1,2016-01-07,2016-01-07
Ink Monk,Consumer Internet & Tech,Online printing marketplace,Chennai,750000.0,1,2017-08-25,2017-08-25
Inkmonk,E-Commerce,,Chennai,250000.0,1,2015-08-10,2015-08-10
Inmobi,Media & Entertainment,,Bangalore,100000000.0,1,2015-09-29,2015-09-29
Innefu Security Consulting,Consumer Internet & Tech,Cyber Security solutions using AI,Delhi,2000000.0,1,2017-04-18,2017-04-18
Inner Hour,Consumer Internet & Tech,Online Counselling Platform,Mumbai,450000.0,1,2017-02-07,2017-02-07
InnerChef,Consumer Internet & Tech,Online food ordering platform,Gurgaon,4250000.0,2,2015-09-23,2016-10-04
InnoNano Research,Consumer Internet & Tech,Clean Water Technology,Chennai,18000000.0,1,2016-05-10,2016-05-10
Innoplexus,Consumer Internet & Tech,Data as a Service Provider,Pune,0.0,1,2016-12-22,2016-12-22
Innov8,Real Estate & PropTech,Co-Working,Delhi,4000000.0,3,2016-10-14,2018-10-11
Innovaccer,Consumer Internet & Tech,Integrated Enterprise Analytics Platform,Noida,15600000.0,2,2015-05-13,2016-08-12
Innovapptive,Consumer Internet & Tech,Enterprise Mobility Solutions,Hyderabad,1500000.0,1,2017-05-02,2017-05-02
Innoviti,Consumer Internet & Tech,Digital payments solutions,Bangalore,23350000.0,2,2015-07-20,2017-07-12
Inshorts,Consumer Internet & Tech,Mobile News Curation App,Noida,5000000.0,1,2017-12-08,2017-12-08
Insider.in,Consumer Internet & Tech,Events Ticketing platform,Mumbai,5200000.0,1,2017-06-20,2017-06-20
Inspirock,Travel & Hospitality,,,0.0,1,2015-05-19,2015-05-19
InstaBounce,,,,16600.0,1,2015-02-02,2015-02-02
InstaLively,Media & Entertainment,,Delhi,240000.0,2,2015-03-02,2015-04-06
InstaLively.com,Media & Entertainment,,Delhi,0.0,1,2015-07-15,2015-07-15
InstaOffice,Consumer Internet & Tech,CoWorking Spaces booking platform,Gurgaon,0.0,1,2017-01-11,2017-01-11
InstaSafe,Consumer Internet & Tech,Security-as-a-Service solution provider,Bangalore,2200000.0,2,2015-08-27,2017-01-25
Instacar,Consumer Internet & Tech,Out-Station Taxi Rental Platform,Indore,1000000.0,1,2016-09-28,2016-09-28
InstantPay,Consumer Internet & Tech,Digital payments & recharge platform,Delhi,0.0,1,2016-12-30,2016-12-30
Instaproc,E-Commerce,B2B Procurement Marketplace for Office Products,Noida,0.0,1,2016-01-05,2016-01-05
Instavans,Logistics & Transport,,Bangalore,0.0,1,2015-10-30,2015-10-30
Intelligence Node,Consumer Internet & Tech,SAAS Based Retail Analytics Solutions,Mumbai,800000.0,1,2017-01-10,2017-01-10
IntelligenceNODE,SaaS & Enterprise Tech,,Mumbai,4200000.0,1,2015-08-18,2015-08-18
Intelligent Interfaces,Other,,Bangalore,0.0,2,2015-12-11,2015-12-30
Interviewpad,Consumer Internet & Tech,Engineering Interview facilitation platform,Pune,100000.0,1,2016-11-30,2016-11-30
Intgrea,Consumer Internet & Tech,Post merger Integration Partners,Bangalore,100000.0,1,2016-06-07,2016-06-07
Inthree,Consumer Internet & Tech,Rural E-commerce Platform,Chennai,4000000.0,1,2018-08-13,2018-08-13
Intruo.com,,,,0.0,1,2015-03-03,2015-03-03
Intuit Things,Consumer Internet & Tech,IoT solutions for home automation applications,Mumbai,106000.0,1,2017-01-30,2017-01-30
Inuxu,Consumer Internet & Tech,Online Advertising Solutions,Pune,3000000.0,1,2016-09-12,2016-09-12
Invictus Oncology,Healthtech,Cancer therapeutic Info & Solutions,Delhi,0.0,1,2016-02-08,2016-02-08
Iqlect,SaaS & Enterprise Tech,,Bangalore,2000000.0,1,2015-07-22,2015-07-22
Ithaka,Consumer Internet & Tech,Vacation Trip Planning platform,Mumbai,325000.0,1,2017-03-29,2017-03-29
Itzcash,,,,16500000.0,1,2015-02-13,2015-02-13
Ixigo,Consumer Internet & Tech,Online Travel Search Engine,Gurgaon,15000000.0,2,2015-06-22,2017-03-23
Jay Robotix,Edtech,,Hyderabad,250000.0,1,2015-04-28,2015-04-28
Jaypore,E-Commerce,Ethnic Products marketplace,Delhi,5000000.0,1,2016-02-19,2016-02-19
Jazzmyride,E-Commerce,Auto Parts & Accessories eTailer,Delhi,0.0,1,2016-06-11,2016-06-11
JetSetGo,E-Commerce,,Bangalore,0.0,2,2015-07-23,2015-12-14
Jhakaas,Consumer Internet & Tech,App-based Aggregator of Offline Businesses,Mumbai,155000.0,2,2017-03-31,2017-07-28
Jiffstore,Food & Beverage,,Bangalore,0.0,1,2015-06-17,2015-06-17
Jigsaw Academy,Edtech,,Bangalore,3000000.0,1,2015-12-09,2015-12-09
Jivox,Consumer Internet & Tech,Data Driven Advertising platform,Bangalore,6000000.0,1,2016-06-14,2016-06-14
Jiyo Natural,Healthtech,,Bangalore,0.0,1,2015-10-21,2015-10-21
Jobick,Consumer Internet & Tech,Mobile app based Job Search,Noida,0.0,1,2016-01-15,2016-01-15
Jobspire,HR & Recruitment,,Bangalore,260000.0,1,2015-09-03,2015-09-03
JoeHukum,Consumer Internet & Tech,Enterprise customer engagement solutions,Delhi,0.0,2,2015-12-09,2016-09-20
Johari Shop,E-Commerce,Online Jewellery etailer,Bangalore,94000.0,1,2017-02-27,2017-02-27
Jolly Food Fellow,Food & Beverage,,Ahmedabad,300000.0,1,2015-08-24,2015-08-24
JollyFoodFellow,Consumer Internet & Tech,Food Related Marketing & Branding platform,Ahmedabad,0.0,1,2016-03-11,2016-03-11
Jombay,SaaS & Enterprise Tech,,Pune,0.0,1,2015-10-27,2015-10-27
Joolz,E-Commerce,Online Jewellery Store,Mumbai,500000.0,1,2016-08-16,2016-08-16
Josh Talks,Consumer Internet & Tech,Storytelling platform,Gurgaon,0.0,1,2017-11-15,2017-11-15
JoulestoWatts,Consumer Internet & Tech,IT services & Talent collaboration services startup,Bangalore,0.0,1,2016-02-10,2016-02-10
Joy by nature,E-Commerce,,Delhi,1000000.0,1,2015-07-21,2015-07-21
Juggernaut,Media & Entertainment,,Delhi,2250000.0,1,2015-09-23,2015-09-23
Jugnoo,Consumer Internet & Tech,On-demand Delivery & Logistics platform,Chandigarh,26000000.0,5,2015-04-23,2016-04-18
Julia Computing,Consumer Internet & Tech,Open Source Language for Data Science and Machine Learning,Bangalore,5200000.0,2,2015-11-17,2017-06-22
JumboBasket,E-Commerce,,Chandigarh,0.0,1,2015-12-09,2015-12-09
Jumbotail,E-Commerce,online marketplace for food and grocery,Bangalore,8500000.0,1,2017-07-05,2017-07-05
Juno Clinic,Consumer Internet & Tech,Online Counseling Platform,Mumbai,1200000.0,1,2017-03-06,2017-03-06
Juspay,Consumer Internet & Tech,Digital Payments solutions,Bangalore,5800000.0,1,2016-02-25,2016-02-25
Jusride,Real Estate & PropTech,,Mumbai,0.0,1,2015-08-03,2015-08-03
Just Buy Live,E-Commerce,B2B Marketplace for Distributors,Mumbai,20000000.0,1,2016-01-20,2016-01-20
JustDoc,Consumer Internet & Tech,Medical Video Consultation platform,Bangalore,0.0,1,2016-01-28,2016-01-28
JustLikeNew,E-Commerce,Online gadget Repair Services Marketplace,Hyderabad,500000.0,1,2016-09-20,2016-09-20
JustRide,Consumer Internet & Tech,Online Car Sharing platform,Mumbai,5000000.0,2,2015-11-27,2016-11-07
Justbooks,Consumer Internet & Tech,Library Chain Aggregator,Bangalore,0.0,1,2016-12-29,2016-12-29
Justdakhila.com,Edtech,School Student admissions platform,Delhi,750000.0,1,2016-01-06,2016-01-06
Justride,Consumer Internet & Tech,Self Drive Car Rental,Mumbai,400000.0,1,2016-03-09,2016-03-09
KAARYAH,E-Commerce,,Gurgaon,0.0,1,2015-06-03,2015-06-03
KNAB Finance,Consumer Internet & Tech,Unsecured Small Business Loans,Bangalore,385000.0,1,2017-08-15,2017-08-15
KOOH Sports,Consumer Internet & Tech,Sports Training & Technology,Mumbai,4200000.0,2,2015-12-21,2016-10-07
Kaaryah,Fashion & Lifestyle,,Delhi,0.0,1,2015-12-02,2015-12-02
KabadiExpress,Consumer Internet & Tech,Free Door Step Scrap Pickup Service,Delhi,148000.0,1,2016-06-24,2016-06-24
Kabadiwala,E-Commerce,Waste Management,Bhopal,430665.0,1,2019-04-10,2019-04-10
Kalaage,Consumer Internet & Tech,Social Networking Platform for Writers,Jaipur,0.0,1,2016-09-30,2016-09-30
Kaleidofin,Fintech,Digital Financial Services Platform,Chennai,2800000.0,1,2018-04-09,2018-04-09
Kalpnik Technologies,Consumer Internet & Tech,VR based Spiritual platform,Bangalore,500000.0,1,2017-11-03,2017-11-03
Kanhaiya,Consumer Internet & Tech,Storytelling platform,Hyderabad,200000.0,1,2017-11-17,2017-11-17
Karma Healthcare,Healthtech,Technology enabled equitable healthcare for India,Udaipur,500000.0,2,2015-06-02,2018-03-19
Karma Recycling,Other,,Delhi,0.0,1,2015-06-16,2015-06-16
KarmaCircles,Consumer Internet & Tech,Peer-to-peer Social Learning platform,Delhi,0.0,1,2016-09-10,2016-09-10
Karomi,Consumer Internet & Tech,Packaging Artwork Management software,Chennai,500000.0,1,2017-03-02,2017-03-02
Kartrocket,E-Commerce,ECommerce SAAS platform,Delhi,14000000.0,2,2016-01-18,2016-03-08
Kashmir Box,E-Commerce,"Online Marketplace For Handicrafts, Handlooms And Local Produce",Srinagar,0.0,1,2018-06-04,2018-06-04
KeepTrax,Other,,Dallas,1000000.0,1,2015-04-04,2015-04-04
Ketchupp,Consumer Internet & Tech,Food Discovery Platform,Delhi,441000.0,1,2017-01-17,2017-01-17
Ketto,Other,,Mumbai,1400000.0,2,2015-07-16,2015-08-06
KhanaGadi,Consumer Internet & Tech,Online Food Delivery for Train Travelers,Jaipur,0.0,1,2016-06-13,2016-06-13
Khel Now,Consumer Internet & Tech,Mobile-based Social Platform for Sports,Bangalore,850000.0,2,2016-09-21,2017-01-24
Kickstart Jobs,Consumer Internet & Tech,Entry level hiring platform,Gurgaon,0.0,1,2016-06-10,2016-06-10
Kidsstoppress,Consumer Internet & Tech,Parenting and Baby care Platform,Mumbai,0.0,1,2016-10-14,2016-10-14
Kinara Capital,Fintech,Lending Platform For Micro and Small Enterprises,Bangalore,5000000.0,1,2018-07-10,2018-07-10
Kinsane Entertainment Inc,Media & Entertainment,Digital Entertainment for Children,Mumbai,2500000.0,1,2018-01-09,2018-01-09
Kissht,Fintech,Online lending Platform,Mumbai,32000000.0,2,2017-06-22,2018-09-12
Kleeto,Other,,Gurgaon,230000.0,1,2015-10-30,2015-10-30
KleverKid,Edtech,,Delhi,0.0,1,2015-05-08,2015-05-08
Klinic App,Consumer Internet & Tech,Pathology & Diagnostic Tests Portal,Gurgaon,0.0,1,2017-03-30,2017-03-30
Klip.in,,,,500000.0,1,2015-02-20,2015-02-20
Kloseby,Consumer Internet & Tech,proximity based Rewards platform,Bangalore,100000.0,1,2016-11-28,2016-11-28
Klozee,Real Estate & PropTech,,Bangalore,0.0,1,2015-08-06,2015-08-06
Knit,,,,0.0,1,2015-05-21,2015-05-21
Knolskae,Consumer Internet & Tech,Educational Gamification & Simulation platform,Bangalore,0.0,1,2016-04-22,2016-04-22
Knowlarity,Consumer Internet & Tech,Cloud Telephony Platform,Bangalore,20000000.0,1,2016-11-23,2016-11-23
Kobster.com,,,,0.0,1,2015-02-05,2015-02-05
Kochi Post,Consumer Internet & Tech,English Online News portal,Kochi,0.0,1,2017-01-26,2017-01-26
Kolabro,Real Estate & PropTech,,Gurgaon,0.0,1,2015-12-24,2015-12-24
Konsult App,Consumer Internet & Tech,App based Doctor Consulting platform,Delhi,500000.0,1,2017-04-04,2017-04-04
Koovs,E-Commerce,Fashion eTailer,Delhi,23300000.0,3,2016-01-11,2016-11-17
Korra,Fashion & Lifestyle,,Delhi,300000.0,1,2015-09-22,2015-09-22
KountMoney,E-Commerce,,Bangalore,0.0,1,2015-11-26,2015-11-26
Kratikal,Consumer Internet & Tech,Cyber Security Solution provider,Delhi,0.0,1,2017-01-18,2017-01-18
KrazyBee,E-Commerce,Lending Platform,Bangalore,10000000.0,3,2016-06-07,2019-04-19
Kreate Konnect,Consumer Internet & Tech,End-to-End Seller e-commerce solutions Provider,Vadodara,0.0,1,2017-03-02,2017-03-02
Kredx,E-Commerce,Invoice discounting marketplace,Bangalore,6000000.0,1,2016-10-25,2016-10-25
Kriger Campus,Edtech,Mobile-Based Education Network,Delhi,46140.0,1,2018-04-09,2018-04-09
Kuants,Consumer Internet & Tech,Algorithmic Trading,Gurgaon,80000.0,1,2018-01-12,2018-01-12
Kulzy,Media & Entertainment,,Delhi,1000000.0,1,2015-10-09,2015-10-09
Kuvera,Fintech,Wealth Management,Bangalore,45250000.0,2,2018-03-03,2019-04-16
Kyazoonga,E-Commerce,Online event ticketing Platform,Mumbai,0.0,1,2016-06-10,2016-06-10
LEAP India,Consumer Internet & Tech,Supply Chain Equipment & Services provider,Mumbai,3000000.0,1,2016-06-24,2016-06-24
La Renon,Healthtech,,Ahmedabad,16000000.0,1,2015-06-12,2015-06-12
LabInApp,Edtech,,Bangalore,0.0,1,2015-06-24,2015-06-24
LabStreet,Healthtech,,Gurgaon,150000.0,1,2015-09-18,2015-09-18
LabsAdvisor,E-Commerce,,Delhi,156000.0,1,2015-08-20,2015-08-20
LafaLafa,Other,,Mumbai,125000.0,2,2015-09-21,2015-12-23
LatestOne,E-Commerce,Tech Accessories e-tailer,Hyderabad,6350000.0,2,2015-12-22,2017-03-15
LaundryAnna,Consumer Internet & Tech,On-Demand Washing & Dry Cleaning Services,Bangalore,150000.0,1,2016-11-02,2016-11-02
Lavelle Networks,Consumer Internet & Tech,SDN Solutions,Bangalore,600000.0,1,2017-03-10,2017-03-10
Lawrato,Consumer Internet & Tech,Free Legal Advice,Delhi,0.0,1,2016-11-17,2016-11-17
LazyLad,Food & Beverage,,Gurgaon,500000.0,1,2015-07-31,2015-07-31
Leadburg,Consumer Internet & Tech,Personality Development Mobile App,Bangalore,0.0,1,2017-01-16,2017-01-16
Leaf,,,,16600.0,1,2015-02-02,2015-02-02
Leaf Wearables,IoT & Hardware,,Delhi,250000.0,1,2015-12-07,2015-12-07
Leap India,Logistics & Transport,Supply Chain Solutions Provider,Mumbai,13000000.0,1,2017-01-06,2017-01-06
Leaping Caravan,Food & Beverage,,Gurgaon,150000.0,1,2015-10-23,2015-10-23
LearnOn,Edtech,,Chennai,0.0,1,2015-11-27,2015-11-27
LearnTron,Consumer Internet & Tech,Blended Learning Delivery App for Schools & Corporates,Chennai,0.0,1,2017-01-04,2017-01-04
Leegality,Consumer Internet & Tech,Digital Documentation,Mumbai,3400000.0,1,2019-06-04,2019-06-04
Leena AI,Consumer Internet & Tech,HR Virtual Agent For Employees,Gurgaon,0.0,1,2018-07-01,2018-07-01
Legal Raasta,Consumer Internet & Tech,Legal Services to SMEs & Individuals,Delhi,5000000.0,1,2017-05-12,2017-05-12
Legalraasta,Consumer Internet & Tech,Online legal Services for Startups,Delhi,1000000.0,1,2016-04-13,2016-04-13
Legistify,Consumer Internet & Tech,Online Legal services platform,Delhi,0.0,1,2016-02-15,2016-02-15
LenDen Club,Consumer Internet & Tech,Online peer-to-peer lending platform,Mumbai,500000.0,1,2017-10-18,2017-10-18
LenDenClub,Fintech,Peer-to-Peer Lending Platform,Mumbai,0.0,1,2016-04-12,2016-04-12
Lending Kart,Consumer Internet & Tech,Online Lending Platform,Ahmedabad,10750000.0,1,2017-09-06,2017-09-06
LendingKart,Consumer Internet & Tech,Online Lending platform,Ahmedabad,44450000.0,3,2016-06-28,2017-06-12
Lendingkart,Fintech,Online Lending Platform,Bangalore,101700000.0,3,2015-07-08,2018-02-12
LensKart,E-Commerce,Online eyewear retailer,Bangalore,5650000.0,3,2015-01-02,2017-01-10
LensPick,E-Commerce,eyewear eTailer,Bangalore,0.0,1,2016-09-14,2016-09-14
Lenskart,Consumer Internet & Tech,Online Eyewear Retailer,Faridabad,60000000.0,3,2016-05-04,2018-04-19
Lenskart.com,E-Commerce,Online Eyewear Shopping Portal,Faridabad,231000000.0,1,2019-12-20,2019-12-20
Leopetra,E-Commerce,Solution provider for pet needs,Mumbai,40000.0,1,2017-02-17,2017-02-17
LetReach,E-Commerce,ECommerce SAAS Solutions,Delhi,200000.0,2,2016-04-29,2016-06-29
Let\xe2\x80\x99s Barter,Consumer Internet & Tech,Goods & Services Barter Platform,Delhi,0.0,1,2016-09-26,2016-09-26
Lets Corp,,,,3000000.0,1,2015-03-20,2015-03-20
Lets Endorse,Consumer Internet & Tech,Online Ecosystem of social innovators,Bangalore,0.0,1,2017-03-03,2017-03-03
Lets Reap,Consumer Internet & Tech,B2B Mobile App for Pharmacies,Mumbai,0.0,1,2017-02-23,2017-02-23
Lets Transport,Consumer Internet & Tech,Online transport vehicle booking platform,Bangalore,4000000.0,1,2017-01-24,2017-01-24
LetsMD,Consumer Internet & Tech,Healthcare plan comparison platform,Delhi,0.0,2,2016-11-02,2016-12-29
LetsTransport,Logistics & Transport,Book Trucks Online,Bangalore,13300000.0,2,2015-08-05,2018-10-12
LetsVenture,E-Commerce,,Bangalore,0.0,1,2015-10-19,2015-10-19
Letsmd,Healthtech,Platform To Discover Healthcare Financing Options,Delhi,1000000.0,1,2018-04-12,2018-04-12
Letsservice,Consumer Internet & Tech,Auto Service Logistics & SAAS platform,Bangalore,0.0,1,2017-10-09,2017-10-09
Leverage Edu,E-Commerce,Online platform for Higher Education Services,Delhi,0.0,2,2017-08-02,2017-11-06
LexComply,Consumer Internet & Tech,Compliance Management Software,Delhi,0.0,1,2016-12-23,2016-12-23
Liases Foras,Real Estate & PropTech,,Delhi,5000000.0,1,2015-07-07,2015-07-07
Licious,E-Commerce,Online Meat And Seafood Ordering Startup,Bangalore,44000000.0,4,2015-09-24,2019-12-16
LifCare,Consumer Internet & Tech,Online Pharmacy portal,Jaipur,0.0,1,2016-03-22,2016-03-22
Life Circle,Healthtech,Senior Healthcare Services,Hyderabad,150000.0,1,2016-05-12,2016-05-12
Life in Control,Consumer Internet & Tech,Online Diabetes Management platform,Gurgaon,0.0,1,2016-11-11,2016-11-11
LiftO,Logistics & Transport,,Mumbai,130000.0,1,2015-10-30,2015-10-30
Liftiee,Consumer Internet & Tech,Car/ bike Pooling App,Mumbai,108000.0,1,2016-03-17,2016-03-17
Lime Tray,Consumer Internet & Tech,Restaurant Management Solutions,Delhi,0.0,1,2017-08-04,2017-08-04
LimeRoad.com,,,,30000000.0,1,2015-03-28,2015-03-28
Limo,Consumer Internet & Tech,Bus Aggregator Mobile app,Mumbai,1000000.0,1,2016-06-02,2016-06-02
Liqvid,Consumer Internet & Tech,Integrated eLearning content solutions,Delhi,0.0,1,2016-09-19,2016-09-19
ListUp,E-Commerce,Location based Classified Mobile app,Mumbai,500000.0,1,2016-06-08,2016-06-08
Little,Consumer Internet & Tech,Deal Discovery App,Bangalore,0.0,1,2016-01-22,2016-01-22
Little Black Book,Consumer Internet & Tech,Local Recommendations and Discoveries Platform,Delhi,1000000.0,2,2016-04-08,2017-10-05
Little Black Book Delhi,Fashion & Lifestyle,,Delhi,150000.0,1,2015-06-03,2015-06-03
Littlemore,Edtech,Online Education Platform,Chennai,3000000.0,1,2018-02-14,2018-02-14
LivSpace,Consumer Internet & Tech,Online portal for Home Design,Bangalore,15000000.0,1,2016-08-29,2016-08-29
LiveNutriFit,Healthtech,Weight loss & Healthcare Info portal,Delhi,0.0,1,2016-02-06,2016-02-06
Livehealth,Consumer Internet & Tech,Health Service Aggregator Platform,Pune,1100000.0,1,2018-03-04,2018-03-04
Living Local,Consumer Internet & Tech,Social discovery platform,Mumbai,200000.0,1,2016-04-11,2016-04-11
Livspace,Real Estate & PropTech,,Bangalore,8000000.0,1,2015-08-11,2015-08-11
Lo! Foods,Food & Beverage,Low carb food for Diabetics,Bangalore,500000.0,1,2019-08-23,2019-08-23
Loadshare,Logistics & Transport,Express Logistics Network,Bangalore,0.0,1,2017-05-30,2017-05-30
Loan Frame,Consumer Internet & Tech,Small Business Loans Marketplace platform,Gurgaon,2250000.0,1,2017-01-10,2017-01-10
Loan Tap,Consumer Internet & Tech,Online Lending Platform For Salaried Professionals,Mumbai,6250000.0,1,,
LoanBaba,E-Commerce,,Mumbai,320000.0,1,2015-11-03,2015-11-03
LoanCircle,E-Commerce,,Bangalore,0.0,1,2015-09-29,2015-09-29
LoanTap,Consumer Internet & Tech,Lending platform for Salaried professionals,Mumbai,3000000.0,1,2016-08-29,2016-08-29
LoanZen,Consumer Internet & Tech,Peer to peer Lending marketplace,Bangalore,0.0,1,2016-02-24,2016-02-24
Loanmeet,Consumer Internet & Tech,Online peer-to-peer lending platform,Bangalore,0.0,1,2017-06-12,2017-06-12
Loantap,Consumer Internet & Tech,Lending platform for salaried professionals,Mumbai,4000000.0,1,2017-06-23,2017-06-23
Loanzen,Fintech,Digital Lending Platform In Logistics,Bangalore,0.0,1,2018-04-10,2018-04-10
LocalCircles,Other,,Noida,0.0,1,2015-12-11,2015-12-11
LocalOye,Other,,Mumbai,5000000.0,1,2015-04-14,2015-04-14
LocalRamu,Consumer Internet & Tech,mobile based aggregator for local service providers,Bangalore,0.0,1,2016-02-19,2016-02-19
Localbanya,,,,0.0,1,2015-03-10,2015-03-10
Locanix,Consumer Internet & Tech,GPS based SaaS Solutions,Ahmedabad,300000.0,1,2016-06-28,2016-06-28
Locus,Consumer Internet & Tech,Logistics Intelligence platform,Bangalore,2750000.0,2,2015-07-27,2016-05-09
Log 9 Materials,Consumer Internet & Tech,NanoTech product developer,Bangalore,0.0,1,2017-05-12,2017-05-12
Log9 Materials,Consumer Internet & Tech,Nanotechnology Company Specializing In Graphene,Bangalore,436000.0,1,2018-07-23,2018-07-23
LogiNext,Logistics & Transport,,Mumbai,10000000.0,2,2015-04-07,2015-09-22
Logic Roots,Consumer Internet & Tech,Educational Platform to Learn Mathematics,Mumbai,50000.0,1,2017-12-11,2017-12-11
LogicRoots,Edtech,,Jaipur,400000.0,1,2015-04-27,2015-04-27
Lollypop,Consumer Internet & Tech,Digital Design,Bangalore,0.0,1,2018-02-27,2018-02-27
LookAtMe,Consumer Internet & Tech,Mobile App based Fashion Network,Singapore,0.0,1,2016-12-07,2016-12-07
Lookup,Social & Community,,Bangalore,5880000.0,3,2015-01-05,2015-10-13
LoudShout,Other,,Delhi,0.0,1,2015-08-06,2015-08-06
LoveCycles,Consumer Internet & Tech,Women s health Tracker,Bangalore,750000.0,1,2016-03-08,2016-03-08
LoyaltyPrime,Consumer Internet & Tech,Loyalty program management solutions,Delhi,0.0,1,2017-01-25,2017-01-25
Lucideus,Consumer Internet & Tech,Cyber Security Startup,Delhi,0.0,2,2016-09-01,2017-05-10
Lumiere,E-Commerce,Organic Food eTailer,Bangalore,0.0,1,2016-01-09,2016-01-09
Luxuryhues,E-Commerce,,Gurgaon,900000.0,1,2015-09-01,2015-09-01
Lybrate,Healthtech,,Delhi,10200000.0,1,2015-07-08,2015-07-08
M-TAXI,Logistics & Transport,,Gurgaon,0.0,1,2015-11-28,2015-11-28
MCaffeine,E-Commerce,Personal care product etailer,Bangalore,300000.0,1,2016-12-22,2016-12-22
MEngage,Healthtech,A Doctor-Patient Engagement Platform,Jaipur,175000.0,1,2018-07-13,2018-07-13
MFine,Consumer Internet & Tech,Online Doctor Discovery platform,Bangalore,1500000.0,1,2017-09-01,2017-09-01
MInd Your Fleet,Consumer Internet & Tech,Car Rental Software,Noida,0.0,1,2016-04-15,2016-04-15
MObiquest,Consumer Internet & Tech,Mobile Services & Solutions,Noida,0.0,1,2017-07-18,2017-07-18
MSE,Fintech,Equity Stock Exchange,Mumbai,32000000.0,1,2017-10-31,2017-10-31
MSM Box,Fashion & Lifestyle,,Delhi,0.0,1,2015-08-17,2015-08-17
MaalGaadi,Logistics & Transport,Online Logistics Marketplace,Indore,375000.0,1,2016-08-17,2016-08-17
MaaxMarket,Consumer Internet & Tech,Marketing Automation platform,,22500.0,1,2016-02-02,2016-02-02
MachaDalo,Consumer Internet & Tech,Hyperlocal Advertising Platform,Mumbai,175000.0,1,2016-05-31,2016-05-31
Mad Street Den,Consumer Internet & Tech,Computer Vision And Artificial Intelligence (Ai) Platform,Chennai,1500000.0,3,2015-01-30,2018-09-05
MadRat Games,Consumer Internet & Tech,Wearable Gaming Platform,Bangalore,168000.0,2,2015-07-30,2016-06-10
Magic Crate,Edtech,Children Education Platform,Bangalore,0.0,1,2016-02-05,2016-02-05
MagicBricks,Consumer Internet & Tech,Online Real Estate Portal,Mumbai,4500000.0,1,2017-03-09,2017-03-09
MagicX,Consumer Internet & Tech,On-Demand Task Management App,Bangalore,1000000.0,1,2016-04-12,2016-04-12
Magicpin,Consumer Internet & Tech,Hyperlocal Discovery,Gurgaon,17600000.0,4,2016-02-22,2018-03-08
Mahindra First Choice,,,,15000000.0,1,2015-03-20,2015-03-20
MakeMyTrip,Consumer Internet & Tech,Online Travel Aggregator,Gurgaon,190000000.0,2,2016-01-07,2018-08-07
Makkajai,Consumer Internet & Tech,Online & Mobile learning for kids,Pune,250000.0,1,2016-08-16,2016-08-16
MamaEarth,Healthtech,Online Marketplace For Mother and Babycare Products,Gurgaon,4000000.0,3,2016-12-21,2018-09-10
Mamaearth,E-Commerce,Retailer of baby and toddler products,Bangalore,18358860.0,1,2020-01-09,2020-01-09
ManageMySpa,SaaS & Enterprise Tech,,Hyderabad,6000000.0,1,2015-07-27,2015-07-27
Manch,Media & Entertainment,Hyperlocal Content,Delhi,700000.0,1,2018-12-04,2018-12-04
Manthan,,,,60000000.0,1,2015-02-03,2015-02-03
MapMyGenome,,,,1200000.0,1,2015-03-06,2015-03-06
Maptags,Consumer Internet & Tech,Smart Online address tags,Bangalore,18000.0,1,2017-01-30,2017-01-30
MarianaIQ,Consumer Internet & Tech,AI-driven B2B marketing platform,Bangalore,2000000.0,1,2016-11-30,2016-11-30
Markets and Markets,Consumer Internet & Tech,Marketing Research Company,Pune,56000000.0,1,2017-03-23,2017-03-23
Massblurb,SaaS & Enterprise Tech,,Mumbai,0.0,1,2015-08-13,2015-08-13
Math Buddy,Consumer Internet & Tech,Online Math Learn,Vadodara,440000.0,1,2016-11-30,2016-11-30
Matrubharti,Consumer Internet & Tech,e-Book Publisher,,30000.0,1,2016-06-13,2016-06-13
MaxMyWealth,Consumer Internet & Tech,Online Wealth Management & Savings platform,Mumbai,0.0,1,2017-06-05,2017-06-05
Maya,Consumer Internet & Tech,Womens Health Tracker App,Bangalore,0.0,1,2016-10-13,2016-10-13
Mazkara,Consumer Internet & Tech,Beauty & Wellness Platform,Pune,1000000.0,1,2016-02-03,2016-02-03
MealHopper,E-Commerce,,Gurgaon,100000.0,1,2015-10-21,2015-10-21
MebelKart,E-Commerce,,Bangalore,20000000.0,1,2015-08-19,2015-08-19
Mech Mocha,Consumer Internet & Tech,Mobile gaming startup,Bangalore,6000000.0,2,2015-12-23,2017-04-06
MedGenome,Healthtech,"Genetic Screening, DNA Diagnostics Labs & Research Centers",Bangalore,60000000.0,3,2015-07-23,2018-03-05
MedTel,Healthtech,Virtual health clinics,Bhubaneswar,0.0,1,2018-02-09,2018-02-09
Medd,Healthtech,,Mumbai,150000.0,1,2015-10-23,2015-10-23
Medidaili,Consumer Internet & Tech,Medical Support service platform,Bangalore,100000.0,1,2016-03-07,2016-03-07
Medikabazaar,Healthtech,B2B platform for medical supplies,Mumbai,15800000.0,1,2019-11-18,2019-11-18
Medikoe,Healthtech,,Bangalore,100000.0,1,2015-11-23,2015-11-23
Medinfi,Consumer Internet & Tech,Online Doctor Discovery Platform,Bangalore,780000.0,6,2015-11-20,2017-08-25
Medlife,E-Commerce,Online Medicine,Bangalore,17000000.0,1,2019-04-12,2019-04-12
Medwell Ventures,Healthtech,Home-Based Healthcare provider,Bangalore,31000000.0,2,2015-06-05,2017-04-06
Medzin,E-Commerce,Online ordering & Delivery of medicines,Delhi,45000.0,1,2016-11-05,2016-11-05
Meesho,E-Commerce,Social Commerce,Bangalore,189600000.0,6,2016-05-06,2019-08-12
MeetUniv,Edtech,,Noida,1000000.0,1,2015-05-19,2015-05-19
Melorra,E-Commerce,Online/ Mobile Jewellery Retailer,Bangalore,5000000.0,1,2016-01-08,2016-01-08
MeraDoctor,Healthtech,,Mumbai,1200000.0,2,2015-09-03,2015-12-16
MeraKisan,E-Commerce,Fruit & vegetable eTailer,Bangalore,0.0,1,2016-10-03,2016-10-03
MergerWare,Consumer Internet & Tech,Software solutions for M&As,Bangalore,100000.0,1,2017-04-11,2017-04-11
Meritnation,Edtech,,Delhi,4000000.0,1,2015-06-01,2015-06-01
Meru Cabs,Consumer Internet & Tech,Online/ Mobile Tax Cab booking,Mumbai,75000000.0,2,2015-03-16,2016-06-30
MessaGif,Consumer Internet & Tech,social messaging platform,Delhi,50000.0,1,2017-01-22,2017-01-22
Metro Bikes,Consumer Internet & Tech,Online Bike Rental Marketplace,Bangalore,12200000.0,1,2018-08-08,2018-08-08
MiStay,Consumer Internet & Tech,Online Hotel Reservation Platform,Bangalore,0.0,1,2017-11-22,2017-11-22
Mihup,Consumer Internet & Tech,Personal Digital Assistant,Kolkata,6700000.0,1,2016-09-01,2016-09-01
Mihuru,Fintech,Online Platform Providing Micro Loans For Air Travel,Mumbai,150000.0,1,2018-04-23,2018-04-23
Milk Basket,Consumer Internet & Tech,Online Grocery platform,Gurgaon,0.0,1,2017-08-23,2017-08-23
MilkBAsket,Food & Beverage,Micro-delivery grocery service,Delhi,1300000.0,1,2018-11-12,2018-11-12
MilkBasket,Consumer Internet & Tech,Micro-Delivery Grocery Startup,Gurgaon,7500000.0,2,2016-04-27,2018-05-21
Milkbasket,E-Commerce,Online Grocery,Gurgaon,3000000.0,1,2018-01-23,2018-01-23
Milofy,Consumer Internet & Tech,Couple Socialization App,Bangalore,750000.0,1,2016-09-19,2016-09-19
MindTickle,Consumer Internet & Tech,Gamification Platform to train Sales People,Pune,39500000.0,2,2015-11-20,2017-12-13
MindYourFleet,Consumer Internet & Tech,Car Rental Software Solutions,Noida,0.0,1,2017-02-08,2017-02-08
Mindler,Consumer Internet & Tech,Career Planning & Assessment platform,Delhi,324000.0,1,2016-12-22,2016-12-22
Minjar,Consumer Internet & Tech,Cloud Solutions provider,Bangalore,0.0,1,2017-07-06,2017-07-06
MintM,Consumer Internet & Tech,Digital Marketing & AdTech Platform,Bangalore,0.0,1,2016-07-12,2016-07-12
Mintwalk,Consumer Internet & Tech,Financial advisory mobile app,Mumbai,0.0,1,2017-04-28,2017-04-28
Mishry Reviews,Consumer Internet & Tech,Product Review,Gurgaon,0.0,1,2019-08-19,2019-08-19
Misters,Healthtech,Men's Health and Wellness brand,Gurgaon,486000.0,1,2019-11-14,2019-11-14
MoEngage,Consumer Internet & Tech,User analytics and engagement platform,Bangalore,4250000.0,2,2015-09-15,2016-12-14
MoMagic,Other,,Delhi,0.0,1,2015-11-30,2015-11-30
MoMark,Consumer Internet & Tech,Mobile Wallet Aggregation platform,Noida,600000.0,1,2016-03-02,2016-03-02
MobiDent,Consumer Internet & Tech,Dentist Appointments booking platform,Bangalore,0.0,2,2016-08-09,2017-01-05
MobiKwik,Fintech,,Gurgaon,31600000.0,2,2015-04-08,2015-12-29
MobieFit,Healthtech,Health and fitness based mobile App,Goa,2350000.0,2,2015-12-22,2017-11-28
Mobiefit,Other,,Goa,0.0,1,,
Mobikon,Consumer Internet & Tech,Restaurant & Hotel CRM platform,Pune,9300000.0,3,2015-07-15,2017-08-28
Mobikwik,Consumer Internet & Tech,Digital Wallet platform,Gurgaon,90000000.0,2,2016-05-03,2016-08-26
Mobile Premier League,Media & Entertainment,Mobile e-Sports,Bangalore,500000.0,1,2018-11-08,2018-11-08
Mobiliz AR,Consumer Internet & Tech,Augmented Reality based Tech platform,Bangalore,0.0,1,2017-11-09,2017-11-09
Mobycy,Consumer Internet & Tech,Bicycle sharing Platform,Gurgaon,500000.0,1,2017-12-05,2017-12-05
MockBank,Other,,Bangalore,400000.0,1,2015-09-08,2015-09-08
Moglix,E-Commerce,Industrial Tools and Equipments,Singapore,76200000.0,5,2015-10-29,2019-07-11
Mojarto,E-Commerce,"Original Art, Digital Prints etailer",Gurgaon,445000.0,1,2016-08-08,2016-08-08
Momoe,,,,1200000.0,1,2015-02-27,2015-02-27
MoneyOnMobile,Consumer Internet & Tech,mobile payment platform,Mumbai,12600000.0,2,2018-01-30,2018-02-14
MoneyTap,Consumer Internet & Tech,Money Lending platform,Bangalore,12300000.0,1,2017-06-15,2017-06-15
MonkeyBox,Consumer Internet & Tech,Healthy Food Delivery Platform,Bangalore,0.0,2,2016-11-30,2017-07-21
Monsoon Fintech,Consumer Internet & Tech,Machine Learning Access platform,Delhi,0.0,1,2017-07-21,2017-07-21
Moodoo,Consumer Internet & Tech,Social Meeting organizer App,Mumbai,40000.0,1,2016-01-20,2016-01-20
MoonFrog Labs,,,,15000000.0,1,2015-03-12,2015-03-12
Moong Labs,Consumer Internet & Tech,Mobile games developer,Delhi,0.0,1,2017-08-11,2017-08-11
Moovo,Logistics & Transport,,Delhi,0.0,1,2015-06-18,2015-06-18
Mosambee,,,,0.0,1,2015-03-23,2015-03-23
MotoMojo,Consumer Internet & Tech,Mobile based Vehicle maintenance App,Mumbai,0.0,1,2016-05-01,2016-05-01
Mr Hot Foods,Consumer Internet & Tech,Online Food Ordering & Delivery Portal,Indore,0.0,1,2016-12-05,2016-12-05
MrNeeds,Consumer Internet & Tech,Micro Food Delivery platform,Noida,500000.0,1,2017-06-14,2017-06-14
Mswipe,Consumer Internet & Tech,Mobile point of sale services provider,Mumbai,35000000.0,2,2015-07-23,2017-12-07
Mubble,Other,,Bangalore,0.0,2,2015-09-15,2015-10-12
MuhurtMaza,Consumer Internet & Tech,Online Puja Booking Service,Pune,0.0,1,2016-10-05,2016-10-05
Multibhashi,Consumer Internet & Tech,Language learning Mobile App,Bangalore,0.0,1,2017-09-26,2017-09-26
Multiplier Solutions,Consumer Internet & Tech,CRM Software for Healthcare space,Hyderabad,1500000.0,1,2017-06-08,2017-06-08
Murgency,Consumer Internet & Tech,Medical Emergency Response App,Mumbai,0.0,2,2016-04-27,2016-05-17
Muvizz,Other,,Singapore,350000.0,1,2015-10-01,2015-10-01
My Forex Eye,Consumer Internet & Tech,foreign exchange services,Delhi,220000.0,1,2017-08-08,2017-08-08
My Healthcare,E-Commerce,Software Solutions,Bangalore,3000000.0,1,2019-04-19,2019-04-19
My OmNamo,Consumer Internet & Tech,Holy Platform Offering Customised Puja Packages To Individuals and Corporates,Mumbai,1000000.0,1,2018-08-07,2018-08-07
MyAdvo,Consumer Internet & Tech,Legal Advice Platform,Delhi,0.0,1,2016-12-23,2016-12-23
MyCFO,Fintech,,Mumbai,1500000.0,1,2015-06-30,2015-06-30
MyChild App,Edtech,Child Disorder Information & Education,Bhopal,100000.0,1,2016-01-05,2016-01-05
MyCity4Kids,Edtech,Children Education & Information platform,Gurgaon,3000000.0,1,2016-01-06,2016-01-06
MyCity4kids,Consumer Internet & Tech,parenting blog and kids events discovery platform,Gurgaon,0.0,1,2017-07-06,2017-07-06
MyCuteOffice,Real Estate & PropTech,,Mumbai,0.0,1,2015-05-13,2015-05-13
MyDentist,Healthtech,,Mumbai,8200000.0,1,2015-06-17,2015-06-17
MyDentistChoice,E-Commerce,Medical Supplies eTailer,Hyderabad,150000.0,1,2016-05-04,2016-05-04
MyDermacy,Consumer Internet & Tech,Online Dermatology consultation platform,Delhi,0.0,1,2017-03-14,2017-03-14
MyDidi,Consumer Internet & Tech,"on-demand, hyper-local Cleaning services provider",Mumbai,550000.0,1,2016-08-26,2016-08-26
MyDreamStore,,,,615000.0,2,2015-01-12,2015-01-21
MyGlamm,Consumer Internet & Tech,On-Demand Beauty Services,Mumbai,11300000.0,2,2016-04-06,2017-03-21
MyGreens,Food & Beverage,Cold-press Juices manufacturer,Delhi,1000000.0,1,2017-05-08,2017-05-08
MyGubbi,E-Commerce,Home Interior Designing Seller,Bangalore,5200000.0,2,2016-03-09,2017-10-09
MyIndianStay,Real Estate & PropTech,,Goa,200000.0,1,2015-11-05,2015-11-05
MyKindofJob,Consumer Internet & Tech,Internet & Fresher Job platform,Mumbai,1000000.0,1,2016-10-15,2016-10-15
MyLoanCare,Fintech,B2C Online Loans Marketplace,Gurgaon,978000.0,1,2018-04-30,2018-04-30
MyNoticePeriod,,,,3000000.0,1,2015-02-09,2015-02-09
MyPetrolPump,E-Commerce,Fuel Delivery,Bangalore,1600000.0,1,2019-08-01,2019-08-01
MyPoolin,Social & Community,,Delhi,250000.0,2,2015-06-03,2015-08-10
MySUN,Consumer Internet & Tech,Solar Energy harnessing products marketplace,Noida,2500000.0,1,2016-10-18,2016-10-18
MySeniorDoctor,Consumer Internet & Tech,Online medical support platform,Gurgaon,200000.0,1,2016-06-08,2016-06-08
MySmartPrice,Other,,Hyderabad,10000000.0,1,2015-07-14,2015-07-14
MySuperBrain,Consumer Internet & Tech,Online Talent Discovery Platform for Kids,Hyderabad,0.0,1,2016-06-28,2016-06-28
MyTaxiIndia,Consumer Internet & Tech,Online Car rental booking platform,Delhi,1600000.0,3,2015-06-03,2016-07-21
MyUpchar,Healthtech,Local Language Health Content App,Delhi,5300000.0,2,2017-09-27,2018-08-27
Myeglu,Consumer Internet & Tech,Connected Smart Home Solutions,Bangalore,0.0,1,2016-01-28,2016-01-28
Myelin Foundry,Consumer Internet & Tech,Deep-technology,Bangalore,1000000.0,1,2019-09-04,2019-09-04
Myly,Consumer Internet & Tech,Mobile App for Schools,Jaipur,410000.0,2,2016-01-07,2017-04-15
Myonsto,Other,,Ahmedabad,320000.0,1,2015-07-23,2015-07-23
Myra,Consumer Internet & Tech,Online Pharmacy,Bangalore,0.0,1,2017-04-26,2017-04-26
Mystifly,Consumer Internet & Tech,Airline Ticket Aggregator,Bangalore,5000000.0,1,2016-10-03,2016-10-03
N.O.W,Consumer Internet & Tech,Bike Taxi Service & Hyperlocal Delivery App,Noida,500000.0,2,2016-01-29,2016-03-07
NDTV Wedding portal,E-Commerce,,Delhi,20000000.0,1,2015-12-04,2015-12-04
NDTV ecommerce venture,E-Commerce,,Mumbai,0.0,1,2015-08-06,2015-08-06
Naaptol,E-Commerce,,Mumbai,52000000.0,1,2015-11-24,2015-11-24
Naaptol.com,E-Commerce,,Mumbai,21500000.0,1,2015-04-28,2015-04-28
Nactus,Consumer Internet & Tech,Professional Tutors discovery & booking mobile app,Jaipur,0.0,1,2017-03-03,2017-03-03
Nagpur Wholesale,E-Commerce,eCommerce,Nagpur,143000.0,1,2018-12-04,2018-12-04
NanoClean Global,IoT & Hardware,Anti-Pollution,Delhi,600000.0,1,2019-02-13,2019-02-13
Narvar,Consumer Internet & Tech,Post-Purchase Customer Engagement Platform,Bangalore,3000000.0,1,2018-08-28,2018-08-28
Native Special,E-Commerce,Indian Sweets & Snacks etailer,Karur,0.0,1,2017-01-19,2017-01-19
Naturally Yours,E-Commerce,,Mumbai,0.0,1,2015-10-07,2015-10-07
NatureNama,Consumer Internet & Tech,Online Outdoors & travel,Mumbai,225000.0,1,2016-06-21,2016-06-21
Navia Life Care,Consumer Internet & Tech,Health Technology platform,Delhi,0.0,1,2017-04-17,2017-04-17
Nayi Disha,Edtech,,Delhi,300000.0,1,2015-04-13,2015-04-13
Nazara Technologies,Consumer Internet & Tech,Mobile Games Development Firm,Mumbai,27000000.0,1,2017-12-13,2017-12-13
Near.in,,,,285000.0,1,2015-01-06,2015-01-06
NearBuy,Consumer Internet & Tech,Online Deals & Discount platform,Gurgaon,2500000.0,1,2016-09-13,2016-09-13
NearBuy (previously\\xc2\\xa0 groupon India),E-Commerce,,Delhi,16000000.0,1,2015-08-10,2015-08-10
NearFox,Consumer Internet & Tech,Local Lifestyle Content and Discovery Platform,Mumbai,0.0,1,2016-08-25,2016-08-25
NearU,Consumer Internet & Tech,Marketing app for retailers,Mumbai,0.0,1,2016-08-23,2016-08-23
NeoGrowth,Fintech,SME Lending platform,Mumbai,16000000.0,1,2016-07-04,2016-07-04
NeoGrowth Credit,Fintech,Digital Lending,Mumbai,47000000.0,1,2018-01-24,2018-01-24
NeoStencil,Consumer Internet & Tech,Live Online Coaching Classes,Delhi,1000000.0,1,2017-02-28,2017-02-28
Neotrade Analytics,Fintech,,Bangalore,235000.0,1,2015-09-21,2015-09-21
Nest Education,Consumer Internet & Tech,EduTech Platform,Gurgaon,600000.0,1,2017-09-05,2017-09-05
NestAway,Consumer Internet & Tech,Furnished Home Rental Platform,Bangalore,31300000.0,2,2015-03-16,2016-04-15
Nestaway,Consumer Internet & Tech,Online Home Rental Marketplace,Bangalore,12750000.0,2,2015-07-23,2016-02-29
NetLinx,Consumer Internet & Tech,Internet Service Provider,Hyderabad,3000000.0,1,2016-10-04,2016-10-04
NetMeds,E-Commerce,Online Pharmacy,Chennai,14000000.0,1,2017-10-31,2017-10-31
Netmeds,Consumer Internet & Tech,Online Pharmacy Chain,Chennai,35000000.0,1,2018-09-01,2018-09-01
Netmeds.com,Healthtech,,Chennai,50000000.0,1,2015-10-26,2015-10-26
Netree,E-Commerce,Mobile-only Retailers Engagement Solution,Delhi,0.0,1,2016-12-07,2016-12-07
Network Intelligence,Consumer Internet & Tech,Cybersecurity Specialist,Mumbai,4800000.0,1,2018-06-14,2018-06-14
NeuroEquilibrium,Consumer Internet & Tech,Health-Tech platform,Jaipur,250000.0,1,2016-12-09,2016-12-09
NeuroSynaptic,Consumer Internet & Tech,Remote Healthcare Delivery Solutions,Bangalore,0.0,1,2016-10-05,2016-10-05
New Castle Technologies,Consumer Internet & Tech,Hospital Management Software,Chennai,243000.0,1,2017-08-08,2017-08-08
Newgen Payments,Fintech,,Delhi,0.0,1,2015-05-25,2015-05-25
Newgen Software,Consumer Internet & Tech,IT,Delhi,20000000.0,1,2018-01-15,2018-01-15
NewsDistill,Consumer Internet & Tech,City based News Aggregator App,Hyderabad,100000.0,1,2016-09-16,2016-09-16
NewsHunt,,,,40000000.0,1,2015-02-06,2015-02-06
NewsInShorts,,,,4150000.0,1,2015-02-16,2015-02-16
NewsLaundry,Consumer Internet & Tech,Independent News Media Portal,Delhi,0.0,1,2016-02-22,2016-02-22
Newspatrolling,Consumer Internet & Tech,Online News portal,Delhi,25000.0,1,2016-10-14,2016-10-14
NextGen,,,,0.0,1,2015-02-17,2015-02-17
NiYO Solutions,Consumer Internet & Tech,Payroll & Benefits Software solutions,Bangalore,1000000.0,1,2016-07-19,2016-07-19
Niffler,,,,1000000.0,1,2015-03-05,2015-03-05
NightStay,Travel & Hospitality,,Noida,500000.0,1,2015-08-05,2015-08-05
Nightstay,Consumer Internet & Tech,Last minute hotel booking mobile app,Delhi,0.0,1,2017-05-08,2017-05-08
Niki.ai,Consumer Internet & Tech,AI Based Personal Assistant,Bangalore,2000000.0,4,2015-10-30,2017-06-28
Nimble Wireless,,,,3000000.0,1,2015-02-11,2015-02-11
Ninjacart,Media & Entertainment,Agritech,Bangalore,34500000.0,3,2016-03-07,2019-11-15
Niramai,Healthtech,Breast Cancer Screening Solutions,Bangalore,0.0,1,2017-04-24,2017-04-24
NirogStreet,Healthtech,An Online Platform That Connects Ayurveda Doctors With Patients,Gurgaon,300000.0,1,2018-06-13,2018-06-13
Nivesh,Fintech,Mass Market Mutual Fund Investment Platform,Noida,450000.0,2,2017-05-29,2018-06-13
NoBroker,E-Commerce,Real Estate,Bangalore,71400000.0,6,2015-02-23,2019-06-05
NoPaperForms,Consumer Internet & Tech,Enrolment Management Platform,Delhi,872000.0,1,2017-11-09,2017-11-09
Noddapp,Consumer Internet & Tech,App based networking platform,Mumbai,147000.0,1,2016-11-22,2016-11-22
Noodle Play,Food & Beverage,,Mumbai,168000.0,1,2015-07-30,2015-07-30
Northmist,Fashion & Lifestyle,Mens Wear,Delhi,0.0,1,2018-10-01,2018-10-01
Notary Mama,Consumer Internet & Tech,On-demand Legal documentation and registration service,Bangalore,0.0,1,2016-02-17,2016-02-17
Notesgen,Consumer Internet & Tech,Online Notes Sharing Portal,Delhi,100000.0,1,2016-08-23,2016-08-23
Noticeboard,Consumer Internet & Tech,"mobile-first communication platform for on-field staff,",Bangalore,1200000.0,2,2017-07-25,2017-09-19
Notion Press,Consumer Internet & Tech,Self-Publishing books platform,Chennai,1000000.0,1,2016-08-29,2016-08-29
NowFloats,Consumer Internet & Tech,Platform to take businesses online,Hyderabad,10000000.0,2,2015-02-02,2017-01-24
Nukkad Shops,Consumer Internet & Tech,Hyperlocal Grocery Delivery Service,Hyderabad,1000000.0,1,2016-03-09,2016-03-09
NumberMall,,,,10000000.0,1,2015-01-06,2015-01-06
Numeroseven,Consumer Internet & Tech,An Artificial Intelligence-Based Recruitment Platform,Kolkata,0.0,1,2018-06-29,2018-06-29
Nurturey,Consumer Internet & Tech,Parenting Mobile App,Delhi,455000.0,2,2015-01-07,2017-02-13
Nuvepro,Consumer Internet & Tech,Managed Cloud Environment Solutions,Mumbai,400000.0,1,2017-11-21,2017-11-21
NxtGen,Other,,Bangalore,13500000.0,1,2015-07-01,2015-07-01
Nykaa,Consumer Internet & Tech,Online Marketplace For Multi-brand Beauty Cosmetic and Wellness Products,Mumbai,214000000.0,6,2015-10-05,2018-09-05
ONN Bikes,Consumer Internet & Tech,Self riding bike rental program,Mumbai,692000.0,2,2016-12-05,2017-11-20
ORIGA Leasing,Other,,Mumbai,1100000.0,1,2015-10-28,2015-10-28
OUWT,Other,,Mumbai,150000.0,1,2015-11-20,2015-11-20
OYO Rooms,Consumer Internet & Tech,Branded budget hotels marketplace,Gurgaon,285000000.0,3,2015-03-25,2017-09-13
OYOfit,Consumer Internet & Tech,Fitness Services Aggregator platform,Bangalore,0.0,1,2016-04-19,2016-04-19
Obino,Healthtech,Weigh Loss Coaching,Mumbai,0.0,1,2016-01-13,2016-01-13
Observe AI,Consumer Internet & Tech,AI Based Solutions Platform,Bangalore,8000000.0,1,2018-08-13,2018-08-13
Octo.ai,Consumer Internet & Tech,Artificial Intelligence based marketing platform,Delhi,200000.0,1,2016-08-23,2016-08-23
OfBusiness,Consumer Internet & Tech,B2B Finance & Fulfilment Network,Gurgaon,19900000.0,3,2016-02-25,2017-10-27
Ofbusiness,Fintech,Online Lending Platform For SME,Gurgaon,29000000.0,1,2018-07-17,2018-07-17
Oglas,Consumer Internet & Tech,Mobile Advertising App,Noida,0.0,1,2017-02-24,2017-02-24
Oho Shop,Consumer Internet & Tech,eCommerce Mobile App Builder,Ahmedabad,6700000.0,1,2017-03-03,2017-03-03
Oi Media,Consumer Internet & Tech,SAAS Based Media Marketing platform,Delhi,0.0,1,2017-01-16,2017-01-16
OkCredit,Fintech,Financial Services,Gurgaon,15500000.0,1,2019-06-10,2019-06-10
Ola,Consumer Internet & Tech,Cab Aggregation App,Bangalore,984500000.0,4,2015-11-18,2017-06-14
Ola Cabs,Logistics & Transport,Cabs,Bangalore,669700000.0,8,2015-07-01,2019-07-03
Ola Electric,Logistics & Transport,Cabs,Bangalore,0.0,1,2019-05-06,2019-05-06
Olacabs,Logistics & Transport,,Bangalore,400000000.0,1,2015-04-08,2015-04-08
Oliveboard,Consumer Internet & Tech,Online exam practice & preparation platform,Bangalore,0.0,1,2016-04-19,2016-04-19
Olly Credit,Consumer Internet & Tech,Credit + payment mobile app,Delhi,0.0,1,2017-10-27,2017-10-27
Omnia Information,Consumer Internet & Tech,WiFi Analytics Platform,Delhi,3000000.0,1,2017-11-15,2017-11-15
Omnify,Consumer Internet & Tech,SaaS platform for SMEs,Bangalore,150000.0,1,2017-04-10,2017-04-10
Omnikart,E-Commerce,,Mumbai,100000.0,1,2015-07-17,2015-07-17
OncoStem,Healthtech,Medical Diagnostic Solutions,Bangalore,6000000.0,1,2017-09-06,2017-09-06
One Labs,Consumer Internet & Tech,Consumer Technology and Artificial Intelligence Based Aggregator App,,0.0,1,2018-03-20,2018-03-20
OneAssist,Consumer Internet & Tech,Credit card fraud protection,Mumbai,7500000.0,2,2015-08-12,2017-06-21
OneClickWash,Consumer Internet & Tech,Online Laundry & Washing service Booking & Delivery,Gurgaon,0.0,1,2016-03-21,2016-03-21
OneStepUp,Consumer Internet & Tech,Education Technology platform,Delhi,336000.0,1,2017-10-09,2017-10-09
Oneway.cab,Consumer Internet & Tech,Taxi Rental Platform,Vadodara,450000.0,1,2016-06-15,2016-06-15
OnlineRTI,Other,,Bangalore,150000.0,1,2015-12-11,2015-12-11
OnlineTyari,Other,,Gurgaon,770000.0,1,2015-09-10,2015-09-10
Onspoon,Consumer Internet & Tech,Online Platform for Event Sponsorship,Mumbai,150000.0,1,2016-06-21,2016-06-21
Oorjan,Consumer Internet & Tech,rooftop solar platform,Mumbai,450000.0,1,2017-10-05,2017-10-05
OpenApp,Consumer Internet & Tech,IoT based Tech Startup,Bangalore,3600000.0,1,2017-11-08,2017-11-08
OpenTap,Fintech,Online Lending Platform,Chennai,450000.0,1,2018-05-02,2018-05-02
Opinio,Logistics & Transport,,Bangalore,8300000.0,2,2015-07-28,2015-10-20
OptaCredit,Fintech,Alternative Lending,Chennai,4000000.0,1,2018-01-22,2018-01-22
Orahi,Consumer Internet & Tech,Carpooling Mobile App,Gurgaon,520000.0,1,2016-01-14,2016-01-14
OrangeTwig,Consumer Internet & Tech,Social Media Marketing platform,Delhi,1000000.0,1,2016-10-26,2016-10-26
Organicshop,E-Commerce,Marketplace for organic products,Jaipur,0.0,1,2016-04-15,2016-04-15
Oriano Solar,Consumer Internet & Tech,Turnkey Solar Solutions,Mumbai,3000000.0,1,2017-03-31,2017-03-31
Origo Commodities India Pvt. Ltd,Logistics & Transport,Supply Chain,Hyderabad,11000000.0,1,2018-10-02,2018-10-02
Orobind,Edtech,,Bangalore,200000.0,2,2015-03-14,2015-08-17
Oust App,Consumer Internet & Tech,Competitive Exam Preparation Platform,Bangalore,0.0,1,2016-02-02,2016-02-02
Overcart.com,E-Commerce,Unboxed & refurbished electronic products marketplace,Gurgaon,3000000.0,1,2016-07-11,2016-07-11
OyBob,E-Commerce,Hyperlocal Products & Services marketplace,Gurgaon,0.0,1,2016-02-10,2016-02-10
Oyo,Consumer Internet & Tech,Online Branded Budget Room Booking Service,Delhi,100000000.0,1,2016-04-11,2016-04-11
Oyo Rooms,Consumer Internet & Tech,Branded Budget Hotels Aggregator,Gurgaon,350000000.0,2,2015-07-15,2017-04-24
OyoRooms,Healthtech,Budget Rooms,Gurgaon,162000000.0,2,2016-08-16,2018-02-14
Oyorooms,Real Estate & PropTech,,Delhi,100000000.0,1,2015-08-03,2015-08-03
POPxo,Consumer Internet & Tech,Women Focussed Digital Media Platform,Delhi,8600000.0,2,2017-03-16,2018-04-26
POPxo.com,Media & Entertainment,,Delhi,2000000.0,1,2015-11-06,2015-11-06
PParke,Consumer Internet & Tech,Parking Solutions mobile app,Bangalore,0.0,1,2017-01-19,2017-01-19
Paalak,E-Commerce,Fresh Produce Selling portal,Delhi,0.0,1,2017-03-01,2017-03-01
Padhopadhao,Consumer Internet & Tech,Home Tutors search & Discovery,Delhi,0.0,1,2016-06-23,2016-06-23
Paintcollar,E-Commerce,,Mumbai,0.0,1,2015-09-17,2015-09-17
PaisaDukan,Consumer Internet & Tech,P2P Lending Platform,Mumbai,225000.0,1,2018-05-07,2018-05-07
PaisaWapas,Consumer Internet & Tech,Cashback & Coupons platform,Bangalore,0.0,1,2017-01-13,2017-01-13
Pando,Logistics & Transport,"Open-market, freight management platform",Chennai,9000000.0,1,2020-01-13,2020-01-13
Pandorum Technologies,Consumer Internet & Tech,3D printed experimental Human Liver tissue creator,Bangalore,0.0,1,2016-12-26,2016-12-26
Paper Boat,Food & Beverage,,Gurgaon,30000000.0,1,2015-07-06,2015-07-06
Paperflite,Consumer Internet & Tech,IT,Chennai,400000.0,1,2018-01-22,2018-01-22
ParaBlu,Consumer Internet & Tech,Cloud Data Security & Privacy Solutions,Bangalore,500000.0,1,2016-06-24,2016-06-24
Parallel Dots,Consumer Internet & Tech,AI-powered deep learning solutions,Gurgaon,1400000.0,1,2017-10-10,2017-10-10
Parcelled,Logistics & Transport,,Bangalore,5000000.0,2,2015-07-01,2015-10-26
Parentlane,Consumer Internet & Tech,Social Platform for babycare and parenting,Bangalore,0.0,2,2016-05-18,2016-09-23
Parentune,Consumer Internet & Tech,Online Community for Parents,Gurgaon,0.0,1,2017-03-08,2017-03-08
Park Easy,Consumer Internet & Tech,Machine learning based parking discovery,Kolkata,118000.0,1,2017-10-23,2017-10-23
Pastiwala,Other,,Vadodara,4000000.0,1,2015-04-20,2015-04-20
Patel Logistics,Logistics & Transport,,Mumbai,5600000.0,1,2015-12-01,2015-12-01
PayMango,Other,,Gurgaon,234000.0,1,2015-06-09,2015-06-09
PaySense,Consumer Internet & Tech,Online Consumer Lending Platform,Mumbai,18000000.0,1,2018-07-21,2018-07-21
Paynear,Other,,Hyderabad,2500000.0,1,2015-12-10,2015-12-10
Paysense,Consumer Internet & Tech,Online Lending platform,Mumbai,5300000.0,1,2017-05-17,2017-05-17
Paytm,Fintech,Mobile Wallet,Noida,3148950000.0,7,2015-02-05,2019-11-25
Paytm Marketplace,E-Commerce,ECommerce Marketplace,Bangalore,200000000.0,1,2017-03-03,2017-03-03
Paytunes,Consumer Internet & Tech,Mobile based rewards platform,Delhi,500000.0,2,2015-11-04,2016-06-10
PeeBuddy,Healthtech,Female Hygiene product manufacturer,Delhi,443000.0,1,2017-03-10,2017-03-10
PeeSafe,Healthtech,Hygiene,Gurgaon,1000000.0,1,2018-01-30,2018-01-30
PeeSafe.in,Healthtech,Hygiene care product manufacturer,Delhi,1000000.0,1,2017-06-12,2017-06-12
Peel Works,Consumer Internet & Tech,SaaS based Big Data Analytics Platform,Mumbai,0.0,1,2017-12-19,2017-12-19
PepperTap,Food & Beverage,,Gurgaon,10000000.0,2,2015-02-25,2015-04-15
Pepperfry,Consumer Internet & Tech,Online Furniture Shopping Store,Mumbai,169700000.0,3,2015-07-28,2018-03-08
Peppertap,Food & Beverage,,Gurgaon,40000000.0,2,2015-09-29,2015-12-21
Perfios,Consumer Internet & Tech,Fin-Tech Solutions,Bangalore,6100000.0,1,2017-04-04,2017-04-04
Perfumery,E-Commerce,Fragrances & Perfume eTailer,Delhi,30000.0,1,2016-02-04,2016-02-04
Perspectico,Consumer Internet & Tech,Placement preparation and career growth training platform,Delhi,0.0,1,2017-11-17,2017-11-17
PetSutra,Consumer Internet & Tech,Online Pet Care Products,Gurgaon,148434.0,1,2018-02-15,2018-02-15
Petoo,Consumer Internet & Tech,Food Delivery Platform,Bangalore,1500000.0,2,2016-04-06,2016-08-04
PharmEasy,Consumer Internet & Tech,Online Pharmacy Store,Mumbai,18000000.0,2,2017-04-07,2018-03-01
PharmaRack,Consumer Internet & Tech,SAAS application for Pharma Industry,Pune,745000.0,1,2016-09-22,2016-09-22
Pharmeasy,Consumer Internet & Tech,Online Marketplace For Pharmaceutical Products,Mumbai,5500000.0,1,2018-09-11,2018-09-11
Phone Pe,Consumer Internet & Tech,UPI Payments App,Bangalore,66000000.0,1,2018-08-08,2018-08-08
Phone Warrior,Fashion & Lifestyle,,Delhi,0.0,1,2015-04-23,2015-04-23
PhonePe,Consumer Internet & Tech,Digital Wallet,Bangalore,38700000.0,1,2017-10-04,2017-10-04
Pi Data Centers,Consumer Internet & Tech,Cloud Data Center Solutions provider,Hyderabad,23000000.0,1,2016-12-16,2016-12-16
Pi Ventures,Consumer Internet & Tech,Applied Artificial Intelligence and IoT focused Platform,Bangalore,6000000.0,1,2018-08-22,2018-08-22
PiQube,SaaS & Enterprise Tech,,Chennai,500000.0,1,2015-04-29,2015-04-29
Pianta,Consumer Internet & Tech,Online healthcare service discovery platform,Bangalore,0.0,1,2016-05-27,2016-05-27
PickMe,Consumer Internet & Tech,Gadget Insurance & Repair Services platform,Mumbai,1790000.0,1,2017-03-06,2017-03-06
PickMyLaundry,Consumer Internet & Tech,On-Demand Washing & Dry Cleaning Services,Delhi,300000.0,2,2015-08-26,2016-11-01
Pickingo,Logistics & Transport,,Delhi,1300000.0,1,2015-08-04,2015-08-04
Pickrr,Consumer Internet & Tech,Courier Logistics & Order management Solutions,Delhi,0.0,2,2015-11-18,2016-10-25
PicsDream,Consumer Internet & Tech,Online Marketplace for Photographers,Delhi,0.0,1,2016-04-01,2016-04-01
Pictor Imaging,Consumer Internet & Tech,Product Photography Mobile App,Mumbai,147000.0,1,2016-11-17,2016-11-17
Pikkol,Logistics & Transport,Relocation Service provider,Bangalore,0.0,2,2016-08-17,2016-10-28
PinClick,Consumer Internet & Tech,Online real estate listings,Bangalore,0.0,1,2016-02-29,2016-02-29
Pindropmusic,Consumer Internet & Tech,Music Discovery Mobile App,Noida,100000.0,1,2016-02-03,2016-02-03
Pine Labs,Consumer Internet & Tech,Last-mile retail transaction technology,Noida,38080000.0,1,2019-08-01,2019-08-01
PineLabs,Consumer Internet & Tech,Digital Payment Platform,Mumbai,82000000.0,1,2018-03-13,2018-03-13
Ping Digital,,,,0.0,1,2015-01-19,2015-01-19
PinkBlue,E-Commerce,Medical Supplies eTailer,Bangalore,223608.0,1,2016-03-14,2016-03-14
Pipa Bella,Fashion & Lifestyle,,Mumbai,600000.0,1,2015-07-30,2015-07-30
Pipabella,Consumer Internet & Tech,Fashion Accessories Etailer,Mumbai,1000000.0,1,2018-04-09,2018-04-09
PipeCandy,Consumer Internet & Tech,Intelligent Sales Prospecting Platform,Chennai,1100000.0,1,2017-03-08,2017-03-08
PitStop,Consumer Internet & Tech,Automobile Service Booking App,Bangalore,0.0,1,2016-01-07,2016-01-07
Pitstop,Consumer Internet & Tech,Car repair and Servicing Platform,Bangalore,1000000.0,2,2016-07-08,2017-09-27
Plabro,Real Estate & PropTech,,Delhi,350000.0,1,2015-09-18,2015-09-18
PlaceofOrigin,E-Commerce,,Bangalore,0.0,1,2015-11-19,2015-11-19
PlanMy\\nMedicalTrip,Healthtech,Medical Tourism platform,Pune,150000.0,1,2016-01-06,2016-01-06
Plancess,Edtech,,Mumbai,2000000.0,1,,
PlanetGogo,Media & Entertainment,,Gurgaon,0.0,1,2015-12-22,2015-12-22
Planys Technologies,Consumer Internet & Tech,Robotic InspectionStartup,Chennai,1040000.0,1,2018-02-26,2018-02-26
Play Your Sport,Consumer Internet & Tech,Location based Sports & Fitness Discovery App,Delhi,0.0,1,2016-05-31,2016-05-31
Play your sport,,,,16000.0,1,2015-01-19,2015-01-19
PlaySimple,Consumer Internet & Tech,Mobile Gaming portal,Bangalore,4000000.0,1,2016-11-15,2016-11-15
Playablo,Consumer Internet & Tech,Gamified Learning App,Bangalore,600000.0,1,2017-07-19,2017-07-19
Playment,Consumer Internet & Tech,Mobile Marketplace for Crowdsourced Work,Bangalore,700000.0,1,2016-07-02,2016-07-02
PlexusMD,Consumer Internet & Tech,Social Network for Healthcare Professionals,Ahmedabad,0.0,1,2016-01-22,2016-01-22
Plick,Consumer Internet & Tech,Instant Content Transfer Mobile App,Mumbai,0.0,1,2016-01-16,2016-01-16
Plix,Consumer Internet & Tech,Photo and Video Sharing App,Gurgaon,500000.0,1,2016-08-26,2016-08-26
Pluss,Healthtech,,Gurgaon,1000000.0,1,2015-11-26,2015-11-26
Pocket Aces,Consumer Internet & Tech,Digital Entertainment Company,Mumbai,3000000.0,1,2016-12-15,2016-12-15
Pocketin,Consumer Internet & Tech,Hotel reservations & Deal platform,Noida,150000.0,1,2016-02-24,2016-02-24
Pokkt,Other,,Mumbai,5000000.0,1,2015-11-03,2015-11-03
Policy Bazaar,Consumer Internet & Tech,Online insurance policy aggregator,Gurgaon,77000000.0,1,2017-10-13,2017-10-13
PolicyBazaar,Consumer Internet & Tech,Online Insurance Selling Platform,Gurgaon,267700000.0,3,2015-04-15,2018-07-06
PortDesk,Consumer Internet & Tech,Maritime Solutions,Noida,2000000.0,1,2017-06-16,2017-06-16
Portea,Healthtech,Healthcare facilities at doorstep,Bangalore,26000000.0,1,2017-11-21,2017-11-21
Portea Medical,Healthtech,,Bangalore,37500000.0,1,2015-09-21,2015-09-21
Poshtic,Consumer Internet & Tech,Online health & Wellness platform,Noida,450000.0,1,2016-09-10,2016-09-10
PosterGully,E-Commerce,,Delhi,0.0,1,2015-06-08,2015-06-08
Postman,Consumer Internet & Tech,API Platform,Bangalore,8000000.0,2,2015-05-27,2016-10-14
Power2SME,E-Commerce,Buying Club for Small Businesses,Gurgaon,57000000.0,3,2016-01-25,2017-09-06
Powerstores,E-Commerce,,Goa,0.0,1,2015-12-11,2015-12-11
Practo,Consumer Internet & Tech,Online Healthcare platform,Bangalore,85000000.0,2,2015-02-12,2017-01-17
Pragmatix,Other,,Mumbai,2400000.0,1,2015-07-30,2015-07-30
Pramati,Healthtech,Specialized Patient Care platform,Noida,200000.0,1,2016-03-17,2016-03-17
PratiLipi,Consumer Internet & Tech,Multi-Lingual self-publishing platform,Bangalore,0.0,1,2016-06-24,2016-06-24
Pratilipi,Media & Entertainment,E-Books,Bangalore,19409500.0,2,2018-02-05,2019-06-06
Predible Health,Healthtech,Cancer radiology,Bangalore,0.0,1,2018-02-28,2018-02-28
Pregbuddy,Healthtech,Connected Care App For Pregnant Women,Bangalore,0.0,1,2018-04-16,2018-04-16
Prepathon,Edtech,Competitive Exam learning platform,Mumbai,0.0,1,2016-05-03,2016-05-03
Prescribez,Consumer Internet & Tech,Health Service Aggregator Platform,Pune,145000.0,1,2016-05-01,2016-05-01
PressPlay,Travel & Hospitality,,Delhi,2200000.0,1,2015-04-07,2015-04-07
PressPlay TV,Consumer Internet & Tech,Video Content Discovery Platform,Delhi,0.0,1,2016-07-01,2016-07-01
Prest Loans,Fintech,Business & SME Loans provider,Delhi,570000.0,1,2017-11-02,2017-11-02
PrettySecrets,E-Commerce,Women Lingerie Store,Mumbai,6000000.0,1,2016-06-21,2016-06-21
PriceRaja,Consumer Internet & Tech,Price Comparison Portal,Gurgaon,300000.0,1,2016-04-11,2016-04-11
Pricejugaad,Other,,Hyderabad,165000.0,1,2015-04-07,2015-04-07
PrimaSeller,SaaS & Enterprise Tech,,Bangalore,0.0,1,2015-10-20,2015-10-20
PrimaryIO,Consumer Internet & Tech,Application Performance Acceleration,Pune,5600000.0,1,2017-09-04,2017-09-04
Prime Focus Technologies,Consumer Internet & Tech,Hybrid Cloud technology enabled Media ERP platform,Mumbai,0.0,1,2016-08-30,2016-08-30
Printland,Other,,Delhi,0.0,1,2015-06-09,2015-06-09
Printvenue,,,,4500000.0,1,2015-01-29,2015-01-29
ProcMart,Consumer Internet & Tech,Online Procurement Marketplace,Noida,0.0,1,2016-06-21,2016-06-21
Process 9,Consumer Internet & Tech,online translation and transliteration,Gurgaon,0.0,2,2015-03-12,2016-04-01
Progcap,Fintech,Supply Chain Management,Delhi,5000000.0,1,2019-08-01,2019-08-01
Project Mudra,Consumer Internet & Tech,Assisting Visually Impaired to learn through Braille,Bangalore,50000.0,1,2017-12-11,2017-12-11
Promon,E-Commerce,Local Commerce Platform,Delhi,180000.0,1,2016-09-29,2016-09-29
PropStory,Consumer Internet & Tech,Real Estate content portal,Gurgaon,0.0,1,2017-10-25,2017-10-25
PropertyShare,Consumer Internet & Tech,Fractional Proerty Ownership & Rental platform,Bangalore,0.0,1,2017-03-10,2017-03-10
PropheSee,SaaS & Enterprise Tech,,Delhi,500000.0,1,2015-12-10,2015-12-10
Propstack,SaaS & Enterprise Tech,,Mumbai,3000000.0,1,2015-06-03,2015-06-03
Prothom,Other,,Pune,2000000.0,1,2015-07-31,2015-07-31
Proviera,IoT & Hardware,,Chennai,550000.0,1,2015-06-01,2015-06-01
Proximit,Consumer Internet & Tech,Advertising Technology,Pune,150000.0,1,2016-03-15,2016-03-15
Prozo,E-Commerce,Study Material Marketplace,Gurgaon,520000.0,2,2015-09-07,2016-09-07
Pulse,Consumer Internet & Tech,Campus Social Networking App,Bangalore,500000.0,1,2016-11-30,2016-11-30
PumpKart,E-Commerce,Online Water Pumps etailer,Chandigarh,0.0,1,2017-05-18,2017-05-18
Puro Wellness,Healthtech,"Organic, Natural Food substitute manufacturer",Mumbai,37000000.0,1,2016-08-22,2016-08-22
Purple Squirrel,Edtech,,Mumbai,0.0,1,2015-04-09,2015-04-09
Purple Style Labs,Consumer Internet & Tech,Personal Styling Online platform,Mumbai,448000.0,1,2016-09-12,2016-09-12
PurpleDocs,Consumer Internet & Tech,Electronic Health care records platform,Vadodara,0.0,1,2016-09-21,2016-09-21
PurpleHealth,Consumer Internet & Tech,Online health-on-demand platform,Trivandrum,100000.0,1,2016-05-18,2016-05-18
Purplle,E-Commerce,Beauty Products Online Marketplace,Mumbai,6537000.0,2,2016-07-11,2017-12-15
Purplle.com,,,,0.0,1,2015-01-06,2015-01-06
Qacco,Consumer Internet & Tech,Hotel Booking platform,Gurgaon,150000.0,1,2016-12-14,2016-12-14
Qdesq,Real Estate & PropTech,Branded Workspaces Aggregator,Gurgaon,0.0,1,2016-01-06,2016-01-06
Qik Stay,Travel & Hospitality,,Delhi,250000.0,1,2015-10-23,2015-10-23
QikPod,E-Commerce,,Bangalore,9000000.0,1,2015-11-30,2015-11-30
QikShip,Consumer Internet & Tech,Mobile based Logistics provider,Delhi,200000.0,1,2016-03-29,2016-03-29
Qlivery,Consumer Internet & Tech,Ondemand Concierge Service,Gurgaon,230000.0,2,2016-01-22,2016-03-17
Qonfuse,Consumer Internet & Tech,Online Test Papers for competitive exams,Delhi,0.0,1,2016-06-20,2016-06-20
QorQI,Healthtech,Online Healthcare provider,Noida,0.0,1,2017-04-07,2017-04-07
Qriyo,Consumer Internet & Tech,Tutor Discovery & Booking platform,Jaipur,160000.0,2,2016-01-29,2017-04-29
Qubole,Consumer Internet & Tech,Big Data based analytics platform,Bangalore,55000000.0,2,2016-01-22,2017-11-10
Quickli,Logistics & Transport,On-Demand Delivery Startup,Gurgaon,0.0,2,2015-09-28,2016-07-07
Quifers,Logistics & Transport,,Mumbai,310000.0,1,2015-10-08,2015-10-08
QuikWallet,Fintech,,Mumbai,1600000.0,1,2015-07-17,2015-07-17
Quikr,Consumer Internet & Tech,Classified Listings platform,Mumbai,230000000.0,3,2015-04-07,2016-08-19
Quinto,Food & Beverage,,Pune,0.0,1,2015-07-08,2015-07-08
Quintype,Media & Entertainment,,Bangalore,3300000.0,1,2015-09-24,2015-09-24
QwikSpec,Consumer Internet & Tech,Construction site operations and analytics platform,Bangalore,540000.0,1,2017-07-14,2017-07-14
Qwikspec,Consumer Internet & Tech,Cloud-based construction,Bangalore,300000.0,1,2017-01-18,2017-01-18
Qyk,,,,0.0,1,2015-03-13,2015-03-13
Qyk App,Other,,Bangalore,1000000.0,1,2015-08-25,2015-08-25
RAW Pressery,Food & Beverage,Cold pressed Juice maker,Mumbai,6000000.0,1,2017-10-23,2017-10-23
REstate,Consumer Internet & Tech,Real Estate Platform,Bangalore,0.0,1,2016-06-21,2016-06-21
RKSV,Consumer Internet & Tech,Online Stock Trading Platform,Mumbai,4000000.0,1,2016-02-12,2016-02-12
RML Agtech,Consumer Internet & Tech,Agri Decision Support Solution for farmers,Pune,4000000.0,1,2017-01-25,2017-01-25
RailYatri,Consumer Internet & Tech,Online Travel Ticketing Platform,Noida,0.0,4,2015-06-30,2018-04-26
RainCan,Consumer Internet & Tech,Subscription-based grocery delivery Mobile App,Pune,250000.0,2,2015-08-11,2016-04-13
Rao IIT Academy,Edtech,Coaching Services,Mumbai,8600000.0,1,2018-01-24,2018-01-24
Rapido,Consumer Internet & Tech,Bike and Taxi pooling online platform,Hyderabad,751230.0,3,2016-04-18,2017-11-21
Rapido Bike Taxi,Logistics & Transport,Bike Taxi,Bangalore,3900000000.0,1,2019-08-27,2019-08-27
Rare Media,Consumer Internet & Tech,Mobile & Cloud based App developer,Delhi,1100000.0,1,2016-01-29,2016-01-29
RateGain,,,,50000000.0,1,2015-01-14,2015-01-14
Raw Pressery,Food & Beverage,Raw Pressed Juices manufacturer,Mumbai,0.0,1,2017-04-17,2017-04-17
RawPressery,Consumer Internet & Tech,Online Organic Juice Delivery Service,Mumbai,4800000.0,1,2018-08-20,2018-08-20
RayIOT,Consumer Internet & Tech,Baby Monitoring Devices manufacturer,Bangalore,100000.0,1,2016-10-07,2016-10-07
RazorPay,Consumer Internet & Tech,Online Payment Gateway,Bangalore,120000.0,2,2015-03-23,2016-07-01
Razorpay,Consumer Internet & Tech,Payment Gateway,Bangalore,29000000.0,3,2015-05-25,2018-01-12
ReGlobe,Other,,Gurgaon,1000000.0,1,2015-04-29,2015-04-29
Reach,Consumer Internet & Tech,Cross Platform P2P file sharing mobile app,Bangalore,500000.0,1,2016-03-07,2016-03-07
RealBox,Consumer Internet & Tech,Data Sciences Platform,Noida,300000.0,1,2016-10-06,2016-10-06
Recykal,CleanTech & Energy,Optimization,Hyderabad,26000000.0,1,2019-06-04,2019-06-04
Red Carpet,Consumer Internet & Tech,Micro Lending platform,Gurgaon,2500000.0,1,2017-03-02,2017-03-02
RedBook,Consumer Internet & Tech,AI based pharmacy drugs insights platform,Mumbai,250000.0,1,2017-11-21,2017-11-21
RedDoorz,Real Estate & PropTech,,Noida,1000000.0,1,2015-09-30,2015-09-30
RedPolka,Fashion & Lifestyle,,Mumbai,250000.0,1,2015-05-14,2015-05-14
Reddoorz,Consumer Internet & Tech,Budget Accomodation Aggregator,Delhi,0.0,1,2016-01-20,2016-01-20
Redesyn,Consumer Internet & Tech,Tech Enabler for Artists,Mumbai,0.0,1,2017-02-10,2017-02-10
Redsun Telematics,Consumer Internet & Tech,Internet of Things Platform,Chennai,0.0,1,2016-06-11,2016-06-11
Refiral,,,,330000.0,1,2015-01-19,2015-01-19
Register My Marriage,Consumer Internet & Tech,Online Marriage Registration services,Delhi,0.0,1,2017-01-31,2017-01-31
Rein Games,Media & Entertainment,Real money based gaming startup,Noida,50000000.0,1,2019-12-11,2019-12-11
Remidio,Healthtech,Healthcare Product Manufacturer,Bangalore,0.0,1,2016-01-15,2016-01-15
Remit Guru,Consumer Internet & Tech,Digital money transfer platform,Mumbai,466000.0,1,2017-05-12,2017-05-12
Remitr,Consumer Internet & Tech,Foreign Currency Payments Platform,Mumbai,1000000.0,1,2016-10-04,2016-10-04
Renderlogy,Real Estate & PropTech,,Hyderabad,2600000.0,2,2015-02-20,2015-05-26
Renew Buy,Consumer Internet & Tech,Online Insurance Aggregator,Delhi,9200000.0,1,2017-10-16,2017-10-16
RenewBuy,Fintech,Auto Insurance,Gurgaon,20500000.0,3,2015-11-11,2019-07-02
Reniso,Consumer Internet & Tech,End-to-End property management for landlords living away,Delhi,0.0,1,2017-11-15,2017-11-15
Renomania,Real Estate & PropTech,,Delhi,0.0,1,2015-09-11,2015-09-11
Renowala,E-Commerce,Home Improvement Marketplace,Hyderabad,0.0,2,2015-11-16,2016-09-01
RentMojo,Consumer Internet & Tech,Online Furniture Renting Platform,Bangalore,5000000.0,1,2016-07-13,2016-07-13
RentOnGo,E-Commerce,"Online Marketplace for Renting Bikes, Electronics & Appliances",Bangalore,234000.0,2,2015-12-22,2017-06-02
RentSher,Consumer Internet & Tech,Online Rental Marketplace,Bangalore,1400000.0,2,2016-02-15,2018-06-19
Rentalpha,Consumer Internet & Tech,equipment rental and leasing company,Mumbai,16000000.0,1,2016-10-17,2016-10-17
Rentickle,E-Commerce,"Furniture, appliances Portal",Delhi,250000.0,1,2016-05-09,2016-05-09
RentoMojo,Real Estate & PropTech,,Bangalore,2000000.0,1,2015-11-23,2015-11-23
Rentomo,Consumer Internet & Tech,peer-to-peer renting Marketplace,Bangalore,100000.0,1,2016-01-13,2016-01-13
Rentomojo,Consumer Internet & Tech,Consumer Leasing Platform,Bangalore,10000000.0,1,2017-07-19,2017-07-19
RepUp,Other,,Gurgaon,0.0,1,2015-11-06,2015-11-06
RepairEasy,Consumer Internet & Tech,Gadget Repair Services Platform,Pune,275000.0,1,2016-08-01,2016-08-01
ReportBee,Edtech,,Chennai,0.0,1,2015-09-08,2015-09-08
Ressy,Food & Beverage,,Pune,400000.0,1,2015-08-01,2015-08-01
Retention.ai,SaaS & Enterprise Tech,,Bangalore,500000.0,1,2015-06-24,2015-06-24
Retigence Technologies,Other,,Mumbai,0.0,1,2015-07-01,2015-07-01
RevX,SaaS & Enterprise Tech,,Mumbai,4000000.0,1,2015-08-25,2015-08-25
Reverie,SaaS & Enterprise Tech,,Bangalore,4000000.0,1,2015-08-31,2015-08-31
Revv,Consumer Internet & Tech,Online Indian Car Rental Platform,Gurgaon,23270000.0,2,2016-12-07,2018-08-22
Ridlr,Consumer Internet & Tech,Public Transport Mobile App,Mumbai,6000000.0,1,2016-07-15,2016-07-15
Rivigo,Consumer Internet & Tech,Logistics Services and Solutions,Gurgaon,140000000.0,4,2015-12-17,2019-12-13
RoadGods,E-Commerce,Auto Spare Parts eTailer,Delhi,100000.0,1,2016-02-03,2016-02-03
Roadcast,Consumer Internet & Tech,Fleet management and asset monitoring platform,Delhi,250000.0,1,2018-03-28,2018-03-28
Roadrunnr,Logistics & Transport,,Bangalore,21000000.0,2,2015-07-15,2015-10-27
Roambee,Consumer Internet & Tech,IoT smart Logistics and Asset Management Company,Mumbai,4100000.0,1,2017-01-13,2017-01-13
Roast,Consumer Internet & Tech,Mobile entertainment App,Delhi,0.0,1,2016-05-25,2016-05-25
RoboVac,Consumer Internet & Tech,waterless car washing solution,Ahmedabad,450000.0,1,2016-10-13,2016-10-13
Robosoft,Other,,Udupi,12000000.0,1,2015-04-17,2015-04-17
Rock N Shop,E-Commerce,,Delhi,150000.0,1,2015-10-05,2015-10-05
Rocketium,Consumer Internet & Tech,Online Video Creation Platform,Bangalore,300000.0,1,2018-05-21,2018-05-21
Roder,Consumer Internet & Tech,inter-city cab aggregator,Delhi,240000.0,1,2016-01-13,2016-01-13
Roll Mafia,Food & Beverage,Rolls & Biryanis QSR chain,Pune,0.0,1,2016-04-04,2016-04-04
RollMafia,Food & Beverage,,Pune,160000.0,1,2015-08-28,2015-08-28
Room On Call,Consumer Internet & Tech,Budget hotel aggregator,Gurgaon,2000000.0,1,2016-03-21,2016-03-21
Room on Call,E-Commerce,,Noida,300000.0,1,2015-09-15,2015-09-15
RoomCentral,SaaS & Enterprise Tech,,Bangalore,2000000.0,1,2015-09-04,2015-09-04
RoomsTonite,Travel & Hospitality,,Bangalore,1500000.0,1,2015-12-02,2015-12-02
Rootefy,E-Commerce,Building material online store,Delhi,187000.0,1,2017-08-20,2017-08-20
Rooter,Consumer Internet & Tech,Sports engagement platform,Delhi,0.0,2,2016-10-17,2017-03-31
Roposo,Media & Entertainment,Video Sharing,Delhi,31700000.0,3,2015-08-18,2018-11-25
Roposo.com,,,,5000000.0,1,2015-03-26,2015-03-26
Round One,,,,0.0,1,2015-03-21,2015-03-21
Routofy,,,,0.0,1,2015-03-14,2015-03-14
Rozgar Mela,,,,0.0,1,2015-03-25,2015-03-25
Rubique,Consumer Internet & Tech,Online Lending MarketPlace,Mumbai,3000000.0,2,2017-06-28,2018-04-29
Rubix,Consumer Internet & Tech,Education,Pune,1000000.0,1,2018-01-17,2018-01-17
Runnr,Consumer Internet & Tech,hyperlocal Logistics services provider,Bangalore,7000000.0,1,2016-08-29,2016-08-29
Rupaiya Exchange,Consumer Internet & Tech,P2P Lending platform,Delhi,200000.0,1,2016-12-12,2016-12-12
Rupeek,Consumer Internet & Tech,Online Gold Loan,Bangalore,6830000.0,1,2018-02-09,2018-02-09
S Chand,Edtech,,Delhi,27000000.0,1,2015-11-25,2015-11-25
S-Cube Futuretech,SaaS & Enterprise Tech,,Mumbai,1000000.0,1,2015-10-17,2015-10-17
SERV\\xe2\\x80\\x99D,Consumer Internet & Tech,Financial Services For Unorganized Workforce,Pune,100000.0,1,2016-12-15,2016-12-15
SIFTR Labs,Consumer Internet & Tech,Photography curation & Aggregator platform,Mumbai,150000.0,1,2016-01-25,2016-01-25
SMECorner,Consumer Internet & Tech,Online Platform for small business loans,Mumbai,0.0,1,2017-05-02,2017-05-02
SP Robotics,Consumer Internet & Tech,Robotic Classes for Students,Chennai,300000.0,1,2016-03-23,2016-03-23
STAGE 3,Other,,Delhi,0.0,1,2015-12-16,2015-12-16
Saahas Zero Waste,CleanTech & Energy,Optimization,Bangalore,868600.0,1,2019-05-06,2019-05-06
Saama,AI & Data,,Pune,35000000.0,1,2015-06-02,2015-06-02
Saavn,Consumer Internet & Tech,Web/Mobile Music Streaming service,Mumbai,100000000.0,2,2015-07-08,2016-06-16
Sabse,SaaS & Enterprise Tech,,Mumbai,0.0,1,2015-11-03,2015-11-03
SafetyKart,E-Commerce,Safety & Hygiene Products etailer,Gurgaon,0.0,1,2017-04-13,2017-04-13
Sagacito,Consumer Internet & Tech,Cloud-Based Enterprise Solutions,Delhi,10000000.0,1,2016-07-19,2016-07-19
Sahajanand Medical Technologies,Consumer Internet & Tech,Medical Devices,Surat,36230000.0,1,2018-01-10,2018-01-10
Sahayog Dairy,Other,,Bhopal,1800000.0,1,2015-09-07,2015-09-07
SaleBhai,E-Commerce,"Sweets, Dry Fruits & Handicrafts etailer",Ahmedabad,1500000.0,1,2016-08-16,2016-08-16
Salebhai,E-Commerce,"Sweets, Eatables, Handicrafts Online Marketplace",Ahmedabad,0.0,1,2016-02-16,2016-02-16
Sambandh,Consumer Internet & Tech,Online Micro Lending Platform,Rourkela,2500000.0,1,2018-07-11,2018-07-11
Samco,Consumer Internet & Tech,Online Stock Broker,Mumbai,7500000.0,1,2018-04-30,2018-04-30
Samosa Labs,Consumer Internet & Tech,Social Media and Chat Entertainment Platform,Hyderabad,7000000.0,1,2018-08-02,2018-08-02
Sampurnearth,CleanTech & Energy,,Mumbai,160000.0,1,2015-08-17,2015-08-17
Samunnati,Fintech,Agricultural Loan,Chennai,23500000.0,1,2018-01-10,2018-01-10
Samunnati Financial Intermediation & Services Pvt. Ltd,Fintech,Non-banking financial company,Chennai,5000000.0,1,2019-01-04,2019-01-04
Saral Designs,Healthtech,Women Hygiene Product Manufacturer,Mumbai,0.0,1,2016-01-20,2016-01-20
SastaSundar,E-Commerce,Online Pharmacy,Kolkata,5000000.0,1,2017-05-31,2017-05-31
Sattviko,E-Commerce,Health Food etailer,Delhi,320000.0,3,2015-02-25,2017-09-12
SatvaCart,E-Commerce,Online Grocers,Delhi,0.0,1,2016-07-15,2016-07-15
SatvaKart,E-Commerce,Online Grocery Etailer,Gurgaon,0.0,1,2016-10-25,2016-10-25
Satvacart,Food & Beverage,,Gurgaon,1800000.0,1,2015-11-06,2015-11-06
SaveBC,Fintech,financial services firm,Gaya,6000000.0,1,2017-09-21,2017-09-21
SavvyMob,E-Commerce,Last Minute Hotel Bookings mobile marketplace,Bangalore,1000000.0,1,2016-01-11,2016-01-11
Sayfix,Consumer Internet & Tech,Hyperlocal Home Services Provider,Bangalore,160000.0,1,2016-02-24,2016-02-24
Scandid,Consumer Internet & Tech,Product Shopping Comparison App,Pune,0.0,2,2015-10-07,2016-10-04
Scapic,Consumer Internet & Tech,Virtual Reality,Bangalore,500000.0,1,2018-01-30,2018-01-30
Schedulers Logistics,Logistics & Transport,Cold Storage Logistics solutions,Mumbai,6000000.0,1,2016-06-24,2016-06-24
SchoolGuru,Edtech,,Mumbai,3000000.0,1,2015-10-07,2015-10-07
SchoolWear,E-Commerce,School Uniform & Supplies Marketplace,Mumbai,1500000.0,1,2016-05-10,2016-05-10
Schoolkart,E-Commerce,Online Marketplace for Schools,Noida,300000.0,1,2016-03-28,2016-03-28
Scienaptic,Consumer Internet & Tech,Data Analytics platform,Bangalore,0.0,1,2016-11-17,2016-11-17
ScoopWhoop,Media & Entertainment,,Delhi,4000000.0,1,2015-11-18,2015-11-18
Scootsy,Consumer Internet & Tech,On-Demand Food Delivery,Mumbai,3600000.0,1,2017-04-27,2017-04-27
ScoutMyTrip,Consumer Internet & Tech,Online Travel planner,Mumbai,0.0,1,2017-04-12,2017-04-12
Scripbox,Consumer Internet & Tech,Online Mutual Fund Investment platform,Bangalore,2500000.0,2,2015-08-12,2016-06-30
Seclore,Consumer Internet & Tech,Enterprise Security Technology platform,Mumbai,12000000.0,1,2016-05-04,2016-05-04
Securens,Consumer Internet & Tech,e-surveillance services provider,Mumbai,5000000.0,1,2017-01-10,2017-01-10
SecururAX,Consumer Internet & Tech,Cloud-based solutions provider,Bangalore,0.0,1,2017-01-14,2017-01-14
SeeDoc,Consumer Internet & Tech,Video Based Doctor Consulting platform App,Gurgaon,1000000.0,1,2016-07-05,2016-07-05
Seed Schools,Edtech,,Hyderabad,650000.0,1,2015-05-05,2015-05-05
Seenit,Consumer Internet & Tech,AI based Fashion Search Portal,Kolkata,0.0,1,2017-03-01,2017-03-01
SelectJobs,Consumer Internet & Tech,Online Job portal,Mumbai,0.0,1,2017-01-24,2017-01-24
Seniority,E-Commerce,Ecommerce portal for senior citizens,Pune,1000000.0,1,2017-09-07,2017-09-07
Sensara,Consumer Internet & Tech,"TV Search, Guide and Remote mobile app",Bangalore,750000.0,1,2016-01-06,2016-01-06
SenseGiz,IoT & Hardware,,Belgaum,500000.0,1,2015-11-19,2015-11-19
Sepalika,Consumer Internet & Tech,Healthcare related content platform,Delhi,750000.0,1,2017-04-28,2017-04-28
Sequretek,Consumer Internet & Tech,IT Security & Data Management Services,Mumbai,0.0,1,2017-05-09,2017-05-09
ServX,B2B & Industrial,,Delhi,0.0,1,2015-11-24,2015-11-24
Servify,Consumer Internet & Tech,Personal Device Assistant App,Mumbai,0.0,2,2016-04-05,2016-11-24
Sesame Software,Consumer Internet & Tech,Financial Technology Solutions Provider,Kozhikode,0.0,1,2016-08-18,2016-08-18
Setu,Fintech,Banking,Bangalore,3500000.0,1,2019-04-11,2019-04-11
ShaadiSaga,Consumer Internet & Tech,Wedding Website Creator,Delhi,0.0,1,2016-08-24,2016-08-24
ShabdNagari,Consumer Internet & Tech,Hindi social networking portal,Kanpur,0.0,1,2016-05-12,2016-05-12
ShabdaNagari,Consumer Internet & Tech,Hindi Language Social Networking Portal,Kanpur,200000.0,1,2016-01-22,2016-01-22
ShadowFax,Logistics & Transport,,Gurgaon,310000.0,1,2015-08-17,2015-08-17
Shadowfax,Logistics & Transport,,Gurgaon,9000000.0,1,2015-09-14,2015-09-14
Shadowfox,Logistics & Transport,On-Demand Delivery Service,Gurgaon,10000000.0,1,2016-12-26,2016-12-26
Shape,Healthtech,"Online Portal for Diet,fitness and Beauty",Pune,100000000.0,1,2018-02-08,2018-02-08
ShareChat,Consumer Internet & Tech,Social,Bangalore,23550000.0,3,2016-07-13,2018-01-18
SheThePeople,Consumer Internet & Tech,Digital platform for Women,Delhi,0.0,1,2016-05-25,2016-05-25
Sheroes,Consumer Internet & Tech,Online Job and Career Platform for Women,Noida,2570000.0,2,2015-08-12,2016-08-02
ShilpMIS,Consumer Internet & Tech,Virtual Reality platform,Surat,0.0,1,2017-03-16,2017-03-16
Shippr,Logistics & Transport,,Bangalore,500000.0,1,2015-06-15,2015-06-15
Shipsy,Logistics & Transport,Logistics Solutions,Gurgaon,1000000.0,1,2016-04-06,2016-04-06
Shirsa Labs,Edtech,Integrated Kids Engagement Company,Mumbai,750000.0,2,2015-11-04,2018-02-14
ShoeKonnect,E-Commerce,Footwear & Leather B2B App,Agra,0.0,1,2016-09-13,2016-09-13
Shoekonnect,E-Commerce,B2B Marketplace for Shoes,Agra,0.0,1,2016-10-13,2016-10-13
Shop 101,Consumer Internet & Tech,Mobile Storefront And Commerce Platform For Sellers,Mumbai,5000000.0,1,2018-07-10,2018-07-10
ShopClues,,,,100000000.0,1,2015-01-18,2015-01-18
ShopKirana,B2B & Industrial,eCommerce,Indore,2000000.0,2,2016-12-23,2018-12-06
ShopX,Consumer Internet & Tech,Assisted E-commerce Platform,Bangalore,40000000.0,2,2016-12-27,2018-08-07
Shopalyst,Other,,Bangalore,2000000.0,1,2015-10-02,2015-10-02
Shopatplaces,Fashion & Lifestyle,,Delhi,0.0,1,2015-07-25,2015-07-25
Shopclues,E-Commerce,Online marketplace,Gurgaon,107700000.0,2,2016-01-12,2017-05-10
Shopholix,E-Commerce,Fashion and Lifestyle Coupon Platform,Gurgaon,233000.0,1,2017-12-12,2017-12-12
Shopkirana,Consumer Internet & Tech,Retailer Supply Chain platform,Indore,0.0,1,2016-02-10,2016-02-10
ShoppinPal,Consumer Internet & Tech,M-Commerce Solutions for Retail Stores,Pune,1070000.0,1,2016-07-14,2016-07-14
ShopsUp,E-Commerce,Hyperlocal Shopping App,Bangalore,963000.0,1,2016-11-30,2016-11-30
Shopsense,E-Commerce,,Mumbai,0.0,1,2015-11-20,2015-11-20
Shopwati,Consumer Internet & Tech,Online Fashion Discussion Community,Gurgaon,0.0,1,2016-06-08,2016-06-08
Shotang.com,E-Commerce,,Bangalore,5000000.0,1,2015-12-23,2015-12-23
Shouut,Consumer Internet & Tech,Social Discovery Mobile app,Delhi,500000.0,1,2016-03-03,2016-03-03
Shubh Loans,Fintech,Customer Sourcing Platform,Bangalore,5700000.0,2,2017-09-05,2018-08-26
ShubhLoans,Consumer Internet & Tech,Consumer Finance & Credit Score platform,Bangalore,0.0,1,2016-11-22,2016-11-22
Shuttl,Logistics & Transport,App based shuttle service,Gurgaon,44048394.0,4,2015-12-03,2020-01-13
Sibia Analytics,Consumer Internet & Tech,Marketing & Customer Analytics Solutions,Kolkata,0.0,1,2016-10-07,2016-10-07
SidQam,Consumer Internet & Tech,Healthcare Software System,Noida,1200000.0,1,2016-12-01,2016-12-01
SigTuple,Consumer Internet & Tech,Healthcare based Tech Solutions,Bangalore,0.0,1,2016-02-22,2016-02-22
Signzy,Fintech,Digital Onboarding Solution,Mumbai,3400000.0,1,2018-11-23,2018-11-23
Sigrid Education,Edtech,,Noida,0.0,1,2015-06-24,2015-06-24
Sigtuple,Healthtech,Data Driven Intelligence Solutions Platform,Bangalore,24800000.0,2,2017-02-13,2018-06-26
SillyMonks,Consumer Internet & Tech,Digital Media and Entertainment Startup,Hyderabad,448000.0,1,2016-06-06,2016-06-06
Silvan,Consumer Internet & Tech,Home Automation & Security Solutions,Bangalore,515000.0,1,2016-01-22,2016-01-22
Silvan Innovation Labs,Consumer Internet & Tech,Home Automation Solutions,Bangalore,900000.0,1,2016-06-17,2016-06-17
SilverPush,IoT & Hardware,,Gurgaon,1200000.0,1,2015-09-23,2015-09-23
Simility,Consumer Internet & Tech,Adaptive Fraud Intelligence Platform,Hyderabad,17500000.0,1,2017-12-12,2017-12-12
Simpli5d,Other,,Gurgaon,0.0,1,2015-10-27,2015-10-27
SimpliLend,Consumer Internet & Tech,Online lending platform,Delhi,0.0,1,2017-05-30,2017-05-30
Simplilearn,Edtech,Online Certification programs,Bangalore,35750000.0,4,2015-01-21,2016-09-07
Simplotel,,,,0.0,1,2015-01-30,2015-01-30
Simulanis,Consumer Internet & Tech,eLearning & Skills Development plat,Delhi,0.0,1,2017-04-17,2017-04-17
SirionLabs,Consumer Internet & Tech,SAAS based Service Agreement Management,Gurgaon,12250000.0,1,2016-07-12,2016-07-12
Sistema.bio,AgriTech,Hybrid Reactor Biodigestor,Nairobi,2739034.68,1,2019-06-06,2019-06-06
Skedool,Consumer Internet & Tech,AI based Office Assistant Mobile App,Seattle,0.0,1,2016-03-02,2016-03-02
Skill Connect,Consumer Internet & Tech,Recruitment Portal,Jaipur,0.0,1,2017-08-03,2017-08-03
SkillAngels,Other,,Chennai,0.0,1,2015-06-22,2015-06-22
Skillate,Consumer Internet & Tech,Artificial Intellegence,Bangalore,0.0,1,2018-01-22,2018-01-22
Skillbox,Social & Community,Art,Gurgaon,0.0,1,2018-11-22,2018-11-22
Skillenza,Consumer Internet & Tech,Online Learning Platform,Bangalore,722000.0,1,2017-10-24,2017-10-24
Skoov.com,E-Commerce,,Mumbai,150000.0,1,2015-11-09,2015-11-09
Sky Met Weather,Consumer Internet & Tech,Weather Forecast Platform,Noida,0.0,1,2017-12-18,2017-12-18
SkyCandle,E-Commerce,Home D cor Product etailer,Delhi,0.0,1,2016-01-25,2016-01-25
Slang Labs,Consumer Internet & Tech,Voice-based assistant platform,Bangalore,1240000.0,1,2018-03-22,2018-03-22
Slice Pay,Consumer Internet & Tech,Student Micro-financing platform,Bangalore,2000000.0,1,2017-10-06,2017-10-06
Slide App,Consumer Internet & Tech,Lock screen Rewards mobile app,Delhi,3600000.0,1,2016-12-01,2016-12-01
Smaaash,Consumer Internet & Tech,Virtual Reality based gaming platform,Mumbai,47800000.0,2,2017-09-14,2017-11-27
Smart Karma,Consumer Internet & Tech,Financial Technology Research Platform,Bangalore,0.0,1,2017-11-06,2017-11-06
SmartCoin,Consumer Internet & Tech,Micro Lending platform,Bangalore,0.0,1,2017-04-03,2017-04-03
SmartHi,Consumer Internet & Tech,Audit automation Solutions,Pune,0.0,1,2017-01-23,2017-01-23
SmartPocket,,,,250000.0,1,2015-02-02,2015-02-02
SmartVizX,Consumer Internet & Tech,Virtual Reality Solutions,Noida,500000.0,1,2016-03-09,2016-03-09
Smartairtrip.com,,,,10000000.0,1,2015-02-23,2015-02-23
Smartcoin,Fintech,Micro lending company,Bangalore,2000000.0,1,2018-03-28,2018-03-28
Smartcooky,E-Commerce,Marketplace for Health Foods,Delhi,0.0,2,2016-01-01,2016-02-05
Smartivity,Edtech,Designer Of Toys and Learning Projects For Kids,Delhi,3000000.0,2,2016-05-16,2018-05-24
Smartivity.in,Edtech,,Delhi,200000.0,1,2015-10-28,2015-10-28
Smartron,Consumer Internet & Tech,Internet of Things Device manufacturer,Bangalore,0.0,1,2016-03-22,2016-03-22
Sminq,Consumer Internet & Tech,Queue management Mobile app,Pune,1000000.0,1,2016-06-14,2016-06-14
Smytten,E-Commerce,Online Discovery and Shopping Platform,Gurgaon,200000.0,2,2015-11-17,2016-04-18
Snackible,Food & Beverage,Healthy Snacks manufacturer,Mumbai,175000.0,1,2017-04-17,2017-04-17
SnapBizz,E-Commerce,Mobile based Retail Market Ecosystem,Bangalore,7200000.0,1,2016-01-22,2016-01-22
Snapbizz,Consumer Internet & Tech,Connectivity platform for local grocery stores,Bangalore,0.0,1,2016-02-15,2016-02-15
Snapdeal,E-Commerce,Horizontal Online Marketplace,Delhi,700000000.0,2,2015-08-01,2016-02-15
Snapshopr,Consumer Internet & Tech,Visual Search & Image Recognition Platform,Bangalore,0.0,1,2016-01-14,2016-01-14
Social Quotient,Consumer Internet & Tech,Platform for Social Causes,Mumbai,0.0,1,2016-09-05,2016-09-05
Sokrati,,,,0.0,1,2015-01-09,2015-01-09
SolarTown,Consumer Internet & Tech,Solar Rooftop system installation company,Chennai,200000.0,1,2016-05-04,2016-05-04
SooperMO,Consumer Internet & Tech,Android utility app suite creator,Gurgaon,100000.0,1,2016-10-25,2016-10-25
Soothe Healthcare,Healthtech,,Noida,0.0,1,2015-11-06,2015-11-06
SoundSurround,Consumer Internet & Tech,Audio Technology Solutions,Mumbai,22500.0,1,2016-02-02,2016-02-02
Spandana Sphoorty,Fintech,Micro finance institution providing small ticket unsecured loans to women,Hyderabad,19500000.0,1,2017-12-20,2017-12-20
Spares Hub,E-Commerce,Automobile parts marketplace,Pune,311000.0,1,2017-06-27,2017-06-27
SparesHub,E-Commerce,,Pune,460000.0,1,2015-11-06,2015-11-06
Specsmakers,E-Commerce,Online Spects Platform for Men and Women,Chennai,10000000.0,1,2017-12-26,2017-12-26
SpectraVR,Consumer Internet & Tech,Virtual Reality Content Studio,Mumbai,0.0,1,2016-07-07,2016-07-07
SpeedBox,Logistics & Transport,On-Demand Logistics Service provider,Mumbai,300000.0,1,2017-08-03,2017-08-03
SpiderG,Consumer Internet & Tech,Online invoice app for SMEs,Pune,150000.0,1,2016-06-22,2016-06-22
Spinny,E-Commerce,Online Used Car marketplace,Gurgaon,1000000.0,1,2017-06-06,2017-06-06
Splitkart,Other,,Delhi,0.0,1,2015-12-04,2015-12-04
SpoonJoy,Food & Beverage,,Bangalore,1000000.0,1,2015-05-04,2015-05-04
Sport Flashes,Consumer Internet & Tech,Sports Based Online Media portal,Delhi,0.0,1,2017-03-27,2017-03-27
Sportido,Consumer Internet & Tech,Sports Discovery platform,Noida,0.0,1,2016-10-06,2016-10-06
Sportobuddy,Consumer Internet & Tech,Sports & Sport related equipment portal,Mumbai,150000.0,1,2017-09-25,2017-09-25
Sports Flashes,Consumer Internet & Tech,Sports Content Mobile App,Delhi,0.0,2,2017-04-11,2017-08-14
SportyBeans,Edtech,,Pune,0.0,1,2015-10-06,2015-10-06
SportzVillage,Edtech,,Bangalore,10000000.0,1,2015-10-06,2015-10-06
SpotDraft,Consumer Internet & Tech,Contract Automation,Gurgaon,550000.0,1,2017-10-25,2017-10-25
Springboard,Consumer Internet & Tech,Online Courses and Mentoring from Experts,Bangalore,11200000.0,2,2015-12-17,2017-12-19
Springleap,,,,800000.0,1,2015-05-19,2015-05-19
Sqqrl,Fintech,App-based investment platform,Gurgaon,1000000.0,1,2018-06-25,2018-06-25
SquadRun,,,,0.0,1,2015-02-25,2015-02-25
Squadrun,Consumer Internet & Tech,Software-As-a-Service Platform,Noida,2100000.0,1,2017-04-12,2017-04-12
Square Yards,Consumer Internet & Tech,Property Search Aggregator platform,Gurgaon,28000000.0,3,2015-05-05,2017-01-12
Stalk Buy Love,E-Commerce,Fashion Apparel eTailer,Delhi,6000000.0,2,2016-09-05,2016-12-09
StalkBuyLove,E-Commerce,Online fashion marketplace,Delhi,1000000.0,3,2015-10-07,2017-04-26
StanPlus,Logistics & Transport,Medical Transportation Services,Hyderabad,1100000.0,1,2017-10-11,2017-10-11
Stanza Living,Consumer Internet & Tech,Student accommodation platform,Delhi,2000000.0,1,2017-11-28,2017-11-28
Staqu,Consumer Internet & Tech,Artificial Intelligence based search platform,Gurgaon,0.0,1,2016-06-23,2016-06-23
Startup Buddy,Consumer Internet & Tech,Startup Support Platform,Gurgaon,0.0,1,2017-04-07,2017-04-07
Stashfin,Consumer Internet & Tech,Personal Finance App,Delhi,5000000.0,1,2017-06-27,2017-06-27
Stasis Labs,Consumer Internet & Tech,Cloud based health monitoring platform,Bangalore,5000000.0,1,2016-11-16,2016-11-16
Stay Simple Resorts,Travel & Hospitality,,Bangalore,0.0,1,2015-12-10,2015-12-10
StayGlad,Fashion & Lifestyle,,Bangalore,0.0,2,2015-06-29,2015-11-27
StayZilla,Consumer Internet & Tech,Budget Room Aggregator Booking platform,Chennai,13500000.0,1,2016-05-13,2016-05-13
Stayabode,Consumer Internet & Tech,Co-Living space aggregator,Bangalore,0.0,1,2017-08-10,2017-08-10
Staydobe,Consumer Internet & Tech,Co-Living Spaces Aggregator,Bangalore,0.0,1,2017-02-27,2017-02-27
Stayology,Consumer Internet & Tech,Stay & Travel related services,Bangalore,0.0,1,2016-10-20,2016-10-20
Stayzilla,,,,20000000.0,1,2015-02-12,2015-02-12
Stelae,SaaS & Enterprise Tech,,Chennai,0.0,1,2015-11-26,2015-11-26
Stellaps,Consumer Internet & Tech,Iot Application Platform In Agriculture,Bangalore,14000000.0,1,2018-05-30,2018-05-30
StitchWood,E-Commerce,Custom Furniture Online,Mumbai,200000.0,1,2016-07-04,2016-07-04
Stitchwood,E-Commerce,,Mumbai,395000.0,1,2015-07-04,2015-07-04
Stockal,Consumer Internet & Tech,App-based Investment advisory Services,Bangalore,350000.0,2,2015-10-21,2017-06-08
Stockroom.io,Consumer Internet & Tech,Curated Platform for Developers,Hyderabad,70000.0,2,2015-10-09,2017-02-03
StoreKing,E-Commerce,Connecting Small Town Consumers to E-Commerce,Bangalore,16000000.0,2,2015-02-10,2016-06-08
StoreMore.in,Fashion & Lifestyle,,Noida,0.0,1,2015-08-07,2015-08-07
Strata Enviro,Consumer Internet & Tech,IoT based air pollution controller,Mumbai,0.0,1,2017-12-01,2017-12-01
Stratfit,Consumer Internet & Tech,Health coaching programs,Hyderabad,232000.0,1,2017-06-08,2017-06-08
Streak,Consumer Internet & Tech,Algorithmic Trading,Bangalore,354600.0,1,2018-01-15,2018-01-15
Streamoid,Other,,Bangalore,1000000.0,1,2015-12-15,2015-12-15
Streo,Consumer Internet & Tech,Live Music Streaming App,Bangalore,0.0,1,2016-12-02,2016-12-02
Stridalyzer,,,,30768.0,1,2015-01-07,2015-01-07
Strike,Consumer Internet & Tech,Mobile Email productivity tool,Bangalore,22500.0,1,2016-02-02,2016-02-02
Stuffed,Food & Beverage,,Mumbai,385000.0,1,2015-11-03,2015-11-03
Stumagz,Consumer Internet & Tech,Online Communication and Collaboration Platform For Educational Institutions,Hyderabad,0.0,1,2018-03-14,2018-03-14
StyleDotMe,E-Commerce,Fashion and Shopping,Delhi,0.0,1,2019-05-05,2019-05-05
StyleTag,E-Commerce,,Bangalore,7500000.0,1,2015-11-17,2015-11-17
Stylecracker,Other,,Mumbai,1000000.0,1,2015-09-01,2015-09-01
Styledotme,Consumer Internet & Tech,Mobile Fashion App,Delhi,37000.0,1,2016-02-22,2016-02-22
Stylflip,E-Commerce,Pre-Owned Fashion marketplace mobile app,Mumbai,0.0,1,2016-03-10,2016-03-10
Stylofie,Consumer Internet & Tech,Online Beauty Parlour search & discovery Platform,Gurgaon,250000.0,2,2015-11-24,2016-02-10
Sulekha.com,E-Commerce,,Chennai,28000000.0,1,2015-04-20,2015-04-20
Sumeru,Consumer Internet & Tech,Banking Software License Platform,Bangalore,1900000.0,2,2017-05-03,2017-11-15
Summerlabel,Consumer Internet & Tech,Fashion and Lifestyle discovery platform,Gurgaon,150000.0,1,2017-03-06,2017-03-06
SunTerrace,CleanTech & Energy,,Delhi,0.0,1,2015-05-21,2015-05-21
Sunday Realty Solutions,Real Estate & PropTech,,Mumbai,785000.0,1,2015-08-05,2015-08-05
Sunstone Eduversity Pvt. Ltd,Edtech,Elearning,Gurgaon,1500000.0,1,2019-11-13,2019-11-13
SuperGaming,Media & Entertainment,Social gaming platform,Pune,1300000.0,1,2019-11-12,2019-11-12
Superhero Brands,Other,,Mumbai,540000.0,1,2015-11-30,2015-11-30
Supplified,E-Commerce,Construction material eTailer,Delhi,1000000.0,1,2016-03-10,2016-03-10
Supr Daily,Consumer Internet & Tech,Subscription based delivery platform,Mumbai,1620000.0,3,2016-12-21,2017-05-30
Swajal,Other,,Gurgaon,1200000.0,1,2015-07-29,2015-07-29
Swiggy,Food & Beverage,Online Food Delivery,Bangalore,270500000.0,8,2015-04-03,2018-02-07
SwitchMe,Consumer Internet & Tech,Home Loan Rate comparison platform,Mumbai,0.0,1,2016-03-31,2016-03-31
Synctag,Consumer Internet & Tech,Social Media Anlaytics Platform,Coimbatore,307600.0,1,2018-04-02,2018-04-02
Synup,Consumer Internet & Tech,SME Marketing Management Solution,Bangalore,6000000.0,1,2017-09-25,2017-09-25
Syona Cosmetics,Food & Beverage,Beauty Products & Training to Salons & Spas,Chennai,150000.0,2,2015-06-24,2016-06-21
Systemantics,Consumer Internet & Tech,Industrial robots maker,Bangalore,1400000.0,1,2016-03-02,2016-03-02
TAC Security,Consumer Internet & Tech,Cyber-Security Solutions Provider,Delhi,0.0,1,2016-08-23,2016-08-23
THB,Consumer Internet & Tech,Clinical research and data analytics,Gurgaon,0.0,1,2016-12-06,2016-12-06
TOFlo,Fintech,,Mumbai,100000.0,1,2015-09-01,2015-09-01
TOKO Innovation Studios,Consumer Internet & Tech,Children s Entertainment Games & Products,Delhi,450000.0,1,2016-04-22,2016-04-22
TYGR,Consumer Internet & Tech,Transport and logistics mobile App,Mumbai,3000000.0,1,2016-12-02,2016-12-02
TableHero,Consumer Internet & Tech,Dynamic Restaurant Website creator,Bangalore,1000000.0,1,2016-02-16,2016-02-16
TagBox,Consumer Internet & Tech,Cold Chain monitoring solution,Bangalore,0.0,1,2017-10-24,2017-10-24
Tagos Design,Consumer Internet & Tech,in-video discovery platform,Bangalore,5000000.0,1,2017-06-30,2017-06-30
Tails Life,Consumer Internet & Tech,Pet care portal & mobile app,Bangalore,0.0,1,2017-09-07,2017-09-07
Tailslife,Consumer Internet & Tech,Pet Parenting mobile app,Bangalore,0.0,1,2016-12-07,2016-12-07
Tala,Fintech,Digital Lending Platform,Santa Monica,110000000.0,1,2019-08-23,2019-08-23
Talent Next,Consumer Internet & Tech,Talent Discovery & Audition management platform,Mumbai,1000000.0,1,2016-10-31,2016-10-31
TalentEdge,Consumer Internet & Tech,Distance Education Learning Platform,Bangalore,7600000.0,1,2017-11-08,2017-11-08
Talentrack,E-Commerce,,Delhi,0.0,1,2015-11-27,2015-11-27
Talkoot,Social & Community,,Bangalore,100000.0,1,2015-11-21,2015-11-21
TapChief,Consumer Internet & Tech,Professional Expert Advice Platform,Bangalore,0.0,1,2016-11-26,2016-11-26
TapCibo,,,,0.0,1,2015-01-09,2015-01-09
Tapchief,Consumer Internet & Tech,Expert Advice Platform,Bangalore,150000.0,1,2016-04-15,2016-04-15
Tapzo,Consumer Internet & Tech,Personal Assistant,Bangalore,1930000.0,1,2018-01-10,2018-01-10
Tarusa World,E-Commerce,Handicraft products eTailer,Mumbai,0.0,1,2016-03-04,2016-03-04
TaskBucks,E-Commerce,,Delhi,15000000.0,1,2015-11-16,2015-11-16
Taskbob,Consumer Internet & Tech,Hyperlocal Handyman services platform,Mumbai,5700000.0,2,2015-04-16,2016-02-22
Tata Housing,Real Estate & PropTech,Residential Project,Mumbai,23000000.0,1,2017-12-05,2017-12-05
Tavaga,Fintech,,Mumbai,0.0,1,2015-10-29,2015-10-29
Tax2Win,Consumer Internet & Tech,Online Tax Filing Portal,Jaipur,1000000.0,1,2016-07-20,2016-07-20
TaxSutra,Consumer Internet & Tech,Online Tax Filing platform,Pune,526000.0,2,2015-02-25,2017-01-02
TaxiVaxi,Consumer Internet & Tech,Cab Aggregating Platform,Delhi,500000.0,1,2016-05-19,2016-05-19
Tazzo Bikes,Consumer Internet & Tech,Motorbike rental platform,Hyderabad,227000.0,1,2016-10-15,2016-10-15
Tea Box,E-Commerce,Fresh Indian Tea Selling Platform across 112 countries,Bangalore,7000000.0,1,2017-12-14,2017-12-14
Tea Trails,Other,,Mumbai,1000000.0,1,2015-09-15,2015-09-15
Teabox,E-Commerce,Online Tea Store,Siliguri,6000000.0,2,2015-03-25,2016-06-09
Teabox.com,E-Commerce,Specialty Tea ETailer,Siliguri,0.0,1,2016-01-27,2016-01-27
Team Indus,,,,1500000.0,1,2015-03-28,2015-03-28
Teewe,,,,1750000.0,1,2015-03-26,2015-03-26
Telr,Consumer Internet & Tech,Online Payment Gateway,Mumbai,3000000.0,1,2017-05-16,2017-05-16
TempGo,Consumer Internet & Tech,IoT and SaaS based transportation platform,Goa,250000.0,1,2017-11-24,2017-11-24
TempoGo,Consumer Internet & Tech,IoT & SAAS Solutions for Transportation Industry,Panaji,825000.0,1,2017-01-03,2017-01-03
Ten3t Health,Consumer Internet & Tech,medical grade wearable patch maker,Bangalore,0.0,1,2016-12-14,2016-12-14
Teritree,Media & Entertainment,,Bangalore,140000.0,1,2015-06-09,2015-06-09
Termsheet,Other,,Chennai,100000.0,1,2015-05-01,2015-05-01
TestBook,Consumer Internet & Tech,Online Test Preparation Platform,Mumbai,0.0,1,2017-04-03,2017-04-03
Testbook,Consumer Internet & Tech,Online Test Preparation Platform,Mumbai,0.0,1,2016-03-01,2016-03-01
The Better India,,,,166000.0,1,2015-03-16,2015-03-16
The BlueBook,Consumer Internet & Tech,online to offline marketing platform,Bangalore,500000.0,1,2016-12-21,2016-12-21
The Good Life,E-Commerce,Online Luxury Tea etailer,Mumbai,1000000.0,1,2017-05-18,2017-05-18
The Gourmet Jar,E-Commerce,Gourmet Food etailer,Noida,0.0,1,2016-11-04,2016-11-04
The Healthy Billions,Healthtech,Analytics,Gurgaon,2100000.0,1,2018-02-21,2018-02-21
The Home Salon,Healthtech,,Mumbai,0.0,1,2015-08-03,2015-08-03
The Indian IRIS,Consumer Internet & Tech,Govt Policy Research & Information portal,Ahmedabad,0.0,1,2016-06-20,2016-06-20
The Ken,Consumer Internet & Tech,Subscription-Only News Website,Bangalore,1900000.0,2,2017-02-17,2018-07-18
The Kettlery,E-Commerce,Online Tea Etailer,Ahmedabad,1000000.0,1,2016-10-26,2016-10-26
The Label Life,E-Commerce,Home Decor and Online Fashion Portal,Mumbai,3100000.0,1,2017-12-07,2017-12-07
The Man Company,Food & Beverage,Beauty and Grooming,Gurgaon,0.0,2,2015-09-22,2019-10-21
The Moms Co,E-Commerce,Pregnancy & Baby Care product etailer,Gurgaon,1000000.0,1,2017-09-18,2017-09-18
The Mons Co.,E-Commerce,Pregnancy & Baby Care etailer,Delhi,0.0,1,2017-03-22,2017-03-22
The News Minute,Media & Entertainment,,Bangalore,0.0,1,2015-12-18,2015-12-18
The Office Pass,Consumer Internet & Tech,CoWorking Spaces booking platform,Gurgaon,245000.0,1,2017-04-25,2017-04-25
The Porter,Logistics & Transport,,Mumbai,6000000.0,2,2015-06-24,2015-06-24
The Postbox,E-Commerce,Art & Lifestyle ECommerce Store,Chennai,0.0,1,2016-12-26,2016-12-26
The Print,Media & Entertainment,News portal,Delhi,535000.0,2,2017-05-23,2018-03-27
The Uolo,Consumer Internet & Tech,School Parent Communication App,Bangalore,210000.0,1,2016-06-23,2016-06-23
The Viral Fever,Consumer Internet & Tech,Independent Online Video production company,Mumbai,10000000.0,1,2016-02-17,2016-02-17
The Wedding Brigade,Consumer Internet & Tech,Online Services,Mumbai,1600000.0,2,2016-04-28,2018-01-29
The/Nudge Foundation,Other,,Bangalore,315000.0,1,2015-09-10,2015-09-10
TheBetterIndia.com,Media & Entertainment,,Bangalore,0.0,1,2015-05-18,2015-05-18
TheCapitalNet,Fintech,Unified Global Investments Ecosystem,Hyderabad,500000.0,1,2018-07-26,2018-07-26
TheKarrier,Logistics & Transport,,Bangalore,240000.0,1,2015-05-28,2015-05-28
TheSmartQ,Consumer Internet & Tech,Food Ordering Mobile App,Bangalore,250000.0,1,2016-05-18,2016-05-18
Theranosis,Healthtech,Specialised diagnostics Platform,Hyderabad,0.0,1,2018-06-11,2018-06-11
ThinkPhi,Consumer Internet & Tech,Sustainable Green Tech Solution developer,Mumbai,0.0,1,2016-06-16,2016-06-16
ThinkerBell,Consumer Internet & Tech,Assisted Learning Startup,Bangalore,200000.0,1,2017-07-26,2017-07-26
ThirdWatch,Consumer Internet & Tech,AI-powered anti-fraud solutions,Gurgaon,0.0,1,2017-10-09,2017-10-09
Thrill App,,,,1000000.0,1,2015-01-25,2015-01-25
TicketNew,Consumer Internet & Tech,Movie Ticket Booking platform,Chennai,35000000.0,1,2017-01-09,2017-01-09
Tilite Technologies Pvt. Ltd,Consumer Internet & Tech,Saas based Corporate Travel Management Solution,Bangalore,0.0,1,2017-11-09,2017-11-09
TimeSaverz,Logistics & Transport,,Mumbai,2400000.0,1,2015-08-19,2015-08-19
Timemytask,Consumer Internet & Tech,On-Demand home cleaning services,Mumbai,0.0,1,2016-02-17,2016-02-17
Timesaverz,Consumer Internet & Tech,Hyperlocal home services provider,Mumbai,1000000.0,1,2017-07-05,2017-07-05
TinMen,Consumer Internet & Tech,Food Delivery Platform,Hyderabad,0.0,1,2016-01-29,2016-01-29
Tinmen,Consumer Internet & Tech,Food Delivery platform,Hyderabad,0.0,2,2017-04-12,2017-09-25
TinyOwl,Food & Beverage,,Mumbai,23500000.0,2,2015-02-26,2015-10-30
TinyStep,Consumer Internet & Tech,Parenting Info & Social Network,Bangalore,3580000.0,4,2016-01-19,2017-01-17
Tiyo,Consumer Internet & Tech,Doctor Search Mobile App,Kolkata,0.0,1,2016-12-20,2016-12-20
Toffee,Consumer Internet & Tech,Online Insurance Platform,Gurgaon,1500000.0,1,2018-05-29,2018-05-29
Toko Innovations,Consumer Internet & Tech,Children s Entertainment Portal,Bangalore,450000.0,1,2016-05-09,2016-05-09
Tokri,Consumer Internet & Tech,Hyperlocal Grocery Delivery platform,Pune,2500000.0,1,2016-08-01,2016-08-01
Tonbo Imaging,Consumer Internet & Tech,Imaging Technology for Armed Forces,Bangalore,17000000.0,1,2017-09-12,2017-09-12
Tone Tag,Consumer Internet & Tech,Contactless Payment Solution,Bangalore,0.0,1,2016-11-10,2016-11-10
ToneTag,Fintech,,Bangalore,1000000.0,1,2015-08-10,2015-08-10
Tonetag,Consumer Internet & Tech,Mobile Payments Technology Platform,Bangalore,8000000.0,1,2018-05-29,2018-05-29
Tookitaki,,,,1000000.0,1,2015-01-06,2015-01-06
Tooler,Other,,Delhi,110000.0,1,2015-11-25,2015-11-25
TopRankers,Edtech,Online Test Preparation platform,Bangalore,670000.0,1,2016-09-08,2016-09-08
Toppr,Edtech,E-learning,Mumbai,26620820.0,5,2015-05-07,2019-04-10
Toppr.com,Edtech,,Mumbai,2000000.0,1,2015-10-30,2015-10-30
Tork Motocycles,Other,Electric Motorcycle Manufacturer,Pune,0.0,1,2016-04-18,2016-04-18
Torqus,Food & Beverage,,Pune,350000.0,1,2015-04-27,2015-04-27
TouchKin,Consumer Internet & Tech,Predictive Care Platform,Bangalore,1300000.0,1,2017-08-01,2017-08-01
Touchkin,Healthtech,Predictive Healthcare platform,Bangalore,400000.0,1,2016-03-30,2016-03-30
Town Essentials,Food & Beverage,,Bangalore,1000000.0,1,2015-12-28,2015-12-28
TownScript,Consumer Internet & Tech,DIY event registration and ticketing portal,Pune,0.0,1,2017-02-17,2017-02-17
Townrush,Logistics & Transport,,Bangalore,0.0,1,2015-07-27,2015-07-27
Townscript,,,,0.0,1,2015-02-11,2015-02-11
Tpot,Food & Beverage,QSR Chain,Gurgaon,0.0,1,2016-05-31,2016-05-31
Trackbizz,Consumer Internet & Tech,Field Force Automation System,Kochi,0.0,1,2016-09-04,2016-09-04
Tracxn,Consumer Internet & Tech,Indian Startup ecosystem trends analyzer & funding platform,Bangalore,13500000.0,4,2015-04-29,2016-02-18
Tradelab,Fintech,,Bangalore,400000.0,1,2015-04-29,2015-04-29
Trading Bells,Consumer Internet & Tech,Online Share & Commodity Broking platform,Indore,297000.0,1,2016-12-14,2016-12-14
Trak N Tell,Consumer Internet & Tech,Car Tracking & Safety System,Gurgaon,3500000.0,1,2016-07-11,2016-07-11
TransTutors / AskIITians,Consumer Internet & Tech,Online Education & Tutoring portals,Delhi,0.0,1,2016-07-14,2016-07-14
Transcell,Healthtech,Family Stem Cell Banking Services,Hyderabad,0.0,1,2016-03-31,2016-03-31
Transerv,Consumer Internet & Tech,Digital Payments platform,Mumbai,15000000.0,1,2016-04-26,2016-04-26
Transerve,Consumer Internet & Tech,Geospatial Technology-based SaaS solutions,Mumbai,1600000.0,1,2017-09-27,2017-09-27
Transversal Technologies,Consumer Internet & Tech,Hyperlocal Video Information Sharing Platform,Bangalore,6000000.0,1,2017-12-14,2017-12-14
Travel Triangle,Consumer Internet & Tech,Online travel agent marketplace,Noida,18000000.0,2,2015-04-29,2017-02-07
TravelKhana,Food & Beverage,,Delhi,0.0,1,2015-09-25,2015-09-25
TravelSpice,E-Commerce,Travel ECommerce portal,Hyderabad,0.0,1,2017-05-23,2017-05-23
TravelTriangle,Consumer Internet & Tech,Online Travel Marketplace,Gurgaon,12000000.0,1,2018-04-10,2018-04-10
Travelyaari,Consumer Internet & Tech,Online ticket booking platform,Bangalore,10000000.0,2,2016-06-27,2016-08-11
Treebo,Consumer Internet & Tech,Budget Hotel Aggregator platform,Bangalore,40000000.0,2,2015-06-23,2017-08-30
Trell,Media & Entertainment,Experience Discovery Platform,Bangalore,3250000.0,2,2018-07-25,2019-12-14
TrendieApp,Consumer Internet & Tech,Visual Content Marketing,Kolkata,50000.0,1,2016-06-29,2016-06-29
Tricog,Healthtech,Healthcare Analytics Platform,Bangalore,0.0,1,2016-08-05,2016-08-05
Trilyo,Consumer Internet & Tech,AI platform for hospitality industry,Mumbai,250000.0,2,2016-10-17,2018-02-27
Tring,Consumer Internet & Tech,Instant Messaging App,Pune,0.0,1,2016-02-16,2016-02-16
Trip Tap Toe,Consumer Internet & Tech,Online Travel Portal,Gurgaon,0.0,1,2016-11-17,2016-11-17
Trip shelf,Consumer Internet & Tech,Online Travel Marketplace,Delhi,246000.0,1,2018-04-25,2018-04-25
Trip38,,,,1000000.0,1,2015-02-23,2015-02-23
TripFactory,Travel & Hospitality,,Bangalore,0.0,1,2015-07-31,2015-07-31
TripShelf,Consumer Internet & Tech,Holiday Packages provider,Delhi,373000.0,2,2016-07-15,2016-12-16
Tripeur,Consumer Internet & Tech,Mobile based travel ERP platform,Bangalore,0.0,1,2017-06-01,2017-06-01
Triphobo,,,,3000000.0,1,2015-03-31,2015-03-31
Tripoto,Media & Entertainment,Travel,Delhi,5591375.0,3,2015-03-19,2019-04-13
Truce,Food & Beverage,Vegetables & Fruits Supply Chain,Mumbai,370000.0,1,2016-01-28,2016-01-28
TruckMandi,E-Commerce,,Delhi,2000000.0,1,2015-12-21,2015-12-21
TruckingCube,Logistics & Transport,"Domestic, Commercial, and Industrial Goods Movers",Delhi,14900000.0,1,2016-03-14,2016-03-14
Truckola,Logistics & Transport,Tech-focused cargo transport startup,Mumbai,595000.0,1,2016-07-20,2016-07-20
Trucksfirst,Logistics & Transport,,Gurgaon,10000000.0,1,2015-05-19,2015-05-19
True Balance,Consumer Internet & Tech,Mobile Balance Checking App,Gurgaon,38000000.0,3,2016-03-30,2018-04-19
True North,Fintech,Private Equity Firm,Mumbai,600000000.0,1,2018-08-30,2018-08-30
Truebil,Consumer Internet & Tech,Online Marketplace for Used Cars,Mumbai,8650000.0,3,2015-06-01,2017-02-16
Truelancer,E-Commerce,,Delhi,0.0,1,2015-11-18,2015-11-18
Trukky,Consumer Internet & Tech,Online Truck Aggregator & Booking platform,Ahmedabad,745000.0,2,2015-08-14,2017-04-04
Truly Social,Consumer Internet & Tech,Mobile Gaming Studio,London,0.0,1,2016-04-07,2016-04-07
TrulyMadly.com,,,,5500000.0,1,2015-03-02,2015-03-02
Trupay,Consumer Internet & Tech,Online payments platform,Gurgaon,700000.0,1,2017-07-20,2017-07-20
Truweight,Other,,Hyderabad,0.0,1,2015-05-28,2015-05-28
TruxApp,Logistics & Transport,Mobile based Logistics Service,Delhi,3100000.0,1,2017-08-09,2017-08-09
Turtlemint,Consumer Internet & Tech,online personalized insurance platform,Mumbai,0.0,1,2016-02-05,2016-02-05
Twenty Two Motors,Consumer Internet & Tech,Smart Scooter manufacturer,Gurgaon,0.0,1,2017-04-07,2017-04-07
Twigly,Consumer Internet & Tech,Online Food Ordering & Delivery Startup,Gurgaon,800000.0,2,2015-11-02,2016-07-13
Twyst,Other,,Gurgaon,0.0,1,2015-08-18,2015-08-18
Tydy,Consumer Internet & Tech,Employee Onboarding and Engagement platform,Bangalore,275000.0,1,2017-03-03,2017-03-03
Tynor Othontics,Healthtech,Prosthetics Manufacturers,Chandigarh,21000000.0,1,2018-06-18,2018-06-18
Tyre Express,Consumer Internet & Tech,Enterprise IoT solutions For Tyre Performance,Mumbai,0.0,2,2017-01-20,2017-04-03
UCLID,Consumer Internet & Tech,"Education Network for Institutions, teachers & Students",Hyderabad,235000.0,1,2017-10-12,2017-10-12
UClean,Consumer Internet & Tech,Tech Enabled Laundry Service Provider,Gurgaon,0.0,1,2016-11-24,2016-11-24
UE Life Sciences,Other,,,3000000.0,1,2015-09-14,2015-09-14
UE LifeSciences,Consumer Internet & Tech,Mobile Health Technology Solutions,Mumbai,1200000.0,1,2016-10-05,2016-10-05
Uactive,Consumer Internet & Tech,Health-based social networking & discovery App,Mumbai,0.0,1,2017-05-05,2017-05-05
Uber Dreams,E-Commerce,Dreams fulfilling marketplace,Mumbai,500000.0,1,2016-08-24,2016-08-24
Udaan,B2B & Industrial,Business development,Bangalore,870000000.0,4,2016-11-23,2019-10-02
UnaAcademy,Consumer Internet & Tech,Free Interactive education platform,Bangalore,1000000.0,1,2016-08-24,2016-08-24
Unacademy,Edtech,E-learning,Bangalore,16807000.0,4,2016-05-12,2019-04-10
Unbxd,Consumer Internet & Tech,Cloud-based product discovery platform,Bangalore,12500000.0,2,2016-05-05,2017-06-19
Uncanny Vision,Consumer Internet & Tech,Computer Vision on Embedded Systems,Bangalore,0.0,1,2017-05-09,2017-05-09
UniLog,E-Commerce,,Bangalore,0.0,1,2015-09-17,2015-09-17
Uniken,Other,,Pune,2000000.0,1,2015-05-08,2015-05-08
Uniphore,Other,Conversational AI,Palo Alto,97880000.0,5,2015-05-07,2019-08-13
Universal Sportsbiz Pvt. Ltd,E-Commerce,Celebrity fashion accessories and merchandise,Mumbai,15000000.0,1,2017-11-13,2017-11-13
Unlaze,Consumer Internet & Tech,Social Networking app for outdoor interests,Gurgaon,0.0,1,2016-02-18,2016-02-18
Unnati Helpers,Consumer Internet & Tech,Help Hiring Platform,Gurgaon,600000.0,1,2016-06-16,2016-06-16
Unocoin,Consumer Internet & Tech,Bitcoin Wallet,Bangalore,1500000.0,1,2016-09-29,2016-09-29
Upwardly.in,Consumer Internet & Tech,MF investment platform,Bangalore,0.0,1,2017-07-07,2017-07-07
Upwards,Fintech,Online Micro Lending Marketplace,Mumbai,5000000.0,1,2018-09-11,2018-09-11
UrDoorStep,E-Commerce,Online Grocery Store,Bangalore,1400000.0,2,2015-10-28,2016-12-05
Urban Dhobi,Consumer Internet & Tech,On Demand Laundry Services,Jaipur,0.0,1,2016-02-08,2016-02-08
Urban Ladder,E-Commerce,Online Furniture Store,Bangalore,77200000.0,4,2015-04-09,2018-03-01
Urban Tailor,Consumer Internet & Tech,E-Tailoring service provider,Bangalore,0.0,2,2015-07-05,2016-07-13
UrbanClap,Consumer Internet & Tech,Mobile Services Marketplace,Gurgaon,60700000.0,6,2015-04-16,2017-06-30
UrbanClap Technologies Pvt. Ltd,Consumer Internet & Tech,Home services marketplace,Delhi,50000000.0,1,2018-12-01,2018-12-01
UrbanLadder,E-Commerce,Online Furniture Store,Mumbai,3000000.0,1,2016-08-24,2016-08-24
UrbanPiper,Consumer Internet & Tech,Online ordering solution for restaurants and food chains,Bangalore,0.0,2,2016-12-12,2018-03-22
UrbanPro,E-Commerce,,Bangalore,2000000.0,1,2015-05-26,2015-05-26
Urjas,,,,100000.0,1,2015-03-27,2015-03-27
Utoo Cabs,Consumer Internet & Tech,Cab aggregation & Rental platform,Chennai,0.0,1,2016-07-13,2016-07-13
V Resorts,Consumer Internet & Tech,Holiday & Vacation resort aggregator,Noida,4000000.0,1,2017-06-26,2017-06-26
VDeliver,Logistics & Transport,Door Step Delivery platform,Hyderabad,0.0,1,2017-07-12,2017-07-12
VST Travels,Consumer Internet & Tech,Travel Ticket Booking Software,Kochi,27000.0,1,2016-08-06,2016-08-06
VTION,Consumer Internet & Tech,Media Analytics,Gurgaon,280000.0,1,2018-07-23,2018-07-23
Vagupu,Consumer Internet & Tech,Online Tutorial Marketplace,Bangalore,1000000.0,1,2017-11-03,2017-11-03
Vahan,Edtech,Mobile Education Platform,Chennai,0.0,1,2016-04-08,2016-04-08
Vahanalytics,Consumer Internet & Tech,Safe driving Analytics platform,Mumbai,200000.0,1,2016-05-30,2016-05-30
Vahdam Tea,E-Commerce,Online Platform Selling Indian Tea Globally,Delhi,1500000.0,1,2017-12-11,2017-12-11
Vahdam Teas,E-Commerce,Online Tea etailer,Delhi,650000.0,1,2017-01-18,2017-01-18
Vanity Cube,Consumer Internet & Tech,Hyperlocal Beauty Services platform,Delhi,250000.0,1,2016-03-07,2016-03-07
VanityCube,Fashion & Lifestyle,,Delhi,0.0,1,2015-08-14,2015-08-14
Vanitycask,Consumer Internet & Tech,Beauty products discovery platform,Mumbai,0.0,1,2017-06-14,2017-06-14
Varthana,Fintech,Loans and Services To Affordable Private Schools in India,Bangalore,55000000.0,1,2018-04-04,2018-04-04
Vayana,Consumer Internet & Tech,Enterprise Banking Solutions,Pune,4000000.0,1,2017-07-17,2017-07-17
Vebbler,Consumer Internet & Tech,Photo Sharing for Groups,Bangalore,540000.0,2,2016-08-10,2017-02-22
Vedantu,Edtech,Interactive Online Tutoring Platform,Bangalore,15000000.0,2,2015-05-07,2018-04-05
Veeba Foods,Healthtech,,Delhi,6000000.0,1,2015-06-01,2015-06-01
Vegetall,E-Commerce,Online Vegetable eTailer,Chennai,162000.0,1,2016-12-21,2016-12-21
Vegfru,E-Commerce,Online Fruit & Vegetable Marketplace,Delhi,0.0,1,2016-04-11,2016-04-11
Vehico,Consumer Internet & Tech,Connected Transportation solutions,Bangalore,0.0,1,2016-12-07,2016-12-07
Velmenni,Consumer Internet & Tech,LiFi based wireless communication provider,Delhi,100000.0,1,2016-10-29,2016-10-29
Velvetcase,E-Commerce,Online designer jewellery marketplace,Mumbai,1500000.0,1,2016-06-29,2016-06-29
Venture Catalysts,Consumer Internet & Tech,Seed Investment & Innovation Platform,Mumbai,500000.0,1,2016-07-01,2016-07-01
Venturesity,Edtech,,Bangalore,270000.0,1,2015-05-15,2015-05-15
Veqta,Consumer Internet & Tech,On Demand Digital Sports Network,Delhi,500000.0,1,2016-05-19,2016-05-19
Verayu,,,,0.0,1,2015-01-12,2015-01-12
Veritas Finance,Fintech,Asset Based Lending platform,Chennai,4700000.0,1,2016-03-29,2016-03-29
Veritas Finance Ltd.,Fintech,MSME Finance,Chennai,27799000.0,1,2018-11-03,2018-11-03
Vernacular.ai,Consumer Internet & Tech,Multi-lingual AI Platform for Businesses,Bangalore,0.0,1,2017-05-15,2017-05-15
Vertuals,Consumer Internet & Tech,Audio Visual Digital Content creators for Brands,Mumbai,0.0,1,2016-03-03,2016-03-03
Video Ken,Consumer Internet & Tech,Video Based Collaborative Learning,Bangalore,1000000.0,1,2017-04-21,2017-04-21
Vidgyor,Media & Entertainment,,Bangalore,500000.0,1,2015-06-22,2015-06-22
Vidooly,Consumer Internet & Tech,Video Intelligence platform,Noida,2400000.0,2,2015-06-04,2017-05-10
VillFarm,AgriTech,,Bangalore,0.0,1,2015-09-22,2015-09-22
Villgro,Fintech,Social Business Incubator & Fund,Chennai,6750000.0,2,2015-05-21,2016-01-19
VioletStreet,,,,315000.0,1,2015-01-02,2015-01-02
Virtual Logic,IoT & Hardware,,Bangalore,800000.0,1,2015-09-22,2015-09-22
Visit,Healthtech,AI Driven Health tech Platform,Delhi,0.0,2,2016-06-02,2018-04-22
Vista Rooms,Consumer Internet & Tech,Online rooms aggregation platform,Mumbai,776000.0,1,2017-06-12,2017-06-12
Vistaar Finance,Fintech,,Bangalore,40000000.0,1,2015-09-03,2015-09-03
Vithi.com,E-Commerce,Online Hair Extension etailer,Delhi,375000.0,1,2016-10-10,2016-10-10
VivoCarat,E-Commerce,Online jewellery marketplace,Mumbai,50000.0,1,2016-12-20,2016-12-20
Vlurn,Edtech,,Mumbai,0.0,1,2015-12-07,2015-12-07
VoLT,Consumer Internet & Tech,Ed-Tech Platform,Mumbai,0.0,1,2016-11-22,2016-11-22
Vogo,Consumer Internet & Tech,Scooter Rental Platform,Bangalore,0.0,1,2017-09-25,2017-09-25
Vogo Automotive,Logistics & Transport,Scooter sharing app,Bangalore,283000000.0,1,2019-11-15,2019-11-15
Vogo Automotive Pvt. Ltd.,Logistics & Transport,Dockless Scooter Rental Company,Bangalore,3584000.0,1,2019-06-08,2019-06-08
Voice Friends,Consumer Internet & Tech,Dating & Singles Chat Platform,Mumbai,0.0,1,2016-01-18,2016-01-18
Vola,Fintech,Micro Lending Platform,Bangalore,500000.0,1,2018-05-22,2018-05-22
Voler Cars,Consumer Internet & Tech,Self-Driven Car rental platform,Delhi,0.0,1,2016-06-27,2016-06-27
Volta Motors,Consumer Internet & Tech,Electric Bike Manufacturer,Chennai,100000.0,1,2016-10-29,2016-10-29
Voodoo,E-Commerce,,Delhi,1000000.0,1,2015-10-13,2015-10-13
Voonik,E-Commerce,Women Apparel & Lifestyle etailer,Bangalore,34000000.0,4,2015-06-10,2017-02-09
Vow Car Clinic,Consumer Internet & Tech,Online/App Based Car cleaning service provider,Gurgaon,0.0,1,2017-01-03,2017-01-03
VoxWeb,Other,,Mumbai,100000.0,1,2015-08-14,2015-08-14
Voxweb,Consumer Internet & Tech,Mobile based social networking platform,Mumbai,1350000.0,2,2015-12-09,2017-06-23
Voylla,E-Commerce,,Jaipur,15000000.0,1,2015-10-05,2015-10-05
Vserv,,,,15000000.0,1,2015-03-03,2015-03-03
Vyapar App,SaaS & Enterprise Tech,Mobile-based Accounting Software,Bangalore,5000000.0,1,2019-09-03,2019-09-03
Vymo,Consumer Internet & Tech,SaaS-based predictive analytics platform,Bangalore,5000000.0,1,2016-11-22,2016-11-22
Vyome Biosciences,Healthtech,Treatment Development for Antibiotic-resistant diseases,Delhi,2000000.0,1,2016-06-03,2016-06-03
Vyome Therapeutics Inc.,Healthtech,Specialty pharmaceutical,,22000000.0,1,2019-01-04,2019-01-04
Vyomo,Consumer Internet & Tech,On-Demand Beauty Service provider,Delhi,17000000.0,4,2015-04-20,2016-04-15
WIMWI Foods,Food & Beverage,Healthy food manufacturing & sales startup,Ahmedabad,0.0,1,2016-01-05,2016-01-05
WOTU,E-Commerce,Food and Beverages,Bangalore,0.0,2,2016-10-23,2018-01-05
WOW! MOMO,Food & Beverage,,Kolkata,1600000.0,1,2015-08-11,2015-08-11
Wandertrails,Consumer Internet & Tech,"Online Travel, Adventure & Activities Portal",Bangalore,1000000.0,1,2017-02-08,2017-02-08
Wassup,Consumer Internet & Tech,On Demand Laundry & Dry Cleaning Services,Chennai,5200000.0,3,2015-05-12,2017-02-13
WayCool,Food & Beverage,Fresh-Produce Distribution Platform,Chennai,2700000.0,1,2017-04-04,2017-04-04
WeAreHolidays,Consumer Internet & Tech,Travel Packages & Planner marketplace,Gurgaon,7700000.0,1,2017-04-13,2017-04-13
WeDoSky,Consumer Internet & Tech,Provides Business Insights using Drone Imaginary,Delhi,0.0,1,2017-12-14,2017-12-14
WealthApp,Consumer Internet & Tech,Online Investment Advisory platform,Bangalore,440000.0,1,2016-12-07,2016-12-07
WealthTrust,Consumer Internet & Tech,Wealth Management App,Mumbai,0.0,1,2016-07-04,2016-07-04
Wealthy,Consumer Internet & Tech,Online Investment management portal,Bangalore,250000.0,1,2016-03-16,2016-03-16
WebAlligator,Consumer Internet & Tech,Cloud Based Software Solutions,Bangalore,375000.0,1,2016-05-05,2016-05-05
WebEngage,Consumer Internet & Tech,Marketing Cloud for consumer businesses,Mumbai,0.0,1,2018-02-09,2018-02-09
Wedding Wishlist,Consumer Internet & Tech,"Wedding Wishlist, Gifts & Registry Creation platform",Chennai,297000.0,1,2016-07-06,2016-07-06
Weddingz,Consumer Internet & Tech,online marketplace for wedding venues and vendors,Mumbai,0.0,1,2016-02-08,2016-02-08
Weddingz.in,Consumer Internet & Tech,Online Marketplace for Wedding Venues and vendors,Mumbai,2000000.0,2,2015-12-11,2017-01-19
WedmeGood.com,Other,,Gurgaon,410000.0,1,2015-09-16,2015-09-16
Wedwise,Consumer Internet & Tech,Wedding related services community,Delhi,0.0,1,2016-04-14,2016-04-14
Wefly Indoor Skydiving,Consumer Internet & Tech,Indoor Skydiving Sports Provider,Mumbai,40000.0,1,2016-08-08,2016-08-08
Welcome Cure,Other,,Mumbai,6000000.0,1,2015-10-06,2015-10-06
Wellthy,Healthtech,Therapeutics,Mumbai,2100000.0,1,2018-03-05,2018-03-05
Wetravelsolo,Travel & Hospitality,,Delhi,0.0,1,2015-08-06,2015-08-06
What\\xe2\\x80\\x99s Up Life,Consumer Internet & Tech,"A Local Discovery App For Dining-Out, Party, Leisure and Events",Gurgaon,0.0,1,2018-06-13,2018-06-13
Whatfix,Consumer Internet & Tech,Interactive Tech-Support Guides,Bangalore,4590000.0,2,2015-04-10,2017-04-04
WhatsLoan,Consumer Internet & Tech,Online Lending mobile app,Bangalore,0.0,1,2017-05-26,2017-05-26
WhatsOnRent,E-Commerce,Online Rental Marketplace,Bangalore,0.0,1,2016-01-27,2016-01-27
WheelStreet,Consumer Internet & Tech,Bike Rental Platform,Bangalore,120000.0,1,2017-09-14,2017-09-14
Wheelstreet,Consumer Internet & Tech,Online Bike Rental platform,Bangalore,500000.0,1,2016-03-23,2016-03-23
White Owl Brewery,Other,,Mumbai,1530000.0,1,2015-10-21,2015-10-21
Whodat,Consumer Internet & Tech,Markerless AR platform,Bangalore,600000.0,1,2017-04-18,2017-04-18
WholeSaleBox,E-Commerce,B2B Wholesale Apparel Marketplace,Jaipur,2000000.0,1,2016-11-28,2016-11-28
Whoop,Other,,Boston,3000000.0,1,2015-12-14,2015-12-14
WickedRide,Consumer Internet & Tech,Online Motorbike And Scooter Rental Platforms,Bangalore,9890000.0,2,2015-07-14,2018-06-22
Wigzo,Consumer Internet & Tech,Enterprise Automation suite,Delhi,500000.0,2,2015-12-01,2017-03-28
Wired Hub,Real Estate & PropTech,Co-Working Spaces,Jaipur,0.0,1,2016-06-08,2016-06-08
Wishberry,Consumer Internet & Tech,Crowdfunding Platform,Mumbai,650000.0,2,2017-01-25,2017-01-25
Wishup,Consumer Internet & Tech,Mobile app based Concierge Service,Delhi,0.0,1,2016-01-11,2016-01-11
WitWorks,Consumer Internet & Tech,Consumer IoT Startup,Bangalore,0.0,1,2016-08-25,2016-08-25
WithMe,Consumer Internet & Tech,Personalized Fashion App,Gurgaon,250000.0,1,2016-03-15,2016-03-15
WittyFeed,Consumer Internet & Tech,Viral Content and storytelling platform,Indore,0.0,2,2017-09-13,2017-11-23
Wittyparot,Consumer Internet & Tech,Content Management & Productivity platform,Bangalore,450000.0,1,2016-12-09,2016-12-09
Wiwigo,Consumer Internet & Tech,Inter-City Taxi Booking platform,Bangalore,595000.0,1,2016-07-21,2016-07-21
WizCounsel,SaaS & Enterprise Tech,Consulting,Delhi,145000.0,1,2019-07-01,2019-07-01
Wizrocket,SaaS & Enterprise Tech,,Mumbai,9600000.0,1,2015-08-03,2015-08-03
WoNoBo,Other,,Bangalore,0.0,1,2015-10-09,2015-10-09
WoW Express,Logistics & Transport,E-Commerce Logistics Solutions,Mumbai,2200000.0,1,2016-05-13,2016-05-13
WoWexpress,Logistics & Transport,,Mumbai,500000.0,1,2015-07-14,2015-07-14
WonderChef,E-Commerce,Online marketplace for kitchen products,Mumbai,0.0,1,2017-04-08,2017-04-08
Woodpie,Consumer Internet & Tech,Book Recommendation Service,Bangalore,30000.0,1,2016-02-03,2016-02-03
Wooplr,E-Commerce,Social Commerce Fashion platform,Bangalore,8000000.0,4,2016-03-07,2017-04-20
Wooplr.com,,,,5000000.0,1,2015-02-18,2015-02-18
WorkApps,Consumer Internet & Tech,Enterprise Work Management Software,Pune,1000000.0,1,2016-07-15,2016-07-15
WorkHorse,Other,,Mumbai,0.0,1,2015-05-12,2015-05-12
WorkIndia,Consumer Internet & Tech,Job Board for Clue Collar Jobs,Mumbai,500000.0,3,2015-10-06,2016-11-18
World Art Community,E-Commerce,Art & Craft Marketplace,Gurgaon,400000.0,2,2015-05-04,2016-10-03
Wow Express,Consumer Internet & Tech,E-commerce Logistics Platform,Mumbai,4500000.0,1,2018-06-27,2018-06-27
Wowflux,Consumer Internet & Tech,image Processing solution,Delhi,0.0,1,2017-05-29,2017-05-29
Wudstay,Real Estate & PropTech,,Gurgaon,3000000.0,1,2015-07-07,2015-07-07
Wydr,Consumer Internet & Tech,B2B Marketplace,Gurgaon,0.0,3,2015-10-01,2018-02-12
XSTOK,E-Commerce,,Mumbai,450000.0,1,2015-09-16,2015-09-16
Xcode,Healthtech,Personal Genomics,Chennai,0.0,1,2016-08-03,2016-08-03
Xprep,Consumer Internet & Tech,Online Tutoring Platform,Delhi,0.0,1,2017-09-14,2017-09-14
Xpressbees,E-Commerce,ECommerce Logistics solutions,Pune,12500000.0,1,2016-02-08,2016-02-08
Xseed Education,Consumer Internet & Tech,Education & learning Tech platform,Bangalore,10000000.0,1,2016-12-12,2016-12-12
YAAP,Consumer Internet & Tech,"Online Content Discovery, Creation & Distribution Platform",Delhi,5000000.0,1,2016-07-13,2016-07-13
YOLO Health,Consumer Internet & Tech,Online Healthcare platform,Mumbai,0.0,1,2017-01-30,2017-01-30
Yaantra,E-Commerce,Mobile repair and Refurbishment platform,Delhi,3100000.0,1,2017-10-06,2017-10-06
Yana,Consumer Internet & Tech,Personal AI Transaction Engine App,Gurgaon,0.0,1,2016-03-09,2016-03-09
Yatra.com,E-Commerce,Online Travel Agency,Gurgaon,15400000.0,1,2017-09-22,2017-09-22
YatraGenie,Logistics & Transport,,Hyderabad,0.0,1,2015-09-12,2015-09-12
Yellowdig,Consumer Internet & Tech,Online Learning Platform,Pune,650000.0,1,2016-07-18,2016-07-18
YepMe,E-Commerce,Private Label Fashion etailer,Gurgaon,88700000.0,4,2015-01-09,2017-05-20
Yo Grad,,,,16000.0,1,2015-01-19,2015-01-19
Yogurt Labs,,,,115000.0,1,2015-03-28,2015-03-28
Yostra,Consumer Internet & Tech,Healthcare Technology Solutions,Bangalore,0.0,1,2017-01-05,2017-01-05
Yottaasys,Consumer Internet & Tech,Data Sciences platform,Bangalore,0.0,1,2016-11-10,2016-11-10
Your Quote,Consumer Internet & Tech,Vernacular and Video Content Platform,Bangalore,1000000.0,1,2017-12-20,2017-12-20
YourDOST,Other,,Gwalior,400000.0,1,2015-11-04,2015-11-04
YourDost,Consumer Internet & Tech,Online counselling & Personal coaching platform,Bangalore,1200000.0,1,2016-06-27,2016-06-27
YourStory,Consumer Internet & Tech,Online Media,Bangalore,3000000.0,2,2015-08-17,2017-02-16
YouthKiAwaaz,Media & Entertainment,,Delhi,600000.0,1,2015-09-07,2015-09-07
Yufta,E-Commerce,Women s Fashion ECommerce Portal,Bangalore,0.0,2,2016-04-18,2016-04-21
Yulu Bikes,Consumer Internet & Tech,Bicycle-Sharing Platform,Bangalore,0.0,1,2018-07-23,2018-07-23
Yumigo,Consumer Internet & Tech,App based Travel Discovery and Transactions platform,Gurgaon,300000.0,1,2016-10-17,2016-10-17
Yumist,Food & Beverage,,Gurgaon,3000000.0,2,2015-02-02,2015-12-08
Yumlane,Food & Beverage,Retail Food & Snack Offline centres,Mumbai,1000000.0,1,2016-08-02,2016-08-02
Yupp TV,Consumer Internet & Tech,Internet-based TV streaming service provider,Bangalore,50000000.0,1,2016-10-11,2016-10-11
Yuvi Hospitality,Food & Beverage,,Gurgaon,15000000.0,1,2015-11-06,2015-11-06
Zakoopi,Fashion & Lifestyle,,Delhi,350000.0,1,2015-09-29,2015-09-29
ZapStitch,SaaS & Enterprise Tech,,Bangalore,2000000.0,1,2015-05-12,2015-05-12
Zapluk,Healthtech,,Hyderabad,0.0,1,2015-12-01,2015-12-01
Zappfresh,Food & Beverage,Online Raw Meat E-tailer,Gurgaon,3077000.0,3,2015-10-14,2018-03-19
Zappka,Consumer Internet & Tech,Mobile App discovery and review platform,Gurgaon,100000.0,1,2016-03-04,2016-03-04
Zapr,Consumer Internet & Tech,"DSP, TV Analytics & Cross-Platform advertising",Bangalore,10000000.0,3,2015-12-22,2017-03-07
Zapty,Consumer Internet & Tech,Project Management tool,Bangalore,500000.0,1,2017-05-15,2017-05-15
Zapyle,E-Commerce,Luxury Fashion Marketplace,Bangalore,1000000.0,2,2015-09-11,2017-03-29
Zarget,Consumer Internet & Tech,SaaS-based web optimisation and marketing platform,Chennai,7500000.0,2,2016-05-10,2016-11-03
Zebi (yet to launch),Consumer Internet & Tech,Data Intelligence & Analytics,Hyderabad,1000000.0,1,2016-01-28,2016-01-28
Zebpay,Consumer Internet & Tech,Bitcoin Buying & Selling Mobile App,Ahmedabad,1000000.0,1,2016-01-06,2016-01-06
Zebroads,Logistics & Transport,Logistics and Warehousing services,Hyderabad,75000.0,1,2016-05-07,2016-05-07
Zefo,E-Commerce,Ecommerce Portal for Used Goods,Bangalore,15200000.0,2,2016-11-15,2017-10-05
ZenDrive,Consumer Internet & Tech,Safe Driving Data & Analytics platform,Bangalore,13500000.0,1,2016-02-05,2016-02-05
ZenParent,Media & Entertainment,,Bangalore,500000.0,1,2015-05-25,2015-05-25
ZenRadius,HR & Recruitment,,Bangalore,0.0,1,2015-07-21,2015-07-21
Zenatix,Consumer Internet & Tech,IoT Based Energy Monitoring & Control,Gurgaon,1361000.0,3,2015-07-02,2017-02-08
Zendrive,B2B & Industrial,Road Safety Analytics,San Francisco,37000000.0,1,2019-08-23,2019-08-23
Zenify,Consumer Internet & Tech,Home rental Discovery & Booking Portal,Bangalore,900000.0,2,2015-07-14,2016-05-11
Zenify.in,Real Estate & PropTech,,Bangalore,640000.0,1,2015-10-21,2015-10-21
Zenoti,SaaS & Enterprise Tech,Beauty and Wellness Industry,Hyderabad,65000000.0,2,2016-08-11,2019-05-02
Zeolr/RespirON,Consumer Internet & Tech,Healthcare related IoT platform,Delhi,0.0,1,2016-08-09,2016-08-09
Zepo,Consumer Internet & Tech,DIY Ecommerce platform,Mumbai,500000.0,1,2017-08-02,2017-08-02
Zeppery,Food & Beverage,,Delhi,77000.0,1,2015-10-09,2015-10-09
ZeroInfy,Consumer Internet & Tech,Online Video Lectures platform,Kolkata,0.0,1,2016-09-14,2016-09-14
Zest Money,Consumer Internet & Tech,Online Consumer Lending platform,Mumbai,6500000.0,1,2016-12-08,2016-12-08
ZestMoney,Consumer Internet & Tech,Online Lending Platform,Bangalore,19900000.0,2,2017-02-15,2018-08-26
Zeta,Consumer Internet & Tech,Enterprise Cloud Solutions,Mumbai,19000000.0,1,2016-09-30,2016-09-30
ZiPi,Consumer Internet & Tech,Mobile Chatbot App,Bangalore,0.0,1,2016-08-17,2016-08-17
Ziffity,Consumer Internet & Tech,Full Service Ecommerce Agency,Chennai,0.0,1,2016-08-19,2016-08-19
ZiffyHomes,Consumer Internet & Tech,Online Home Rental Marketplace,Gurgaon,120000.0,1,2018-08-03,2018-08-03
Zify,Logistics & Transport,,Hyderabad,190000.0,1,2015-10-12,2015-10-12
Zilingo,E-Commerce,Fashion & Apparel,Bangalore,235900000.0,3,2015-11-09,2019-02-08
Zimmber,Logistics & Transport,,Mumbai,2400000.0,2,2015-06-29,2015-07-29
ZingHR,Consumer Internet & Tech,"digital employee solutions,",Mumbai,0.0,1,2017-06-29,2017-06-29
Zinka,Logistics & Transport,,Bangalore,6000000.0,1,2015-06-25,2015-06-25
ZipGo,Consumer Internet & Tech,Bus Pooling services platform,Bangalore,0.0,1,2017-04-26,2017-04-26
ZipGrid,Consumer Internet & Tech,"Cashless, paperless solutions for Housing societies",Mumbai,500000.0,1,2017-05-22,2017-05-22
ZipLoan,Consumer Internet & Tech,SME lending platform,Delhi,3650000.0,3,2016-10-12,2017-10-24
Zipgrid,Consumer Internet & Tech,Community services platform,Mumbai,200000.0,1,2016-08-08,2016-08-08
ZippServe,Consumer Internet & Tech,Real estate risk assessment platform,Bangalore,390000.0,1,2017-05-02,2017-05-02
Zivame,E-Commerce,,Bangalore,40000000.0,1,2015-09-02,2015-09-02
Zo Rooms,Travel & Hospitality,,Delhi,45000000.0,2,2015-07-20,2015-08-05
Zocalo,Real Estate & PropTech,,Delhi,0.0,1,2015-08-05,2015-08-05
Zoctr,Healthtech,Online Healthcare Aggregator,Mumbai,1000000.0,4,2015-07-28,2018-06-05
Zolo,Consumer Internet & Tech,on-demand online talent marketplace,Noida,0.0,1,2016-08-29,2016-08-29
ZoloStays,Consumer Internet & Tech,Branded PG Accomodation booking platform,Bangalore,5000000.0,1,2017-01-16,2017-01-16
Zomato,Healthtech,Online Food Delivery Platform,Gurgaon,435000000.0,4,2015-04-11,2020-01-10
Zoojoo.be,Healthtech,,Bangalore,1000000.0,1,2015-08-18,2015-08-18
ZoomCar,Consumer Internet & Tech,Self-driven car booking platform,Bangalore,24000000.0,1,2016-08-25,2016-08-25
Zoomcar,Consumer Internet & Tech,Self-Driven Cab booking platform,Bangalore,16000000.0,3,2015-05-28,2016-12-20
ZopHop,Other,,Mumbai,450000.0,1,2015-10-29,2015-10-29
ZopNow,Other,,Bangalore,10000000.0,1,2015-04-13,2015-04-13
Zopper,E-Commerce,,Mumbai,20000000.0,1,2015-06-04,2015-06-04
Zovi.com / Little App,E-Commerce,,Bangalore,50000000.0,1,2015-07-29,2015-07-29
ZuperMeal,E-Commerce,,Mumbai,2000000.0,1,2015-10-08,2015-10-08
Zuppler,Consumer Internet & Tech,Online Food Ordering platform,Delhi,650000.0,1,2016-07-18,2016-07-18
Zuver,Consumer Internet & Tech,Car driver Discovery App,Mumbai,180000.0,1,2016-05-03,2016-05-03
Zwayam,Consumer Internet & Tech,Online Recruitment Platform,Bangalore,250000.0,1,2016-05-03,2016-05-03
Zzungry,Consumer Internet & Tech,Food Delivery platform,Bangalore,0.0,1,2016-08-22,2016-08-22
\\xc2\\xa0Ameyo,SaaS & Enterprise Tech,,Gurgaon,0.0,1,2015-07-13,2015-07-13
\\xc2\\xa0Bluestone,Fashion & Lifestyle,,Bangalore,0.0,1,2015-07-09,2015-07-09
\\xc2\\xa0CloudCherry,Consumer Internet & Tech,CRM SAAS Platform,Chennai,6000000.0,1,2016-09-23,2016-09-23
\\xc2\\xa0Footprints Education,Edtech,,Gurgaon,0.0,1,2015-07-10,2015-07-10
\\xc2\\xa0Infinity Assurance,Other,,Delhi,0.0,1,,
\\xc2\\xa0Loylty Rewards,Other,,Mumbai,0.0,1,2015-07-10,2015-07-10
\\xc2\\xa0Mamagoto,Food & Beverage,,Delhi,0.0,1,2015-07-13,2015-07-13
\\xc2\\xa0News in shorts,Media & Entertainment,,Noida,0.0,1,2015-07-09,2015-07-09
\\xc2\\xa0Notesgen,E-Commerce,,Delhi,0.0,1,2015-07-09,2015-07-09
\\xc2\\xa0Nudgespot,Other,,Bangalore,625000.0,1,2015-05-22,2015-05-22
\\xc2\\xa0Satvacart,Food & Beverage,,Gurgaon,0.0,1,2015-07-13,2015-07-13
\\xc2\\xa0Shopsity,Fashion & Lifestyle,,Gurgaon,0.0,1,2015-07-09,2015-07-09
aagaar.com,Food & Beverage,,Gurgaon,0.0,1,2015-06-30,2015-06-30
couponmachine.in,,,,140000.0,1,2015-01-31,2015-01-31
deGustibus,Food & Beverage,,Mumbai,30000000.0,1,2015-07-22,2015-07-22
dishq,Food & Beverage,Personalisation Technology Firm Focusing On The Food And Beverage Industry,Bangalore,400000.0,1,2018-08-01,2018-08-01
dunzo,Consumer Internet & Tech,Daily Task Management App,Bangalore,650000.0,1,2016-03-08,2016-03-08
eBikeGo,Logistics & Transport,Electric bike rental,Amritsar,300000.0,1,2019-11-11,2019-11-11
eKincare,Healthtech,Technology,Hyderabad,1991000.0,3,2015-01-16,2018-01-29
ePathsala,Consumer Internet & Tech,Cloud based ERP for Accreditation & ICT,Bangalore,0.0,1,2016-10-18,2016-10-18
ePoise,HR & Recruitment,,Bangalore,500000.0,2,2015-03-26,2015-08-21
eQuickies,E-Commerce,Online Book etailer,Ahmedabad,298000.0,1,2016-09-21,2016-09-21
eSadar,E-Commerce,,Delhi,80000.0,1,2015-08-10,2015-08-10
eSahai.in,Consumer Internet & Tech,ambulance aggregator and medical taxi provider,Hyderabad,250000.0,1,2017-06-09,2017-06-09
eShakti,E-Commerce,"""Women\\'s Fashion Clothing Online Platform""",Chennai,3650000.0,2,2016-09-06,2017-12-07
eShiksha,Consumer Internet & Tech,Education Institution Management Solutions,Jaipur,0.0,1,2017-04-27,2017-04-27
eSwasthya,Consumer Internet & Tech,Online Medicine Delivery Aggregator,Ahmedabad,0.0,1,2016-03-14,2016-03-14
elong,HR & Recruitment,,Bangalore,5000000.0,1,2015-06-22,2015-06-22
enCashea,Consumer Internet & Tech,Scrap Collection and Recycling platform,Bangalore,0.0,1,2016-08-24,2016-08-24
enKast,Consumer Internet & Tech,Cloud based CRM for Agencies,Bangalore,2000000.0,1,2016-12-23,2016-12-23
eshakti,E-Commerce,Fashion e-tailer,Chennai,10100000.0,1,2018-06-12,2018-06-12
etaout,E-Commerce,,Noida,500000.0,1,2015-08-13,2015-08-13
evibe.in,Consumer Internet & Tech,Party Hall Booking platform,Bangalore,0.0,1,2016-01-15,2016-01-15
gear6,Consumer Internet & Tech,Online bike service and repairs platform,Bangalore,500000.0,1,2016-04-06,2016-04-06
getNow,E-Commerce,,Nagpur,0.0,1,2015-07-06,2015-07-06
goSporto,Consumer Internet & Tech,Online Sports discovery and booking platform,Delhi,30000.0,1,2016-03-19,2016-03-19
happay,Fintech,Expense Management,Bangalore,750000.0,2,2015-04-23,2018-02-16
healthifyme,Healthtech,Mobile Weight Loss Coach,Bangalore,12000000.0,1,2018-02-09,2018-02-09
holachef,Food & Beverage,Online Food Delivery,Mumbai,311200.0,1,2018-02-13,2018-02-13
https://www.wealthbucket.in/,Fintech,Online Investment,Delhi,3000000.0,1,2020-01-02,2020-01-02
i-lend,Consumer Internet & Tech,Peer-to-peer lending platform,Hyderabad,0.0,1,2017-05-05,2017-05-05
i2e1,Other,,Delhi,500000.0,1,2015-12-10,2015-12-10
i2i Funding,Consumer Internet & Tech,Online loan platform,Noida,768000.0,1,2018-03-22,2018-03-22
i2ifunding,Consumer Internet & Tech,Online Peer to Peer Funding,Noida,300000.0,1,2016-05-20,2016-05-20
i3sysytems,Consumer Internet & Tech,AI product company For Health and Life Insurane Companies,Mumbai,1000000.0,1,2018-05-09,2018-05-09
iAugmentor Labs,Consumer Internet & Tech,Assessment & Learning Platform,Gurgaon,149000.0,1,2016-08-30,2016-08-30
iBus Networks,Consumer Internet & Tech,Next Generation in-building connectivity,Bangalore,2300000.0,1,2016-01-12,2016-01-12
iChef.in,Food & Beverage,,Mumbai,0.0,1,2015-10-20,2015-10-20
iCliniq,Consumer Internet & Tech,Doctor Consultation platform,Bangalore,0.0,1,2016-06-03,2016-06-03
iCrushiFlush,Social & Community,,Mumbai,0.0,1,2015-07-23,2015-07-23
iCustomadeit,E-Commerce,,Pune,250000.0,1,2015-06-03,2015-06-03
iDreamCareer,Consumer Internet & Tech,Career Planning Services Portal,Delhi,0.0,2,2015-07-01,2016-05-03
iGenetics,Healthtech,Health Diagnostic Solutions,Mumbai,19500000.0,1,2017-03-04,2017-03-04
iGrenEnergi,Consumer Internet & Tech,Solar Power Solutions,Mumbai,1000000.0,1,2016-02-12,2016-02-12
iMMi Life,Healthtech,,Chennai,0.0,1,2015-04-10,2015-04-10
iManageMyHotel,Consumer Internet & Tech,Hotel Management Solution,Kolkata,0.0,1,2017-02-06,2017-02-06
iNICU,Healthtech,Med-tech Platform Providing Care For Newborns,Delhi,0.0,1,2018-07-10,2018-07-10
iNurture,Consumer Internet & Tech,Education Solutions,Bangalore,5900000.0,2,2017-04-27,2018-01-31
iOrderFresh,E-Commerce,Online fresh fruits and grocery store,Delhi,0.0,2,2015-08-07,2017-03-10
iSTAR,Edtech,,Bangalore,0.0,1,2015-06-15,2015-06-15
iServe Financial,Consumer Internet & Tech,Loan Comparison & Deals platform,Pune,0.0,1,2016-07-20,2016-07-20
iService,Consumer Internet & Tech,Gadgets Repair & Service Booking platform,Bangalore,440000.0,1,2017-01-13,2017-01-13
iStar Skill Development,Edtech,,Bangalore,1500000.0,1,2015-11-09,2015-11-09
iStyleYou,Consumer Internet & Tech,Personal Fashion Stylist App,Gurgaon,100000.0,1,2016-02-08,2016-02-08
iTraveller.com,,,,1000000.0,1,2015-02-16,2015-02-16
iZofy,Other,,Kolkata,0.0,1,2015-08-24,2015-08-24
iamwire,Media & Entertainment,,Gurgaon,0.0,1,2015-08-29,2015-08-29
icanstay,Consumer Internet & Tech,Online Platform For Luxury Hotel Stay For Business Travelers,Delhi,500000.0,1,2018-04-16,2018-04-16
icustommadeit,E-Commerce,Professional Custom creators Marketplace,Pune,4000000.0,1,2016-02-16,2016-02-16
imedilane,Consumer Internet & Tech,Online Health Diagnosis platform,Delhi,40000.0,1,2016-04-08,2016-04-08
inMotion,Consumer Internet & Tech,Financial platform for daily wage earning communities,Noida,0.0,1,2016-09-23,2016-09-23
inclov,Consumer Internet & Tech,Matchmaking App for Disabled,Mumbai,0.0,1,2016-08-31,2016-08-31
infeedo,Consumer Internet & Tech,Employee engagement platform,Gurgaon,200000.0,1,2016-09-15,2016-09-15
intouchapp,Consumer Internet & Tech,Contact Management Mobile App,Pune,0.0,1,2016-04-25,2016-04-25
iqlect,Consumer Internet & Tech,Data Analytics Firm,Bangalore,2500000.0,1,2018-07-25,2018-07-25
kWatt Solutions,CleanTech & Energy,,Mumbai,500000.0,1,2015-06-05,2015-06-05
kidovators,Edtech,Skill Learning Platform,Bangalore,180000.0,1,2018-07-24,2018-07-24
kredX,E-Commerce,Invoice discounting Marketplace,Bangalore,750000.0,1,2016-04-13,2016-04-13
lehlehsports,Consumer Internet & Tech,Sports Arena discovery,Delhi,0.0,1,2016-08-04,2016-08-04
m.paani,Consumer Internet & Tech,Loyalty rewards platform,Mumbai,0.0,1,2016-04-21,2016-04-21
mChamp,Consumer Internet & Tech,Celebrity Entertainment Contest App,Delhi,475000.0,1,2016-05-26,2016-05-26
mFicient,SaaS & Enterprise Tech,,Delhi,0.0,1,2015-12-08,2015-12-08
mPaani,Consumer Internet & Tech,Loyalty rewards app,Mumbai,1350000.0,1,2017-03-16,2017-03-16
mShipper,Logistics & Transport,,Delhi,0.0,1,2015-10-16,2015-10-16
mSwipe,Consumer Internet & Tech,Point-of-Sale services,Mumbai,31000000.0,1,2017-06-21,2017-06-21
mamaearth,Healthtech,Online Baby care Products,Gurgaon,0.0,1,2018-04-19,2018-04-19
medECUBE,Healthtech,Healthcare related Services provider,Gurgaon,4000000.0,1,2016-03-04,2016-03-04
mfine,Healthtech,Doctor-Consultation App,Bangalore,4200000.0,1,2018-05-16,2018-05-16
mintifi,Fintech,Online Lending Platform,Mumbai,2000000.0,1,2018-04-13,2018-04-13
mishTag,Consumer Internet & Tech,"Style, Fashion Discovery Mobile app",Delhi,0.0,1,2016-04-21,2016-04-21
numberz.in,Consumer Internet & Tech,Cash Flow Management Solution for Businesses,Gurgaon,650000.0,1,2016-11-21,2016-11-21
oibanit,E-Commerce,,Vadodara,150000.0,1,2015-11-03,2015-11-03
perpule,E-Commerce,Self-Checkout ECommerce App,Bangalore,650000.0,1,2017-03-29,2017-03-29
pi Ventures,Fintech,Venture Capital,Bangalore,25000000.0,1,2018-01-15,2018-01-15
practo,Healthtech,,Bangalore,90000000.0,1,2015-08-06,2015-08-06
quizizz,Edtech,e-learning Platform,Bangalore,3000000.0,1,2018-08-09,2018-08-09
rBus,Other,,Mumbai,0.0,1,2015-08-24,2015-08-24
trueHb,Healthtech,,Delhi,2400000.0,1,2015-07-29,2015-07-29
underDOGS,Consumer Internet & Tech,Game Development Startup,Mumbai,0.0,1,2016-07-18,2016-07-18
vImmune,Consumer Internet & Tech,Immunisation Management Platform,Bangalore,0.0,1,2016-11-04,2016-11-04
vPhrase Analytics,Consumer Internet & Tech,AI based data analytics platform,Mumbai,0.0,1,2016-03-08,2016-03-08
wWhere,,,,200000.0,1,2015-03-18,2015-03-18
wayForward,Consumer Internet & Tech,Mobile app for Mental Health,Delhi,1000000.0,1,2017-06-06,2017-06-06
zippserv,Consumer Internet & Tech,Online Platform For Risk-Assessment Services For Real Estate Investments,Bangalore,440000.0,1,2018-07-09,2018-07-09
