investor_a,investor_b,timesCoInvested
Mumbai Angels,Ravikanth Reddy,1
SAIF Partners,Spring Canter Investment Ltd.,1
NPTK,Paytm,1
Paytm,Sabre Partners and Neoplux,1
NPTK,Sabre Partners and Neoplux,1
CapitalG,Sequoia,1
Accel,Sequoia,1
Accel,CapitalG,1
Rainforest Ventures,Sauce.vc,1
LetsVenture,Prime Venture Partners,1
PS1 Venture and GlobalLogic co-founder Rajul Garg,Prime Venture Partners,1
LetsVenture,PS1 Venture and GlobalLogic co-founder Rajul Garg,1
DG Daiwa Ventures,DG Incubation,1
Altimeter Capital,Sutter Hill Ventures,1
Ackermans & van Haaren,HealthQuad,1
Ackermans & van Haaren,Rebright Partners,1
Ackermans & van Haaren,Toppan Printing,1
HealthQuad,Rebright Partners,1
HealthQuad,Toppan Printing,1
Rebright Partners,Toppan Printing,1
Matrix Partners,Stellaris Venture Partners,1
Kalaari Capital,Matrix Partners,1
Kalaari Capital,Stellaris Venture Partners,1
Altimeter Capital,DST Global,1
Matrix Partners India,Sequoia India,1
Axilor Ventures,India Quotient,1
Azim Premji,Binny Bansal,1
FreshMenu),Rashmi Daga (founder,1
Rashmi Daga (founder,Raveen Sastry (co-founder,1
Myntra) and Mitesh Shah (finance chief,Rashmi Daga (founder,1
BookMyShow),Rashmi Daga (founder,1
FreshMenu),Raveen Sastry (co-founder,1
FreshMenu),Myntra) and Mitesh Shah (finance chief,1
BookMyShow),FreshMenu),1
Myntra) and Mitesh Shah (finance chief,Raveen Sastry (co-founder,1
BookMyShow),Raveen Sastry (co-founder,1
BookMyShow),Myntra) and Mitesh Shah (finance chief,1
IIFL Wealth,Lok Capital,1
DIG Investment Ab,Deshe Holdings,1
DIG Investment Ab,Samih Toukan and Hussam Khoury,1
Deshe Holdings,Samih Toukan and Hussam Khoury,1
Composite Capital Management,Sequoia Capital India,1
Composite Capital Management,Tiger Global Management,1
Sequoia Capital India,Tiger Global Management,2
Accel Partners and Qualcomm,Goldman Sachs,1
Pidilite Industries director Ajay Parekh,Triton Investment Advisors,1
DILA CAPITAL,Shell Foundation,1
Engie RDE Fund,Shell Foundation,1
EcoEnterprise Fund,Shell Foundation,1
EDFIMC (ElectriFI),Shell Foundation,1
Endeavor Catalyst Fund,Shell Foundation,1
CoCapital,Shell Foundation,1
Shell Foundation,Triodos,1
"Alpha Mundi, and Lendahand",Shell Foundation,1
DILA CAPITAL,Engie RDE Fund,1
DILA CAPITAL,EcoEnterprise Fund,1
DILA CAPITAL,EDFIMC (ElectriFI),1
DILA CAPITAL,Endeavor Catalyst Fund,1
CoCapital,DILA CAPITAL,1
DILA CAPITAL,Triodos,1
"Alpha Mundi, and Lendahand",DILA CAPITAL,1
EcoEnterprise Fund,Engie RDE Fund,1
EDFIMC (ElectriFI),Engie RDE Fund,1
Endeavor Catalyst Fund,Engie RDE Fund,1
CoCapital,Engie RDE Fund,1
Engie RDE Fund,Triodos,1
"Alpha Mundi, and Lendahand",Engie RDE Fund,1
EDFIMC (ElectriFI),EcoEnterprise Fund,1
EcoEnterprise Fund,Endeavor Catalyst Fund,1
CoCapital,EcoEnterprise Fund,1
EcoEnterprise Fund,Triodos,1
"Alpha Mundi, and Lendahand",EcoEnterprise Fund,1
EDFIMC (ElectriFI),Endeavor Catalyst Fund,1
CoCapital,EDFIMC (ElectriFI),1
EDFIMC (ElectriFI),Triodos,1
"Alpha Mundi, and Lendahand",EDFIMC (ElectriFI),1
CoCapital,Endeavor Catalyst Fund,1
Endeavor Catalyst Fund,Triodos,1
"Alpha Mundi, and Lendahand",Endeavor Catalyst Fund,1
CoCapital,Triodos,1
"Alpha Mundi, and Lendahand",CoCapital,1
"Alpha Mundi, and Lendahand",Triodos,1
Indian Angel Network and other angel investors,Innov8 founder Ritesh Malik,1
Indian Angel Network and other angel investors,"Josh Talks founders Supriya Paul and Shobha Banga, and former Hero Corporate president Rohit Chanana",1
Innov8 founder Ritesh Malik,"Josh Talks founders Supriya Paul and Shobha Banga, and former Hero Corporate president Rohit Chanana",1
Goldman Sachs Investment Partners and Silicon Valley-based Accel,Wellington,1
Goldman Sachs Investment Partners and Silicon Valley-based Accel,Sequoia Capital,1
B Capital,Goldman Sachs Investment Partners and Silicon Valley-based Accel,1
Goldman Sachs Investment Partners and Silicon Valley-based Accel,LightStreet,1
Goldman Sachs Investment Partners and Silicon Valley-based Accel,Sands Capital and International Finance Corporation,1
Sequoia Capital,Wellington,1
B Capital,Wellington,1
LightStreet,Wellington,1
Sands Capital and International Finance Corporation,Wellington,1
B Capital,Sequoia Capital,1
LightStreet,Sequoia Capital,1
Sands Capital and International Finance Corporation,Sequoia Capital,1
B Capital,LightStreet,1
B Capital,Sands Capital and International Finance Corporation,1
LightStreet,Sands Capital and International Finance Corporation,1
Korea Investment Partners,Vertex Ventures,1
Beehive Capital Advisor,Unilever,1
ABCOM Investments,Unilever,1
Parekh Marine Transport,Unilever,1
ABCOM Investments,Beehive Capital Advisor,1
Beehive Capital Advisor,Parekh Marine Transport,1
ABCOM Investments,Parekh Marine Transport,1
Hornbill Orchid India Fund,Orchid India,1
Chiratae Ventures (formerly IDG Ventures),Orchid India,1
3one4 Capital,Orchid India,1
Lasmer NV,Orchid India,1
Chiratae Ventures (formerly IDG Ventures),Hornbill Orchid India Fund,1
3one4 Capital,Hornbill Orchid India Fund,1
Hornbill Orchid India Fund,Lasmer NV,1
3one4 Capital,Chiratae Ventures (formerly IDG Ventures),1
Chiratae Ventures (formerly IDG Ventures),Lasmer NV,1
3one4 Capital,Lasmer NV,1
Sequoia India,Tiger Global Management,1
Accel Partners,Sequoia India,2
Accel Partners,Tiger Global Management,3
BAC Acquisitions,Unifi AIF,1
BAC Acquisitions,BRD Securities,1
BAC Acquisitions,Northern R Capital,1
BRD Securities,Unifi AIF,1
Northern R Capital,Unifi AIF,1
BRD Securities,Northern R Capital,1
021 Capita,Binny Bansal,1
EDBI,Sequoia Capital and Temasek Holdings,1
"Burda Principal Investments, and Sofina",Sequoia Capital and Temasek Holdings,1
"Burda Principal Investments, and Sofina",EDBI,1
LetsVenture,PitchRight Venture,1
91SpringBoard,LetsVenture,1
AL Nour International Holdings and Mark V Investments,LetsVenture,1
91SpringBoard,PitchRight Venture,1
AL Nour International Holdings and Mark V Investments,PitchRight Venture,1
91SpringBoard,AL Nour International Holdings and Mark V Investments,1
Hillhouse Capital,Sequoia India,1
Alphabet\\xe2\\x80\\x99s growth investment arm Capital G and Axis Bank,Sequoia India,1
Alphabet\\xe2\\x80\\x99s growth investment arm Capital G and Axis Bank,Hillhouse Capital,1
Iron Pillar,Perceptive Advisors,1
Iron Pillar,Romulus Capital and Kalaari Capital,1
Perceptive Advisors,Romulus Capital and Kalaari Capital,1
AET Fund,Info Edge,1
Akatsuki and Incubate Fund from Japan and Better Capital AngelList syndicate.,Info Edge,1
AET Fund,Akatsuki and Incubate Fund from Japan and Better Capital AngelList syndicate.,1
GREE Ventures,Venture Highway,1
Space Matrix,Venture Highway,1
Individual Investors,Venture Highway,1
GREE Ventures,Space Matrix,1
GREE Ventures,Individual Investors,1
Individual Investors,Space Matrix,1
"CDC Group, the UK\\xe2\\x80\\x99s Development Finance Institution and P Surendra Pai",Norwest Venture Partners,1
DST Partners and RPS Ventures,Shunwei Capital,1
RB Investments,Singapore,1
Sistema Asia Fund,VC Samsung NEXT,1
Chiratae Ventures,Sistema Asia Fund,1
Inventus Capital,Sistema Asia Fund,1
Blume Ventures and Innoven Capital.,Sistema Asia Fund,1
Chiratae Ventures,VC Samsung NEXT,1
Inventus Capital,VC Samsung NEXT,1
Blume Ventures and Innoven Capital.,VC Samsung NEXT,1
Chiratae Ventures,Inventus Capital,1
Blume Ventures and Innoven Capital.,Chiratae Ventures,1
Blume Ventures and Innoven Capital.,Inventus Capital,1
Rajan Anandan from Google,Stellaris Venture Partners and Kalaari Capital,1
"Dilip Khandwelwal from SAP Labs India, and Amrish Rau from PayU India",Stellaris Venture Partners and Kalaari Capital,1
"Dilip Khandwelwal from SAP Labs India, and Amrish Rau from PayU India",Rajan Anandan from Google,1
Lakestar and Jungle Ventures,Softbank\\xe2\\x80\\x99s DeepCore.,1
Individual Investors,Paragon Partners,1
Caspian and Hivos-Triodos Fund,Cooperative Oikocredit,1
Sistema Asia Fund,Sistema JSFC and Tanncam Investment,1
Korea Investment Partners (KIP),Samsung and China-based CITIC Capital and others,1
Kalaari Capital and Private equity firm Multiples Alternate Asset Management,Tencent,1
CLP Holdings Group,Innogy,1
CLP Holdings Group,"\\xc3\\x98rstead, and Tenaska",1
Innogy,"\\xc3\\x98rstead, and Tenaska",1
Quotient,Shunwei Capital,1
Mayfield & Others,Shunwei Capital,1
Mayfield & Others,Quotient,1
Fosun RZ Capital,Vertex Ventures Southeast Asia (SEA) and India and Sistema Asia Fund,1
"Ventureast, and Endiya Partners.\\n\\n",Vertex Ventures Southeast Asia (SEA) and India and Sistema Asia Fund,1
Fosun RZ Capital,"Ventureast, and Endiya Partners.\\n\\n",1
Arts Alliance,Farm To Fork,1
Farm To Fork,The Syndicate Fund,1
Farm To Fork,Sven Hensen,1
Farm To Fork,Zeroth and Artesian Venture Partners,1
Arts Alliance,The Syndicate Fund,1
Arts Alliance,Sven Hensen,1
Arts Alliance,Zeroth and Artesian Venture Partners,1
Sven Hensen,The Syndicate Fund,1
The Syndicate Fund,Zeroth and Artesian Venture Partners,1
Sven Hensen,Zeroth and Artesian Venture Partners,1
Axilor,Sprout Venture Partners and others,1
Accel Partners and G Raghunandan,Sequoia Capital India Advisors,1
Nexus Venture Partners,Prime Venture Partners and Others,1
Orios Venture Partners and the IAN Fund,Ventureast,1
MGV,Nexus Venture Partners,1
Liquid 2 Ventures,Nexus Venture Partners,1
Hack VC,Nexus Venture Partners,1
Emergent Ventures and Y Combinator,Nexus Venture Partners,1
Liquid 2 Ventures,MGV,1
Hack VC,MGV,1
Emergent Ventures and Y Combinator,MGV,1
Hack VC,Liquid 2 Ventures,1
Emergent Ventures and Y Combinator,Liquid 2 Ventures,1
Emergent Ventures and Y Combinator,Hack VC,1
Edelweiss and Beenext,Hyundai,1
Dream Incubator,Hyundai,1
Hyundai,Sunjay Kapoor and Telama Investment,1
Dream Incubator,Edelweiss and Beenext,1
Edelweiss and Beenext,Sunjay Kapoor and Telama Investment,1
Dream Incubator,Sunjay Kapoor and Telama Investment,1
PayU,Xiaomi,1
Ribbit Capital and Omidyar Network,Xiaomi,1
PayU,Ribbit Capital and Omidyar Network,1
SRI Capital,Saama Capital,1
"Beenext, and Pravega Ventures",Saama Capital,1
"Beenext, and Pravega Ventures",SRI Capital,1
Nexus Venture Partners,Omidyar Network and Shunwei Capital,1
Shunwei Capital,Tuscan Ventures,1
Ashish Goenka,Shunwei Capital,1
Shunwei Capital,VC firms India Quotient and Kae Capital,1
Ashish Goenka,Tuscan Ventures,1
Tuscan Ventures,VC firms India Quotient and Kae Capital,1
Ashish Goenka,VC firms India Quotient and Kae Capital,1
Insignia Ventures Partners,Lightbridge Partners & Kairos,1
Aditya Malik & Others,"Avtar Monga, chief operating office at IDFC Bank",1
Stellaris Venture Partners,Vy Capital,1
"Raghunandan G, and Ramakant Sharma",Stellaris Venture Partners,1
"Raghunandan G, and Ramakant Sharma",Vy Capital,1
Excelsior Investments,Rishi Vasudev,1
Rishi Vasudev,Ritesh Vohra,1
Praveer Kumar,Rishi Vasudev,1
Prashant Gupta and Others,Rishi Vasudev,1
Excelsior Investments,Ritesh Vohra,1
Excelsior Investments,Praveer Kumar,1
Excelsior Investments,Prashant Gupta and Others,1
Praveer Kumar,Ritesh Vohra,1
Prashant Gupta and Others,Ritesh Vohra,1
Prashant Gupta and Others,Praveer Kumar,1
Mahavir Sharma,Siddharth Agarwal,1
Amit Singal,Siddharth Agarwal,1
100 Co-founders Lab and others.,Siddharth Agarwal,1
Amit Singal,Mahavir Sharma,1
100 Co-founders Lab and others.,Mahavir Sharma,1
100 Co-founders Lab and others.,Amit Singal,1
Creation Investments,Falcon Edge,1
Creation Investments,Matrix Partners India and Zodius Capital,1
Falcon Edge,Matrix Partners India and Zodius Capital,1
KCK Global & Others,Kingsway FCI Fund,1
TPG Growth,The Rise Fund & Others,1
AngelList,Rahul Khanna,1
AngelList,Rajeev Arora and Ram Ramsundar.,1
Rahul Khanna,Rajeev Arora and Ram Ramsundar.,1
Hemant Luthra,Metaform Ventures,1
Metaform Ventures,Micro venture capital firm GEMS Partners and Others,1
Hemant Luthra,Micro venture capital firm GEMS Partners and Others,1
Allcargo Logistics,Navneet Education and Mahavir Agency,1
BeeNext,WEH Ventures and Sprout Ventures,1
Bharat Innovation,IDFC-Parampara Capital,1
Arthavida Ventures,Bharat Innovation,1
Bharat Innovation,Jitendra Gupta & Others,1
Arthavida Ventures,IDFC-Parampara Capital,1
IDFC-Parampara Capital,Jitendra Gupta & Others,1
Arthavida Ventures,Jitendra Gupta & Others,1
Accel Partners,IDG Ventures,5
IDG Ventures,Kalaari Capital and Others,1
Accel Partners,Kalaari Capital and Others,1
Norwest Venture Partners,TPG,1
Sequoia Capital & Matrix Partners,TPG,1
Norwest Venture Partners,Sequoia Capital & Matrix Partners,1
Puneet Dalmia & Others,Sabre Partners,1
Alok Divatia,Bhairavi Jani,1
Bhairavi Jani,Namrata Kaul,1
Bhairavi Jani,Sohail Hashemi,1
Aijaz Saleem,Bhairavi Jani,1
Alok Divatia,Namrata Kaul,1
Alok Divatia,Sohail Hashemi,1
Aijaz Saleem,Alok Divatia,1
Namrata Kaul,Sohail Hashemi,1
Aijaz Saleem,Namrata Kaul,1
Aijaz Saleem,Sohail Hashemi,1
Anil Advani,Pramod Jain,1
Amrendra Reddy and Manish Satnaliwala.,Anil Advani,1
Amrendra Reddy and Manish Satnaliwala.,Pramod Jain,1
SAIF Partners,Sequoia Capital India,2
Sequoia Capital India,Y Combinator and Venture Highway,1
SAIF Partners,Y Combinator and Venture Highway,1
CapitalG,SAIF Partners and LGT Impact Ventures,1
Spiral Ventures,Subho Ray and Samir Kumar,1
LetsVenture,Rajan Anandan,1
Basab Pradhan,LetsVenture,1
LetsVenture,Vivek Khare and Bijoy George,1
Basab Pradhan,Rajan Anandan,1
Rajan Anandan,Vivek Khare and Bijoy George,1
Basab Pradhan,Vivek Khare and Bijoy George,1
LetsVenture & Others,Shorooq Investments,1
Accel Partners,Y Combinator and others.,1
Sequoia India,Y Combinator and others.,1
Accel Partners & Raghunandan Gangappa,Sequoia Capital,1
Accel Partners,IDG Venture,1
Accel Partners,"Endiya Partners, pi Ventures",2
Accel Partners,VH Capital,2
Accel Partners,Axilor Ventures and Binny Bansal,1
"Endiya Partners, pi Ventures",IDG Venture,1
IDG Venture,VH Capital,1
Axilor Ventures and Binny Bansal,IDG Venture,1
"Endiya Partners, pi Ventures",VH Capital,2
Axilor Ventures and Binny Bansal,"Endiya Partners, pi Ventures",1
Axilor Ventures and Binny Bansal,VH Capital,1
B Capital,International Finance Corporation (IFC),1
Accel Partners and IDG Ventures,B Capital,1
Accel Partners and IDG Ventures,International Finance Corporation (IFC),1
IL&FS Private Equity,Kae Capital & Others,1
Behram Vakil and Jerxis Vandrevala,Unitus Ventures,1
Harsh Mariwala,Sunil Munjal,2
Dalip Pathak and Others,Sunil Munjal,2
Dalip Pathak and Others,Harsh Mariwala,2
Prime Venture Partners,Stellaris Venture Partners and Mayur Abhaya Srisrimal,1
Kalaari Capital,Unilever Ventures and Blume Ventures,1
Insistor,Oikocredit,1
Ashish Kacholi,S Chand Group,1
Amazon,Ashish Dhawan,1
Amazon,Catamaran Ventures,1
Amazon,NR Narayana Murthy.,1
Ashish Dhawan,Catamaran Ventures,1
Ashish Dhawan,NR Narayana Murthy.,1
Catamaran Ventures,NR Narayana Murthy.,1
Mitali Pawar,Prashant Mehta,1
Nikhil G and Bhavesh P,Prashant Mehta,1
Prashant Mehta,R Ranganathan,1
ONCOTRUST and Medintel Services Pvt. Ltd,Prashant Mehta,1
Mitali Pawar,Nikhil G and Bhavesh P,1
Mitali Pawar,R Ranganathan,1
Mitali Pawar,ONCOTRUST and Medintel Services Pvt. Ltd,1
Nikhil G and Bhavesh P,R Ranganathan,1
Nikhil G and Bhavesh P,ONCOTRUST and Medintel Services Pvt. Ltd,1
ONCOTRUST and Medintel Services Pvt. Ltd,R Ranganathan,1
Kalaari Capital,Omidyar Network and Accion Venture Labs,1
Bill & Melinda Gates Foundation,IndusAge Partners,1
IndusAge Partners,Qualcomm Venture,1
ABB Technology Ventures,IndusAge Partners,1
IndusAge Partners,Omnivore,1
Blume Ventures,IndusAge Partners,1
IndusAge Partners,Venture Highway and BEENEXT,1
Bill & Melinda Gates Foundation,Qualcomm Venture,1
ABB Technology Ventures,Bill & Melinda Gates Foundation,1
Bill & Melinda Gates Foundation,Omnivore,1
Bill & Melinda Gates Foundation,Blume Ventures,1
Bill & Melinda Gates Foundation,Venture Highway and BEENEXT,1
ABB Technology Ventures,Qualcomm Venture,1
Omnivore,Qualcomm Venture,1
Blume Ventures,Qualcomm Venture,1
Qualcomm Venture,Venture Highway and BEENEXT,1
ABB Technology Ventures,Omnivore,1
ABB Technology Ventures,Blume Ventures,1
ABB Technology Ventures,Venture Highway and BEENEXT,1
Blume Ventures,Omnivore,1
Omnivore,Venture Highway and BEENEXT,1
Blume Ventures,Venture Highway and BEENEXT,1
Accion Venture Lab,YourNest Venture Capital And Other Angel Investors,1
Exfinity Venture,Saha fund Partners,1
Arihant Patni of Patni Family Office,Exfinity Venture,1
Anjali Bansal,Exfinity Venture,1
Exfinity Venture,Shardul Amarchand Mangaldas,1
Exfinity Venture,Satish Khanna and Taparia family office.,1
Arihant Patni of Patni Family Office,Saha fund Partners,1
Anjali Bansal,Saha fund Partners,1
Saha fund Partners,Shardul Amarchand Mangaldas,1
Saha fund Partners,Satish Khanna and Taparia family office.,1
Anjali Bansal,Arihant Patni of Patni Family Office,1
Arihant Patni of Patni Family Office,Shardul Amarchand Mangaldas,1
Arihant Patni of Patni Family Office,Satish Khanna and Taparia family office.,1
Anjali Bansal,Shardul Amarchand Mangaldas,1
Anjali Bansal,Satish Khanna and Taparia family office.,1
Satish Khanna and Taparia family office.,Shardul Amarchand Mangaldas,1
Vishal Bali,Yogesh Misra,1
Thomas Assessments and others,Vishal Bali,1
Thomas Assessments and others,Yogesh Misra,1
ChrysCapital,Existing investors,1
ChrysCapital,Elevar Equity,1
ChrysCapital,LGT Impact,1
ChrysCapital,Omidyar Network and Kaizen Private Equity also participated in the round,1
Elevar Equity,Existing investors,1
Existing investors,LGT Impact,1
Existing investors,Omidyar Network and Kaizen Private Equity also participated in the round,1
Elevar Equity,LGT Impact,1
Elevar Equity,Omidyar Network and Kaizen Private Equity also participated in the round,1
LGT Impact,Omidyar Network and Kaizen Private Equity also participated in the round,1
Accel Partners,Tiger Global And Others,1
Amrish Rau,Matrix Partner,1
Investopad,Matrix Partner,1
Digital Currency Group,Matrix Partner,1
Hinduja Group,Matrix Partner,1
Lightspeed India,Matrix Partner,1
Eight Innovate,Matrix Partner,1
Amit Ranjan,Matrix Partner,1
Matrix Partner,Prashant Malik and others,1
Amrish Rau,Investopad,1
Amrish Rau,Digital Currency Group,1
Amrish Rau,Hinduja Group,1
Amrish Rau,Lightspeed India,1
Amrish Rau,Eight Innovate,1
Amit Ranjan,Amrish Rau,1
Amrish Rau,Prashant Malik and others,1
Digital Currency Group,Investopad,1
Hinduja Group,Investopad,1
Investopad,Lightspeed India,1
Eight Innovate,Investopad,1
Amit Ranjan,Investopad,1
Investopad,Prashant Malik and others,1
Digital Currency Group,Hinduja Group,1
Digital Currency Group,Lightspeed India,1
Digital Currency Group,Eight Innovate,1
Amit Ranjan,Digital Currency Group,1
Digital Currency Group,Prashant Malik and others,1
Hinduja Group,Lightspeed India,1
Eight Innovate,Hinduja Group,1
Amit Ranjan,Hinduja Group,1
Hinduja Group,Prashant Malik and others,1
Eight Innovate,Lightspeed India,1
Amit Ranjan,Lightspeed India,1
Lightspeed India,Prashant Malik and others,1
Amit Ranjan,Eight Innovate,1
Eight Innovate,Prashant Malik and others,1
Amit Ranjan,Prashant Malik and others,1
Fundamentum,SAIF Partners,1
Bessemer Venture Partners,Fundamentum,1
Fundamentum,RB investments & Others,1
Bessemer Venture Partners,SAIF Partners,5
RB investments & Others,SAIF Partners,1
Bessemer Venture Partners,RB investments & Others,1
SRI Capital,Waterbridge Ventures and ThinKuvate,1
BlueOrchard Finance Ltd,Hinduja Leyland Finance and IntelleGrow,1
Madhusudhan Kannan,Rajan Anandan,1
Jayant Kadambi,Rajan Anandan,1
Puneet Gupta and Pradeep K Jaisingh,Rajan Anandan,1
Jayant Kadambi,Madhusudhan Kannan,1
Madhusudhan Kannan,Puneet Gupta and Pradeep K Jaisingh,1
Jayant Kadambi,Puneet Gupta and Pradeep K Jaisingh,1
International Finance Corporation,Transamerica and others.,1
Line Corp,Line Ventures Corporation,1
Line Ventures Corporation,Naver,1
Line Ventures Corporation,Shinhan Bank and TS Investment,1
Line Corp,Naver,1
Line Corp,Shinhan Bank and TS Investment,1
Naver,Shinhan Bank and TS Investment,1
Biz Stone,Kunal Bahl,1
Biz Stone,Rohit Bansal,1
Alagu Periyannan and Karthee Madasamy,Biz Stone,1
Kunal Bahl,Rohit Bansal,13
Alagu Periyannan and Karthee Madasamy,Kunal Bahl,1
Alagu Periyannan and Karthee Madasamy,Rohit Bansal,1
Alok Mittal and Sachin Bhatia,GEMS Advisory,1
Neoplux,OPPO,1
IDG Ventures India,Neoplux,1
Kalaari Capital,Neoplux,1
GREE Ventures and Summit Media,Neoplux,1
IDG Ventures India,OPPO,1
Kalaari Capital,OPPO,1
GREE Ventures and Summit Media,OPPO,1
IDG Ventures India,Kalaari Capital,3
GREE Ventures and Summit Media,IDG Ventures India,1
GREE Ventures and Summit Media,Kalaari Capital,1
Nandan Nilekani,Omidyar Network,1
Blume Ventures,Omidyar Network,2
Helion Venture Partners,Omidyar Network,1
Blume Ventures,Nandan Nilekani,2
Helion Venture Partners,Nandan Nilekani,1
Blume Ventures,Helion Venture Partners,1
Maverick Capital Ltd and HBM Healthcare Investments Ltd,Sequoia Capital,1
Blacksoil and Kalaari Capital,Emery Capital,1
Bessemer Venture Partners and Orios Venture Partners,JM Financials and MEMG,1
SAIF Partners and Kalaari capital,Sequoia Capital,1
Baskar Subramanian,Saket Kumar,1
Baskar Subramanian,Gaurav Suri and Ankit Kesarwani,1
Gaurav Suri and Ankit Kesarwani,Saket Kumar,1
Apoorva Patni,Ranjan Pai,1
Beenext Ventures,Ranjan Pai,1
GrowX Ventures,Ranjan Pai,1
Apoorva Patni,Beenext Ventures,1
Apoorva Patni,GrowX Ventures,1
Beenext Ventures,GrowX Ventures,1
HDFC Asset Management,HDFC Life,1
Accel Partners and Saama Capital,Vertex Ventures,1
Actis,Altimeter Capital,1
"Sudhakar Pennam, and other tech investors from Silicon Valley",Venkat Subramanian,1
Bhavish Aggarwal,Matrix Partners,1
Ankit Bhati,Matrix Partners,1
Binny Bansal,Matrix Partners,1
Kunal Shah and Manish Patel.,Matrix Partners,1
Ankit Bhati,Bhavish Aggarwal,3
Bhavish Aggarwal,Binny Bansal,3
Bhavish Aggarwal,Kunal Shah and Manish Patel.,1
Ankit Bhati,Binny Bansal,2
Ankit Bhati,Kunal Shah and Manish Patel.,1
Binny Bansal,Kunal Shah and Manish Patel.,1
SoftBank,Tiger Global and Apoletto Managers.,1
1Crowd,Ankur Capital,1
Amit Burman,SIDBI Venture Capital,1
Axilor Ventures,Pi Ventures,1
Hiro Mashita,Jessica Wong,1
Jessica Wong,Xue Manzi and Yiyun Zhang.,1
Hiro Mashita,Xue Manzi and Yiyun Zhang.,1
Accel Partners and Tiger Global Management.,Insight Venture Partners,1
Axilor Ventures,Kumar Vembu,2
Initia Holdings,Vipin Agarwal and others.,1
Accion Venture Lab,Unicorn India Ventures and ISME ACE.,1
Google,Kae Capital,1
Google,IIFL,1
Google,Singularity Ventures,1
Google,GrowX,1
Google,Tracxn Labs,1
Google,Venture Catalyst,1
Google,Patni family office and Axis Capital.,1
IIFL,Kae Capital,1
Kae Capital,Singularity Ventures,2
GrowX,Kae Capital,2
Kae Capital,Tracxn Labs,2
Kae Capital,Venture Catalyst,1
Kae Capital,Patni family office and Axis Capital.,1
IIFL,Singularity Ventures,1
GrowX,IIFL,1
IIFL,Tracxn Labs,1
IIFL,Venture Catalyst,1
IIFL,Patni family office and Axis Capital.,1
GrowX,Singularity Ventures,2
Singularity Ventures,Tracxn Labs,2
Singularity Ventures,Venture Catalyst,1
Patni family office and Axis Capital.,Singularity Ventures,1
GrowX,Tracxn Labs,2
GrowX,Venture Catalyst,1
GrowX,Patni family office and Axis Capital.,1
Tracxn Labs,Venture Catalyst,1
Patni family office and Axis Capital.,Tracxn Labs,1
Patni family office and Axis Capital.,Venture Catalyst,1
Alibaba,Helion Venture Partners,1
Alibaba,Bessemer Venture Partners,1
Alibaba,Ascent Capital,1
Bessemer Venture Partners,Helion Venture Partners,1
Ascent Capital,Helion Venture Partners,1
Ascent Capital,Bessemer Venture Partners,1
Girnar Software,Man Capital LLP,1
Man Capital LLP,Others,1
Girnar Software,Others,1
Bhavesh Manglani,Suraj Saharan,1
Bhavesh Manglani,Darshan Upadhyay,1
Bhavesh Manglani,Sanjay Notani & Others,1
Darshan Upadhyay,Suraj Saharan,1
Sanjay Notani & Others,Suraj Saharan,1
Darshan Upadhyay,Sanjay Notani & Others,1
Accel Partners,Sequoia Capital,3
Bessemer Venture Partners,Stellaris Venture Partners,2
Axis Capital,Bessemer Venture Partners,2
Bessemer Venture Partners,Singapore,1
Bessemer Venture Partners,Jungle Venture Partners,2
Axis Capital,Stellaris Venture Partners,2
Singapore,Stellaris Venture Partners,1
Jungle Venture Partners,Stellaris Venture Partners,2
Axis Capital,Singapore,1
Axis Capital,Jungle Venture Partners,2
Jungle Venture Partners,Singapore,1
LGT Impact Ventures,Michael & Susan Dell Foundation,1
Dewang Neralla,Mahesh Kothurkar,1
Atul Agarwal,Dewang Neralla,1
Atul Agarwal,Mahesh Kothurkar,1
Mohammed Khan,Sameer Narayan & Others,2
Hinduja Leyland Finance,IntelleGrow,1
Sequoia,Wargburg Pincus,1
Blume Ventures,HealthQuad and Fireside Ventures,1
Citi Ventures,PNC,1
Kris Gopalakrishnan,Pratithi Investment Trust,1
Kris Gopalakrishnan,MEMG Family Office,1
Kris Gopalakrishnan,S Gopal,1
MEMG Family Office,Pratithi Investment Trust,1
Pratithi Investment Trust,S Gopal,1
MEMG Family Office,S Gopal,1
Amit Manocha and others,Startup Buddy,1
Tencent Holdings Ltd,Times Internet,1
Khosla Ventures,Y Combinator,1
Vy Capital and others,Y Combinator,1
Khosla Ventures,Vy Capital and others,1
Recruit Holdings,Sequoia Capital India,1
Accel Partners,Recruit Holdings,1
Accel Partners,Sequoia Capital India,2
Claris Capital,Mumbai Angels Network,1
Elevar Equity and Accel Partners,responsAbility,1
Ankush Gupta,Pankaj Chopra,1
Tiger Global,Y Combinator,1
Indian fintech fund,Rainmatter,1
Hero Electronix\\xe2\\x80\\x99s corporate financing arm,Sunil Kant Munjal,1
Electronic Development Fund,Sunil Kant Munjal,1
Electronic Development Fund,Hero Electronix\\xe2\\x80\\x99s corporate financing arm,1
Shunwei Capital,Xiaomi Singapore,1
Anuj Agrawal,Incubate Fund India,1
Aspada Investment,LeapFrog Investments,1
LeapFrog Investments,Quona Capital,1
Aspada Investment,Quona Capital,1
Chennai Angels,Lead Angels,1
Chennai Angels,LetsVenture,3
Lead Angels,LetsVenture,2
Endiya Partners,Ventureast,3
Eight Roads Ventures,Ventureast,2
Touchstone Equities,Ventureast,1
BVR Mohan Reddy,Ventureast,1
Eight Roads Ventures,Endiya Partners,2
Endiya Partners,Touchstone Equities,1
BVR Mohan Reddy,Endiya Partners,1
Eight Roads Ventures,Touchstone Equities,1
BVR Mohan Reddy,Eight Roads Ventures,1
BVR Mohan Reddy,Touchstone Equities,1
Rahul Maroli,Shivani Singh,1
Mitesh Shah,Shivani Singh,1
Shivani Singh,Venture Catalysts,1
Alfa Capital,Shivani Singh,1
Green Shots Capital,Shivani Singh,1
Real Time Ventures.,Shivani Singh,1
Mitesh Shah,Rahul Maroli,1
Rahul Maroli,Venture Catalysts,1
Alfa Capital,Rahul Maroli,1
Green Shots Capital,Rahul Maroli,1
Rahul Maroli,Real Time Ventures.,1
Mitesh Shah,Venture Catalysts,1
Alfa Capital,Mitesh Shah,1
Green Shots Capital,Mitesh Shah,1
Mitesh Shah,Real Time Ventures.,1
Alfa Capital,Venture Catalysts,2
Green Shots Capital,Venture Catalysts,2
Real Time Ventures.,Venture Catalysts,1
Alfa Capital,Green Shots Capital,2
Alfa Capital,Real Time Ventures.,1
Green Shots Capital,Real Time Ventures.,1
Axilor Ventures,Newfort Capital,1
Axis Bank,HDFC Bank,1
Apis Partner,Eight Roads Ventures,1
Apis Partner,Bamboo Capital Partners,1
Bamboo Capital Partners,Eight Roads Ventures,1
Mumbai Angel,Singapore Angel Network,1
Kiran Shetty,Mohan Tanksale,1
Darshak Shah,Mohan Tanksale,1
Mandar Mhatre,Mohan Tanksale,1
Darshak Shah,Kiran Shetty,1
Kiran Shetty,Mandar Mhatre,1
Darshak Shah,Mandar Mhatre,1
Accel Partners,RB Investments,2
RB Investments,Sequoia Capital,2
Mountain Pain Capital,Suncoast Investments,1
Costanoa,Learn Capital,1
Costanoa,Jyoti Bansal,1
Jyoti Bansal,Learn Capital,1
Purnima Khandelwal,Swati Gupta,1
Maheshwar Peri,Swati Gupta,1
Sanjay Singh,Swati Gupta,1
Maheshwar Peri,Purnima Khandelwal,1
Purnima Khandelwal,Sanjay Singh,1
Maheshwar Peri,Sanjay Singh,1
Axilor Ventures,E-City VEntures Atul Goel,1
"""Kedaraa Capital","Ontario Teachers\\'""",1
Ambarish Gupta,Aneesh Reddy,1
Ambarish Gupta,Bold Ventures,1
Ambarish Gupta,Vona Investments,1
Aneesh Reddy,Bold Ventures,1
Aneesh Reddy,Vona Investments,1
Bold Ventures,Vona Investments,1
Arun Garg,Manish Poddar,1
Manish Poddar,Parmeshwar Sharma,1
Arun Garg,Parmeshwar Sharma,1
Kae Capital Management,Nazara Technologies,1
Alok Mittal,Deepak Jain,1
Alok Mittal,Ritesh Malik,1
Alok Mittal,Jim Schimdktke,1
Deepak Jain,Ritesh Malik,1
Deepak Jain,Jim Schimdktke,1
Jim Schimdktke,Ritesh Malik,1
Khosla Ventures,Matrix Partners India,1
Tata Group\\xe2\\x80\\x99s watch and jewellery retailing firm,Titan Co Ltd,1
Pioneering Ventures,Syngenta AG,1
IDFC-Parampara Fund,IDG Ventures,1
Innov8,Singtel,1
Harmony Partners,Singtel,1
Harmony Partners,Innov8,1
Apurva Chamaria,Girish Mathrubootham,1
Girish Mathrubootham,Rohit Chanana,1
Apurva Chamaria,Rohit Chanana,1
Alok Srivastava,Nishit Sharma,1
Incubation Foundation (SIIF),SSCBS Innovation,1
Aravind Sanka,Skycatcher Fund,1
IDG Ventures,Notion Capital,1
Dr. Aniruddha Malpani,Vida Ventures,1
MEMG CDC,Sabre Partners,1
MediAssist,NB Ventures,1
Accel,Matrix PArtners,1
Apurva Chamaria,Startup Buddy,1
Sachin Arora,Startup Buddy,1
Bharat Gupta,Startup Buddy,1
Amit Manocha,Startup Buddy,1
Apurva Chamaria,Sachin Arora,1
Apurva Chamaria,Bharat Gupta,1
Amit Manocha,Apurva Chamaria,1
Bharat Gupta,Sachin Arora,1
Amit Manocha,Sachin Arora,1
Amit Manocha,Bharat Gupta,1
Softbank Group,Tencent,1
Blume Ventures,IDG Ventures & Indian Angel Network,1
Helion Venture Partners,Sequoia India,1
Beenext,Sequoia India,2
Beenext,Helion Venture Partners,1
Epsilon Venture Partners,Tara India Fund IV and others,1
Axan Partners,Das Capital,1
Das Capital,Das Capital and IT Farm,1
Axan Partners,Das Capital and IT Farm,1
Das Capital,Simile Ventures,1
Firoze Irani,Vipul Parekh,1
Ananda Kallugadde,Firoze Irani,1
Firoze Irani,Rajesh K Murthy,1
Ananda Kallugadde,Vipul Parekh,1
Rajesh K Murthy,Vipul Parekh,1
Ananda Kallugadde,Rajesh K Murthy,1
Keshav Sanghi,Rahul Agarwalla,1
Batlivala & Karani Securities,Rahul Agarwalla,1
Batlivala & Karani Securities,Keshav Sanghi,1
SAIF Partners,YCombinator,1
SAIF Partners,Venture Highway,2
Venture Highway,YCombinator,1
DG Ventures India,Wellington Management,1
True North,Wellington Management,1
DG Ventures India,True North,1
Snehal Mantri,Vida Ventures,1
Anshu Bahadur,Vida Ventures,1
Anshu Bahadur,Snehal Mantri,1
Shunwei Capital,Xiaomi Technologies,1
Accel Partners,Zephyr Peacock,1
GREE Ventures,Nexus,1
Helion Ventures,SAIF Partners,1
FIL Capital Management,SAIF Partners,1
FIL Capital Management,Helion Ventures,1
DSG Consumer Partners,Sequoia Capital,1
DSG Consumer Partners,Saama Capital,3
Saama Capital,Sequoia Capital,1
IAN Fund,Indian Angel network,1
Matrix Partners India,WaterBridge Ventures,1
Matrix Partners India,Whiteboard Capital,1
Matrix Partners India,Sarbvir Singh,1
WaterBridge Ventures,Whiteboard Capital,1
Sarbvir Singh,WaterBridge Ventures,1
Sarbvir Singh,Whiteboard Capital,1
Blume Ventures,Indian Angel Network,2
Abhishek Bhatewara,Vivek Shah,1
Abhishek Bhatewara,Haitong Securities,1
Abhishek Bhatewara,Suraj Saharan,1
Abhishek Bhatewara,Paras Arora,1
Haitong Securities,Vivek Shah,1
Suraj Saharan,Vivek Shah,1
Paras Arora,Vivek Shah,1
Haitong Securities,Suraj Saharan,1
Haitong Securities,Paras Arora,1
Paras Arora,Suraj Saharan,1
Hunch Ventures,Spiral Ventures,1
500 Startups,Hunch Ventures,1
Hunch Ventures,Singapore Angel Network,1
Citrus Payments,Hunch Ventures,1
500 Startups,Spiral Ventures,1
Singapore Angel Network,Spiral Ventures,1
Citrus Payments,Spiral Ventures,1
500 Startups,Singapore Angel Network,2
500 Startups,Citrus Payments,1
Citrus Payments,Singapore Angel Network,1
Incubate Fund,Sandesh Kirkire,1
Anand Kumar,Incubate Fund,1
Incubate Fund,Yogesh Chaudhary,1
Anand Kumar,Sandesh Kirkire,1
Sandesh Kirkire,Yogesh Chaudhary,1
Anand Kumar,Yogesh Chaudhary,1
IL&FS,Trust Capital,1
IL&FS,Rosy Blue Securities,1
IL&FS,Radhakrishan Damani and Rakesh Jhunjhunwala,1
Rosy Blue Securities,Trust Capital,1
Radhakrishan Damani and Rakesh Jhunjhunwala,Trust Capital,1
Radhakrishan Damani and Rakesh Jhunjhunwala,Rosy Blue Securities,1
Mayur Abhaya,Stellaris Venture Partners,1
Rohit MA,Stellaris Venture Partners,1
Mayur Abhaya,Rohit MA,1
Accel Partners,Exfinity Ventures,1
Accel Partners,Partech Ventures,1
Exfinity Ventures,Partech Ventures,1
BeeNext,SRI Capital,1
Pravega Ventures,SRI Capital,1
BeeNext,Pravega Ventures,1
Anand Mahindra,Michael and Susan Dell Foundation,1
Bertelsmann India,Mayfield Capital,1
Bertelsmann India,Saama Capital,1
Bertelsmann India,Darrin Capital,1
Mayfield Capital,Saama Capital,1
Darrin Capital,Mayfield Capital,1
Darrin Capital,Saama Capital,1
HIS Co. Ltd,MakeMyTrip,1
Artiman Ventures,Sequoia Capital India,1
International Finance Corporation (IFC),Inventus Capital Partners,1
Accel Partners,International Finance Corporation (IFC),2
International Finance Corporation (IFC),"Kalaari Capital, and Nandan Nilekani",1
Accel Partners,Inventus Capital Partners,1
Inventus Capital Partners,"Kalaari Capital, and Nandan Nilekani",1
Accel Partners,"Kalaari Capital, and Nandan Nilekani",1
Sequoia Capital India,SoftBank Group,1
Lightspeed Venture Partners,SoftBank Group,1
Greenoaks Capital,SoftBank Group,2
Hero Enterprise,SoftBank Group,1
Lightspeed Venture Partners,Sequoia Capital India,1
Greenoaks Capital,Sequoia Capital India,1
Hero Enterprise,Sequoia Capital India,1
Greenoaks Capital,Lightspeed Venture Partners,2
Hero Enterprise,Lightspeed Venture Partners,1
Greenoaks Capital,Hero Enterprise,1
Alok Mittal,Venture Highway,1
Mohit Agarwal,Venture Highway,1
Anuj Gupta,Venture Highway,1
Alok Mittal,Mohit Agarwal,1
Alok Mittal,Anuj Gupta,1
Anuj Gupta,Mohit Agarwal,1
P.V SIndhu,Sachin Tendulkar,1
Pullela Gopichand,Sachin Tendulkar,1
P.V SIndhu,Pullela Gopichand,1
Arvind Uppal,Raman Roy,1
Raman Roy,Sonu Bhasin,1
G Ravishankar,Raman Roy,1
Arvind Uppal,Sonu Bhasin,1
Arvind Uppal,G Ravishankar,1
G Ravishankar,Sonu Bhasin,1
Qualcomm Ventures,WRV Capital,1
Edelweiss Private Equity,WRV Capital,1
Artiman Ventures,WRV Capital,1
Edelweiss Private Equity,Qualcomm Ventures,1
Artiman Ventures,Qualcomm Ventures,1
Artiman Ventures,Edelweiss Private Equity,1
Beenext,IAN Fund,1
IAN Fund,Indian Angel Network,1
Beenext,Indian Angel Network,1
Anand Chandrasekaran,Apurva Chamaria,1
Anand Chandrasekaran,Ritesh Malik,1
Anand Chandrasekaran,Ashish Toshniwal,1
Ajeet Khurana,Anand Chandrasekaran,1
Apurva Chamaria,Ritesh Malik,1
Apurva Chamaria,Ashish Toshniwal,1
Ajeet Khurana,Apurva Chamaria,1
Ashish Toshniwal,Ritesh Malik,1
Ajeet Khurana,Ritesh Malik,1
Ajeet Khurana,Ashish Toshniwal,1
Nexus Venture Partners and Blume Ventures,Sequoia Capital India,1
Nexus Venture Partners and Blume Ventures,SAIF Partners,1
Chennai Angels,Keiretsu Forum & Others,1
Rajit Nanda,Rohit Nanda,1
Rohit Nanda,Smarak Bhuyan,1
Rohit Nanda,Sashwat Brahma,1
Rajit Nanda,Smarak Bhuyan,1
Rajit Nanda,Sashwat Brahma,1
Sashwat Brahma,Smarak Bhuyan,1
Manish Amin,Rising Stars,1
Pallav Pandey,Rising Stars,1
Chavi Jafa,Rising Stars,1
Manish Amin,Pallav Pandey,1
Chavi Jafa,Manish Amin,1
Chavi Jafa,Pallav Pandey,1
Aprameya Radhakrishna,Shamik Sharma,1
Pearl Brook Holdings,Sandway Investment Ltd,1
Sandway Investment Ltd,Silo Holdings and Al Nour,1
Pearl Brook Holdings,Silo Holdings and Al Nour,1
Prime Venture Partners.,Vertex Ventures,1
Jamil Khatri,Rajan Anandan,1
Rajan Anandan,Ravi Iyer,1
Raghav Bahl,Rajan Anandan,1
Jamil Khatri,Ravi Iyer,1
Jamil Khatri,Raghav Bahl,1
Raghav Bahl,Ravi Iyer,1
Aniruddha Malpani,Startup Oasis,1
IL&FS Investment Managers,Omidyar Network.,1
Capillary Technologies,Whiteboard Capital,1
Capillary Technologies,YourNest Angel Fund,1
Capillary Technologies,Rajul Garg,1
Whiteboard Capital,YourNest Angel Fund,1
Rajul Garg,Whiteboard Capital,1
Rajul Garg,YourNest Angel Fund,2
Blume Ventures,Goldbell Group,1
Anurag Srivastava,Blume Ventures,1
Blume Ventures,Shailesh Rao,1
Amiya Pathak,Blume Ventures,1
Blume Ventures,Rajesh Yohanan and Rahul Garg,1
Anurag Srivastava,Goldbell Group,1
Goldbell Group,Shailesh Rao,1
Amiya Pathak,Goldbell Group,1
Goldbell Group,Rajesh Yohanan and Rahul Garg,1
Anurag Srivastava,Shailesh Rao,1
Amiya Pathak,Anurag Srivastava,1
Anurag Srivastava,Rajesh Yohanan and Rahul Garg,1
Amiya Pathak,Shailesh Rao,1
Rajesh Yohanan and Rahul Garg,Shailesh Rao,1
Amiya Pathak,Rajesh Yohanan and Rahul Garg,1
Anand Sankeshwar,Kashyap Deorah,1
Deepak Jain,Kashyap Deorah,1
Kashyap Deorah,Sadashiva NT,1
Arjun Mehta,Kashyap Deorah,1
Kashyap Deorah,Satish Kaul,1
Anindya Ghose,Kashyap Deorah,1
Anand Sankeshwar,Deepak Jain,1
Anand Sankeshwar,Sadashiva NT,1
Anand Sankeshwar,Arjun Mehta,1
Anand Sankeshwar,Satish Kaul,1
Anand Sankeshwar,Anindya Ghose,1
Deepak Jain,Sadashiva NT,1
Arjun Mehta,Deepak Jain,1
Deepak Jain,Satish Kaul,1
Anindya Ghose,Deepak Jain,1
Arjun Mehta,Sadashiva NT,1
Sadashiva NT,Satish Kaul,1
Anindya Ghose,Sadashiva NT,1
Arjun Mehta,Satish Kaul,1
Anindya Ghose,Arjun Mehta,1
Anindya Ghose,Satish Kaul,1
Kunal Shah,LetsVenture,1
Anupam Mittal,Kunal Shah,3
Hetal Sonpal,Kunal Shah,1
Anupam Mittal,LetsVenture,2
Hetal Sonpal,LetsVenture,1
Anupam Mittal,Hetal Sonpal,1
Narottam Thudi,Shireesh Palle,1
DSG Consumer Partners,Eight Roads Ventures India,1
Anuj Puri,Redcliffe Capital,1
Anuj Puri,Artha India Ventures,1
Anuj Puri,Siddharth Kothari,1
Anuj Puri,Apoorv Ranjan Sharma,1
Artha India Ventures,Redcliffe Capital,1
Redcliffe Capital,Siddharth Kothari,1
Apoorv Ranjan Sharma,Redcliffe Capital,1
Artha India Ventures,Siddharth Kothari,1
Apoorv Ranjan Sharma,Artha India Ventures,1
Apoorv Ranjan Sharma,Siddharth Kothari,1
R. Jayakumar,Vaibhav Vohra,1
Aditya Vazirani,R. Jayakumar,1
R. Jayakumar,Rhea Vazirani,1
AVN Business Solutions,R. Jayakumar,1
Dreamweaver Investments,R. Jayakumar,1
Aditya Vazirani,Vaibhav Vohra,1
Rhea Vazirani,Vaibhav Vohra,1
AVN Business Solutions,Vaibhav Vohra,1
Dreamweaver Investments,Vaibhav Vohra,1
Aditya Vazirani,Rhea Vazirani,1
AVN Business Solutions,Aditya Vazirani,1
Aditya Vazirani,Dreamweaver Investments,1
AVN Business Solutions,Rhea Vazirani,1
Dreamweaver Investments,Rhea Vazirani,1
AVN Business Solutions,Dreamweaver Investments,1
Rahul Dev Kumar,Rajesh Mahajan,1
Ankit Sharma and others,Rahul Dev Kumar,1
Ankit Sharma and others,Rajesh Mahajan,1
Ajay Bhatia,Venugopal Dhoot,1
Tarun Khandelwal,Venugopal Dhoot,1
Ganpat Singhvi,Venugopal Dhoot,1
Mandhian family & Others,Venugopal Dhoot,1
Ajay Bhatia,Tarun Khandelwal,1
Ajay Bhatia,Ganpat Singhvi,1
Ajay Bhatia,Mandhian family & Others,1
Ganpat Singhvi,Tarun Khandelwal,1
Mandhian family & Others,Tarun Khandelwal,1
Ganpat Singhvi,Mandhian family & Others,1
Incubate Fund,Sanjay Shenoy,1
Incubate Fund,Mridul Upreti,1
Mridul Upreti,Sanjay Shenoy,1
Bennett,Coleman and Company Ltd (BCCL),1
Fullerton India Credit Company Ltd,InCred Finance,1
InCred,Krishnakumar Natarajan,1
InCred,Ravi Bhardwaj,1
Krishnakumar Natarajan,Ravi Bhardwaj,1
Green Visor Capital LP II,IA Venture Strategies Fund II LP,1
Boillot Family Trust,Green Visor Capital LP II,1
Green Visor Capital LP II,Russell M Byrne,1
Green Visor Capital LP II,The Oliver R. Grace,1
Green Visor Capital LP II,Jr. Millennium Trust,1
Green Visor Capital LP II,SF Capital Investments LP,1
Boillot Family Trust,IA Venture Strategies Fund II LP,1
IA Venture Strategies Fund II LP,Russell M Byrne,1
IA Venture Strategies Fund II LP,The Oliver R. Grace,1
IA Venture Strategies Fund II LP,Jr. Millennium Trust,1
IA Venture Strategies Fund II LP,SF Capital Investments LP,1
Boillot Family Trust,Russell M Byrne,1
Boillot Family Trust,The Oliver R. Grace,1
Boillot Family Trust,Jr. Millennium Trust,1
Boillot Family Trust,SF Capital Investments LP,1
Russell M Byrne,The Oliver R. Grace,1
Jr. Millennium Trust,Russell M Byrne,1
Russell M Byrne,SF Capital Investments LP,1
Jr. Millennium Trust,The Oliver R. Grace,1
SF Capital Investments LP,The Oliver R. Grace,1
Jr. Millennium Trust,SF Capital Investments LP,1
Rajan Anandan,Social Alpha,1
Rajeev Ahuja,Social Alpha,1
Kshitij Arora,Social Alpha,1
Rajan Anandan,Rajeev Ahuja,1
Kshitij Arora,Rajan Anandan,1
Kshitij Arora,Rajeev Ahuja,1
Riverwood Capital,Sequoia Capital India,1
Nexus Venture Partners,Riverwood Capital,1
Riverwood Capital,Tenaya Capital,1
Nexus Venture Partners,Sequoia Capital India,1
Sequoia Capital India,Tenaya Capital,1
Nexus Venture Partners,Tenaya Capital,1
IIT Ropar,Imanpreet Singh Arora,1
IIT Ropar,Sidharth Rozario,1
IIT Ropar,Saurabh Abichandani,1
IIT Ropar,Shikhar Gupta,1
Imanpreet Singh Arora,Sidharth Rozario,1
Imanpreet Singh Arora,Saurabh Abichandani,1
Imanpreet Singh Arora,Shikhar Gupta,1
Saurabh Abichandani,Sidharth Rozario,1
Shikhar Gupta,Sidharth Rozario,1
Saurabh Abichandani,Shikhar Gupta,1
JS Capital Management,Social Capital,1
Horizons Ventures,JS Capital Management,1
Horizons Ventures,Social Capital,1
Raksul,VAMM Ventures,1
Dena,VAMM Ventures,1
Dena,Raksul,1
PBS Srinivas,Vinod Martin,1
C31 Ventures,Sistema Asia Fund,1
Qualgro.,Sistema Asia Fund,1
C31 Ventures,Qualgro.,1
Accel Partners,Kalaari Capital,3
Accel Partners,\\xc2\\xa0 UC-RNT fund,1
IDG Ventures,Kalaari Capital,2
IDG Ventures,\\xc2\\xa0 UC-RNT fund,1
Kalaari Capital,\\xc2\\xa0 UC-RNT fund,1
Capier Investments,"idal Health, growx ventures",1
Globevestor & others,"idal Health, growx ventures",1
Capier Investments,Globevestor & others,1
Sequoia India,Sofina s.a.,1
Sequoia India,Zodius Capital,1
Kris Gopalakrishnan,Sequoia India,1
Lakshmi Narayanan,Sequoia India,1
Sofina s.a.,Zodius Capital,1
Kris Gopalakrishnan,Sofina s.a.,1
Lakshmi Narayanan,Sofina s.a.,1
Kris Gopalakrishnan,Zodius Capital,1
Lakshmi Narayanan,Zodius Capital,1
Kris Gopalakrishnan,Lakshmi Narayanan,1
Infuse Ventures,JLL,1
Asset Management (Asia) Ltd,Digital Garage Inc,1
Kalaari Capital,Nexus India Capital Advisors,1
International Finance Corporation,Rocketship,1
Accel Partners,International Finance Corporation,1
International Finance Corporation,Jungle Ventures,1
International Finance Corporation,Shailesh Rao,1
International Finance Corporation,Venture Highway,1
Accel Partners,Rocketship,1
Jungle Ventures,Rocketship,1
Rocketship,Shailesh Rao,1
Rocketship,Venture Highway,1
Accel Partners,Jungle Ventures,2
Accel Partners,Shailesh Rao,1
Accel Partners,Venture Highway,1
Jungle Ventures,Shailesh Rao,1
Jungle Ventures,Venture Highway,1
Shailesh Rao,Venture Highway,1
Blume Ventures,Contrarian Capital India Partners,1
Blume Ventures,Emergent Ventures India,1
Blume Ventures,Pallav Nadhani,1
Ashish Gupta,Blume Ventures,1
Blume Ventures,Sharad Sharma,1
Blume Ventures,Sirion Labs,1
Contrarian Capital India Partners,Emergent Ventures India,1
Contrarian Capital India Partners,Pallav Nadhani,1
Ashish Gupta,Contrarian Capital India Partners,1
Contrarian Capital India Partners,Sharad Sharma,1
Contrarian Capital India Partners,Sirion Labs,1
Emergent Ventures India,Pallav Nadhani,1
Ashish Gupta,Emergent Ventures India,1
Emergent Ventures India,Sharad Sharma,1
Emergent Ventures India,Sirion Labs,1
Ashish Gupta,Pallav Nadhani,1
Pallav Nadhani,Sharad Sharma,1
Pallav Nadhani,Sirion Labs,1
Ashish Gupta,Sharad Sharma,1
Ashish Gupta,Sirion Labs,1
Sharad Sharma,Sirion Labs,1
India Quotient,Shunwei Capital,1
Sreeram Iyer,Suvo Sarkar,1
Anita Gupta,Sreeram Iyer,1
Likemind Ventures,Sreeram Iyer,1
Anita Gupta,Suvo Sarkar,1
Likemind Ventures,Suvo Sarkar,1
Anita Gupta,Likemind Ventures,1
Sourav Ganguly,Venture Catalysts,1
Ankit Aditya,Venture Catalysts,1
Moksh Sports Ventures,Venture Catalysts,1
Ankit Aditya,Sourav Ganguly,1
Moksh Sports Ventures,Sourav Ganguly,1
Ankit Aditya,Moksh Sports Ventures,1
Apurva Salarpuria,Fireside Ventures,1
Fireside Ventures,Sidharth Pansari,1
Fireside Ventures,Sprout Capital,1
Apurva Salarpuria,Sidharth Pansari,1
Apurva Salarpuria,Sprout Capital,1
Sidharth Pansari,Sprout Capital,1
Bessemer Venture Partners,SBI-FMO Fund,1
Catamaran Ventures,SBI-FMO Fund,1
Bessemer Venture Partners,Catamaran Ventures,1
Corvus Ventures,MAPE Advisory Group,2
500 Startups,Purvi Capital,1
500 Startups,Rajan Anandan,2
500 Startups,Abhishek Gupta,1
Purvi Capital,Rajan Anandan,1
Abhishek Gupta,Purvi Capital,1
Abhishek Gupta,Rajan Anandan,1
Brigade Innovations LLP,TV Mohandas Pai,1
Brigade Innovations LLP,Suhail Rahman,1
Bobby Reddy,Brigade Innovations LLP,1
Brigade Innovations LLP,M George Oommen,1
Suhail Rahman,TV Mohandas Pai,1
Bobby Reddy,TV Mohandas Pai,1
M George Oommen,TV Mohandas Pai,1
Bobby Reddy,Suhail Rahman,1
M George Oommen,Suhail Rahman,1
Bobby Reddy,M George Oommen,1
Grey Orange,Sequoia Capital,1
Rajesh Ramaiah,Sequoia Capital,1
Anshuman Das,Sequoia Capital,1
Rishi Das,Sequoia Capital,1
Grey Orange,Rajesh Ramaiah,1
Anshuman Das,Grey Orange,1
Grey Orange,Rishi Das,1
Anshuman Das,Rajesh Ramaiah,1
Rajesh Ramaiah,Rishi Das,1
Anshuman Das,Rishi Das,1
IDG Ventures India Advisors,Jungle Ventures,1
Amaya Capital LLP,Uber Technologies Inc,1
Renaud Laplanche,ain Capital Ventures,1
Kae Capital,M&S Partners,1
Subramani Somasundaram,Sundeep Sahni,1
Mayank Mittal & Others,Subramani Somasundaram,1
Mayank Mittal & Others,Sundeep Sahni,1
Harmeet Bajaj,Pameela P,1
Fusiontech Ventures & Others,Harmeet Bajaj,1
Fusiontech Ventures & Others,Pameela P,1
Aditya Singh,Sunil Kalra,1
Rishi Srivastava,Sunil Kalra,1
Rajan Anandan,Sunil Kalra,3
Aditya Singh,Rishi Srivastava,1
Aditya Singh,Rajan Anandan,1
Rajan Anandan,Rishi Srivastava,1
Blume Ventures,NB Ventures,1
Blume Ventures,Nspira,1
NB Ventures,Nspira,1
Anand Mahindra,Indian Angel Network,1
HBM Healthcare Investments,Maverick Capital Ventures,1
HBM Healthcare Investments,Sequoia India,1
HBM Healthcare Investments,Omidyar Network and Kae Capital,1
Maverick Capital Ventures,Sequoia India,1
Maverick Capital Ventures,Omidyar Network and Kae Capital,1
Omidyar Network and Kae Capital,Sequoia India,1
Grace Grace Techno Ventures LLP,Rajul Garg & Other undisclosed investors,1
Horseferry,lockchain ecosystem Global Advisors,1
Blume Ventures,Kunal Shah,1
Blume Ventures,Sandeep Tandon,2
Indian Angel Network,Kunal Shah,1
Indian Angel Network,Sandeep Tandon,1
Kunal Shah,Sandeep Tandon,11
Arun Patodia,Bharat Kedia,1
500 Startups,IvyCap Ventures,1
Farhan Naqvi,Harsh Mahajan,1
Harsh Mahajan,Sreepathy Viswanathan,1
Farhan Naqvi,Sreepathy Viswanathan,1
Mohan Alexander,R. Natarajan,1
Mohan Alexander,Vikrant Varshney,1
Amit Sinha,Mohan Alexander,1
R. Natarajan,Vikrant Varshney,1
Amit Sinha,R. Natarajan,1
Amit Sinha,Vikrant Varshney,1
Nirmal Singh,Pawan Borle,1
Manish Prasad,Pawan Borle,1
Pawan Borle,Vineet Varma,1
Nick Haulkoury,Pawan Borle,1
Abhai S. Rao,Pawan Borle,1
Manish Prasad,Nirmal Singh,1
Nirmal Singh,Vineet Varma,1
Nick Haulkoury,Nirmal Singh,1
Abhai S. Rao,Nirmal Singh,1
Manish Prasad,Vineet Varma,1
Manish Prasad,Nick Haulkoury,1
Abhai S. Rao,Manish Prasad,1
Nick Haulkoury,Vineet Varma,1
Abhai S. Rao,Vineet Varma,1
Abhai S. Rao,Nick Haulkoury,1
Dr Ramesh Ayyala,Satya Muthyala,1
Cao Yibin,Huang Wei,1
Cao Yibin,Madhusudan E,1
Huang Wei,Madhusudan E,1
Unicorn India Ventures,Venky Krishnakumar,1
Suresh Shankar,Unicorn India Ventures,1
Unicorn India Ventures,Vivek Bhargava,1
Suresh Shankar,Venky Krishnakumar,1
Venky Krishnakumar,Vivek Bhargava,1
Suresh Shankar,Vivek Bhargava,1
Real Time Ventures,Venture Catalysts,1
Alfa Capital,Real Time Ventures,1
Green Shots Capital,Real Time Ventures,1
Artha India Ventures,Singularity Holdings,1
Artha India Ventures,Rajan Anandan,1
Artha India Ventures,Girish Mathrubootham,1
Rajan Anandan,Singularity Holdings,1
Girish Mathrubootham,Singularity Holdings,1
Girish Mathrubootham,Rajan Anandan,2
Founders Fund,Nexus Venture Partners,1
Nexus Venture Partners,Omidyar Network,1
NEA,Sequoia India,1
Prime Venture Partners,Sequoia India,1
NEA,Prime Venture Partners,1
Mekin Maheshwari,Nexus Venture Partners,1
Cross Border Angels & Experts,Rajasthan Angel Innovators Network,1
Cross Border Angels & Experts,The Chennai Angels,1
Rajasthan Angel Innovators Network,The Chennai Angels,1
Endiya Partners,Lightspeed India Partners,1
3one4 Capital Advisors LLP,Lightspeed India Partners,1
Lightspeed India Partners,Startupxseed Ventures LLP,1
3one4 Capital Advisors LLP,Endiya Partners,1
Endiya Partners,Startupxseed Ventures LLP,1
3one4 Capital Advisors LLP,Startupxseed Ventures LLP,1
IIFL Seed Ventures,Kae Capital,1
FJ Labs,IIFL Seed Ventures,1
IIFL Seed Ventures,Singularity Ventures,1
GrowX,IIFL Seed Ventures,1
IIFL Seed Ventures,Tracxn Labs,1
Axis Capital,IIFL Seed Ventures,1
FJ Labs,Kae Capital,1
Axis Capital,Kae Capital,1
FJ Labs,Singularity Ventures,1
FJ Labs,GrowX,1
FJ Labs,Tracxn Labs,1
Axis Capital,FJ Labs,1
Axis Capital,Singularity Ventures,1
Axis Capital,GrowX,1
Axis Capital,Tracxn Labs,1
Manipal Education and Medical Group (MEMG),SAR Group,1
Manipal Education and Medical Group (MEMG),The Grover Trust,1
SAR Group,The Grover Trust,1
"Matrix Partners, alcon Edge Capital",UC-RNT Fund,1
DSG Consumer Partners,UC-RNT Fund,1
DSG Consumer Partners,"Matrix Partners, alcon Edge Capital",1
Founder Collective,General Catalyst,1
Bharat Vijay,Mekin Maheshwari,1
Krish Seshadri,Mekin Maheshwari,1
Amar Arsikere,Mekin Maheshwari,1
Bharat Vijay,Krish Seshadri,1
Amar Arsikere,Bharat Vijay,1
Amar Arsikere,Krish Seshadri,1
India Quotient,Kae Capital,2
"IFMR, and MAS Financial Services Ltd",Kae Capital,1
"IFMR, and MAS Financial Services Ltd",India Quotient,1
Kishore Ganji,Mohit Srivastav,1
Mohit Srivastav,Venkat Vallabhaneni,1
Mohit Srivastav,Rajeev Menon,1
Kishore Ganji,Venkat Vallabhaneni,1
Kishore Ganji,Rajeev Menon,1
Rajeev Menon,Venkat Vallabhaneni,1
RB International,Seedfund,1
Alto Partners,Snow Leopard Ventures,1
Anthill Scale Ventures,The Chennai Angels,1
Esvee Technologies Inc,The Chennai Angels,1
Inc95 Consulting,The Chennai Angels,1
Anthill Scale Ventures,Esvee Technologies Inc,1
Anthill Scale Ventures,Inc95 Consulting,1
Esvee Technologies Inc,Inc95 Consulting,1
Aparup Sengupta,Devendra Reddy,1
Kalaari Capital,Udayan Goyal,1
SAP.iO,Unilazer Ventures,1
Abhinav Bindra,Gaurav Marya,1
SAIF Partners,Vy Capital,1
Accel Partner,Vy Capital,1
Bessemer Venture Partners,Vy Capital,1
Accel Partner,SAIF Partners,1
Accel Partner,Bessemer Venture Partners,1
Accel Partners,Nandan Nilekani,3
Falcon Edge Capital,\\xc2\\xa0 Capital Advisers,1
Asuka Holdings,YouWeCan Ventures,1
Asuka Holdings,Beenext,1
Asuka Holdings,Beenos,1
Asuka Holdings,M&S Partners,1
Beenext,YouWeCan Ventures,1
Beenos,YouWeCan Ventures,1
M&S Partners,YouWeCan Ventures,1
Beenext,Beenos,5
Beenext,M&S Partners,1
Beenos,M&S Partners,1
ILearnFinance Academy Pvt. Ltd.,Rainbow Digital Services Pvt. Ltd,1
Indian Angels Network,LetsVenture,1
Ajay Relan,LetsVenture,1
C31 Ventures,Vertex Ventures,1
Prathithi Investment Trust,Trifecta Capital Advisors LLP,1
RNT Capital,Trifecta Capital Advisors LLP,1
Gokul Rajaram,Trifecta Capital Advisors LLP,1
Aditya Agarwal,Trifecta Capital Advisors LLP,1
Ruchi Sanghvi & others,Trifecta Capital Advisors LLP,1
Prathithi Investment Trust,RNT Capital,1
Gokul Rajaram,Prathithi Investment Trust,1
Aditya Agarwal,Prathithi Investment Trust,1
Prathithi Investment Trust,Ruchi Sanghvi & others,1
Gokul Rajaram,RNT Capital,1
Aditya Agarwal,RNT Capital,1
RNT Capital,Ruchi Sanghvi & others,1
Aditya Agarwal,Gokul Rajaram,1
Gokul Rajaram,Ruchi Sanghvi & others,1
Aditya Agarwal,Ruchi Sanghvi & others,1
GVFL,Unicorn India Ventures,1
Jonathan Boutelle,Vellayan Subbiah,1
Rajan Anandan,Vellayan Subbiah,1
Vellayan Subbiah,\\xc2\\xa0 Rahul Chawla,1
Salil Donde,Vellayan Subbiah,1
Amit Ranjan,Vellayan Subbiah,1
Govind Rajan & Others,Vellayan Subbiah,1
Jonathan Boutelle,Rajan Anandan,1
Jonathan Boutelle,\\xc2\\xa0 Rahul Chawla,1
Jonathan Boutelle,Salil Donde,1
Amit Ranjan,Jonathan Boutelle,1
Govind Rajan & Others,Jonathan Boutelle,1
Rajan Anandan,\\xc2\\xa0 Rahul Chawla,1
Rajan Anandan,Salil Donde,1
Amit Ranjan,Rajan Anandan,3
Govind Rajan & Others,Rajan Anandan,1
Salil Donde,\\xc2\\xa0 Rahul Chawla,1
Amit Ranjan,\\xc2\\xa0 Rahul Chawla,1
Govind Rajan & Others,\\xc2\\xa0 Rahul Chawla,1
Amit Ranjan,Salil Donde,1
Govind Rajan & Others,Salil Donde,1
Amit Ranjan,Govind Rajan & Others,1
GVFL,Times Internet,1
Surojit Chatterjee,Varsha Rao,1
Nirav Choksi & Others,Varsha Rao,1
Nirav Choksi & Others,Surojit Chatterjee,1
DG Ventures India,Dewan Housing Finance Corp,1
Aakrit Vaish,Swapan Rajdev,1
Aakrit Vaish,Sushill Jiwarajka,1
Sushill Jiwarajka,Swapan Rajdev,1
CCavenue,Infibeam,1
Abu Farhan Azmi,Ayesha Takia Azmi,1
Dheeraj Pandey,Rajesh Yohannan,1
Akash Garg,Dheeraj Pandey,1
Akash Garg,Rajesh Yohannan,1
Ankur Capital,Hyderabad Angels,1
1Crowd,JLL,1
Lightspeed Venture Partners,Vy Capital,1
Nandan Nilekani,Ratan Tata,1
Ratan Tata,Uday Kotak,1
Ratan Tata,Vijay Shekhar Sharma,1
Kiran Mazumdar-Shaw,Ratan Tata,1
Rajiv C Mody,Ratan Tata,1
Nandan Nilekani,Uday Kotak,1
Nandan Nilekani,Vijay Shekhar Sharma,1
Kiran Mazumdar-Shaw,Nandan Nilekani,1
Nandan Nilekani,Rajiv C Mody,1
Uday Kotak,Vijay Shekhar Sharma,1
Kiran Mazumdar-Shaw,Uday Kotak,1
Rajiv C Mody,Uday Kotak,1
Kiran Mazumdar-Shaw,Vijay Shekhar Sharma,1
Rajiv C Mody,Vijay Shekhar Sharma,1
Kiran Mazumdar-Shaw,Rajiv C Mody,1
PV Sahad,Sandeep Shroff,1
PV Sahad,Rahul Gupta,1
Rahul Gupta,Sandeep Shroff,1
Great Oaks Ventures,Soma Capital,1
122 West Ventures,Soma Capital,1
122 West Ventures,Great Oaks Ventures,1
Accel India,Nasper,1
Nasper,SAIF Partners,1
Bessemer Venture Partners,Nasper,1
Harmony Partners,Nasper,1
Nasper,Norwest Venture Partners,1
Accel India,SAIF Partners,1
Accel India,Bessemer Venture Partners,1
Accel India,Harmony Partners,1
Accel India,Norwest Venture Partners,2
Harmony Partners,SAIF Partners,1
Norwest Venture Partners,SAIF Partners,2
Bessemer Venture Partners,Harmony Partners,1
Bessemer Venture Partners,Norwest Venture Partners,1
Harmony Partners,Norwest Venture Partners,1
Lightspeed India Partners,Waterbridge Ventures,1
Florintree Advisors,Mathew Cyriac,1
Helion Venture Partners,Stellaris Venture Partners,1
Powerhouse Ventures,Stellaris Venture Partners,1
Gokul Rajaram,Stellaris Venture Partners,1
Girish Mathrubootham,Stellaris Venture Partners,1
Aneesh Reddy,Stellaris Venture Partners,1
Stellaris Venture Partners,Vispi Daver,1
Helion Venture Partners,Powerhouse Ventures,1
Gokul Rajaram,Helion Venture Partners,1
Girish Mathrubootham,Helion Venture Partners,1
Aneesh Reddy,Helion Venture Partners,1
Helion Venture Partners,Vispi Daver,1
Gokul Rajaram,Powerhouse Ventures,1
Girish Mathrubootham,Powerhouse Ventures,1
Aneesh Reddy,Powerhouse Ventures,1
Powerhouse Ventures,Vispi Daver,1
Girish Mathrubootham,Gokul Rajaram,1
Aneesh Reddy,Gokul Rajaram,1
Gokul Rajaram,Vispi Daver,1
Aneesh Reddy,Girish Mathrubootham,1
Girish Mathrubootham,Vispi Daver,1
Aneesh Reddy,Vispi Daver,1
Kalaari Capital,Norwest Venture Partners,2
Keyur Joshi,Pavan Bakeri,1
Koen Bouwers,Lomesh Agarwal,1
Jeroen Mensen,Koen Bouwers,1
Koen Bouwers,Pablo van den Bosch & Others,1
Jeroen Mensen,Lomesh Agarwal,1
Lomesh Agarwal,Pablo van den Bosch & Others,1
Jeroen Mensen,Pablo van den Bosch & Others,1
Deepak Kulkarni,Sandeep Pangal,1
Blume Ventures,FreakOut Group,1
FreakOut Group,Herb Madan,1
FreakOut Group,WaterBridge Ventures,1
Blume Ventures,Herb Madan,1
Blume Ventures,WaterBridge Ventures,1
Herb Madan,WaterBridge Ventures,1
Eight Roads Ventures,Mahindra Partners,1
F-Prime Capital Partners,Mahindra Partners,1
Eight Roads Ventures,F-Prime Capital Partners,2
Accel Partners,Shunwei Capital,1
Farhaan Shabbir,Ishwar Singh,1
Bessemer Venture Partners,Orios Venture Partners,1
Bessemer Venture Partners,Trifecta Capital,1
Orios Venture Partners,Trifecta Capital,1
Blume Ventures,Lightspeed India Partners,1
CyberAgent Ventures,Lightspeed India Partners,1
GrowX Ventures,Lightspeed India Partners,1
IMJ Investment Partners,Lightspeed India Partners,1
Blume Ventures,CyberAgent Ventures,1
Blume Ventures,GrowX Ventures,1
Blume Ventures,IMJ Investment Partners,1
CyberAgent Ventures,GrowX Ventures,1
CyberAgent Ventures,IMJ Investment Partners,1
GrowX Ventures,IMJ Investment Partners,1
L.D Sharma,Rajan Anandan,1
Rajan Anandan,Saurabh Arora,1
L.D Sharma,Saurabh Arora,1
Accel Partners,Nandan Nilekani\\xe2\\x80\\x99s NRJN Trust,1
Accel Partners,Mistletoe,1
Accel Partners,Qualcomm Ventures,4
Accel Partners,M&S Partners,2
Mistletoe,Nandan Nilekani\\xe2\\x80\\x99s NRJN Trust,1
Nandan Nilekani\\xe2\\x80\\x99s NRJN Trust,Qualcomm Ventures,1
M&S Partners,Nandan Nilekani\\xe2\\x80\\x99s NRJN Trust,1
Mistletoe,Qualcomm Ventures,1
M&S Partners,Mistletoe,2
M&S Partners,Qualcomm Ventures,2
Sandeep Singh,Sushil Kumar,1
Ivycap Ventures Advisors,Singularity Ventures and Ravi Dhariwal,1
Mayfield,Nishant Rao,1
Dileep Nath,Mayfield,1
Dileep Nath,Nishant Rao,1
DHI Group Inc,Prime Venture Partners,1
Beenext,DHI Group Inc,1
Beenos,DHI Group Inc,1
DHI Group Inc,Digital Garage,1
BizReach,DHI Group Inc,1
Beenext,Prime Venture Partners,1
Beenos,Prime Venture Partners,1
Digital Garage,Prime Venture Partners,1
BizReach,Prime Venture Partners,1
Beenext,Digital Garage,4
Beenext,BizReach,1
Beenos,Digital Garage,4
Beenos,BizReach,1
BizReach,Digital Garage,1
Blume Ventures,Contrarian Capital,1
91springboard,Blume Ventures,1
Blume Ventures,Emergent Ventures,1
Abstract Ventures,Blume Ventures,1
Anthill Ventures,Blume Ventures,1
Axilor Ventures,Blume Ventures,1
91springboard,Contrarian Capital,1
Contrarian Capital,Emergent Ventures,1
Abstract Ventures,Contrarian Capital,1
Anthill Ventures,Contrarian Capital,1
Axilor Ventures,Contrarian Capital,1
91springboard,Emergent Ventures,1
91springboard,Abstract Ventures,1
91springboard,Anthill Ventures,1
91springboard,Axilor Ventures,1
Abstract Ventures,Emergent Ventures,1
Anthill Ventures,Emergent Ventures,1
Axilor Ventures,Emergent Ventures,2
Abstract Ventures,Anthill Ventures,1
Abstract Ventures,Axilor Ventures,1
Anthill Ventures,Axilor Ventures,1
MAPE Advisory Group,R Ramaraj,1
Corvus Ventures,R Ramaraj,1
Mountain Pine Capital,Tolaram Inc,1
Anandbir Singh,Nibhrant Shah,1
Anirudh Sheth,Nibhrant Shah,1
Nibhrant Shah,Pratik Singhi,1
Nibhrant Shah,Vikram Mehta,1
Murali Nair,Nibhrant Shah,1
Anandbir Singh,Anirudh Sheth,1
Anandbir Singh,Pratik Singhi,1
Anandbir Singh,Vikram Mehta,1
Anandbir Singh,Murali Nair,1
Anirudh Sheth,Pratik Singhi,1
Anirudh Sheth,Vikram Mehta,1
Anirudh Sheth,Murali Nair,1
Pratik Singhi,Vikram Mehta,1
Murali Nair,Pratik Singhi,1
Murali Nair,Vikram Mehta,1
Gaurav Kachru,Sundeep Singh Sahni,1
Gaurav Kachru,Jatin Aneja,1
Arun Malhotra,Gaurav Kachru,1
Jatin Aneja,Sundeep Singh Sahni,1
Arun Malhotra,Sundeep Singh Sahni,1
Arun Malhotra,Jatin Aneja,1
Kalaari Capital,SIDBI Venture Capital Ltd,1
Ravi Garikipati,Surot Chatterjee,1
Ashish Agrawal,Ravi Garikipati,1
LG Chandrasekhar,Ravi Garikipati,1
Ravi Garikipati,Sashi Reddi,1
Ashish Agrawal,Surot Chatterjee,1
LG Chandrasekhar,Surot Chatterjee,1
Sashi Reddi,Surot Chatterjee,1
Ashish Agrawal,LG Chandrasekhar,1
Ashish Agrawal,Sashi Reddi,1
LG Chandrasekhar,Sashi Reddi,1
Lightbox Expansion Fund,Ligthbox Ventures II,1
Ligthbox Ventures II,Sequoia Capital India,1
Ligthbox Ventures II,RuNet South Asia,1
Ligthbox Ventures II,RB Investments,1
Lightbox Expansion Fund,Sequoia Capital India,1
Lightbox Expansion Fund,RuNet South Asia,1
Lightbox Expansion Fund,RB Investments,1
RuNet South Asia,Sequoia Capital India,1
RB Investments,Sequoia Capital India,1
RB Investments,RuNet South Asia,1
Lightspeed Venture Partners,SoftBank Vision Fund,1
Sequoia Capital India Advisors,SoftBank Vision Fund,1
Greenoaks Capital Partners,SoftBank Vision Fund,1
Lightspeed Venture Partners,Sequoia Capital India Advisors,1
Greenoaks Capital Partners,Lightspeed Venture Partners,1
Greenoaks Capital Partners,Sequoia Capital India Advisors,1
Axilor Ventures,pi Ventures,1
500 Startups,pi Ventures,1
Binny Bansal,pi Ventures,1
500 Startups,Axilor Ventures,1
Axilor Ventures,Binny Bansal,1
500 Startups,Binny Bansal,1
Aditya Verma,Arun Tadanki,1
Matrix Partners,Times Internet,1
Orios Ventures Partners,Team Builder Ventures,1
Omidyar Networks,Orios Ventures Partners,1
Omidyar Networks,Team Builder Ventures,1
Agnus Capital,Khattar Holdings,1
Augment Ventures,Calcutta Angels Network (CAN),1
Harsh Kundra,Vishwadeep Bajaj,1
Nandkumar Rane,Vishwadeep Bajaj,1
LN Buddharaju,Vishwadeep Bajaj,1
Anupam Tyagi,Vishwadeep Bajaj,1
Harsh Kundra,Nandkumar Rane,1
Harsh Kundra,LN Buddharaju,1
Anupam Tyagi,Harsh Kundra,1
LN Buddharaju,Nandkumar Rane,1
Anupam Tyagi,Nandkumar Rane,1
Anupam Tyagi,LN Buddharaju,1
F-Prime Capital Partners,Ventureast,1
Endiya Partners,F-Prime Capital Partners,1
Chandigarh Angels Network,Social Alpha and other unnamed angel investors,1
Bhupen Shah,Jayesh Parekh,1
Bhupen Shah,Sanjay Sathe,1
Jayesh Parekh,Sanjay Sathe,1
Gautam Chhaochharia,Sandeep Aggarwal,1
R Balachandar,Sandeep Aggarwal,1
Gautam Chhaochharia,R Balachandar,1
Bennett,Coleman and Company Ltd,2
Aneesh Seth,Tushar Mittal,1
IDG Ventures India,Michael & Susan Dell Foundation,1
Draper Associates,IDG Ventures India,1
IDG Ventures India,Unitus Seed Fund,1
Draper Associates,Michael & Susan Dell Foundation,1
Michael & Susan Dell Foundation,Unitus Seed Fund,2
Draper Associates,Unitus Seed Fund,1
Axilor Ventures,IDG ventures,1
Emergent Ventures,IDG ventures,1
IDG ventures,Indian Angel Network,1
Axilor Ventures,Indian Angel Network,2
Emergent Ventures,Indian Angel Network,1
Kae Capital,SEGNEL Ventures,1
Asuka,Pravega Ventures,1
Asuka,BEENEXT,1
BEENEXT,Pravega Ventures,1
Florintree,Mathew Cyriac,1
Chidambaram Palaniappan,Florintree,1
Bharat Sheth,Florintree,1
Chidambaram Palaniappan,Mathew Cyriac,1
Bharat Sheth,Mathew Cyriac,1
Bharat Sheth,Chidambaram Palaniappan,1
Blume Ventures,IDG Ventures,1
IDG Ventures,Saha Fund,1
Blume Ventures,Saha Fund,1
Nimitt Desai & Others,Puneet Gupta,1
GREE Ventures,Kalaari Capital and IDG Ventures India,1
GREE Ventures,Summit Media,1
"Atul Goel, and Gurpreet Singh",GREE Ventures,1
Kalaari Capital and IDG Ventures India,Summit Media,1
"Atul Goel, and Gurpreet Singh",Kalaari Capital and IDG Ventures India,1
"Atul Goel, and Gurpreet Singh",Summit Media,1
Bhupender Singh,Sujeet Kumar,1
Sujeet Kumar,Yashish Dhaiya,1
Bhupender Singh,Yashish Dhaiya,1
"Microsoft, eBay",Tencent Holdings,1
Kalaari Capital,Rakesh and Rajesh Jhunjhunwala,1
Nandu Nandkishore,Shripad Nadkarni,1
Ravi Saxena,Sandeep Raju,1
Kinzon Capital,Sequoia Capital,1
FTV Capital,Zodius Capital,1
Mahavir Sharma,Vishal Jain,1
Mahavir Sharma,Rohit Sethi,1
Gaurav Luniya,Mahavir Sharma,1
Rohit Sethi,Vishal Jain,1
Gaurav Luniya,Vishal Jain,1
Gaurav Luniya,Rohit Sethi,1
Carlyle Group,Tiger Global,1
Amit Kharbanda,Vikas Bajaj,1
Ankit Gupta,Puneet Motihar,1
3one4 Capital,Mayfield India,1
Mayfield India,Sistema Asia Fund,1
Mayfield India,Neoplux Technology Fund,1
3one4 Capital,Sistema Asia Fund,1
3one4 Capital,Neoplux Technology Fund,1
Neoplux Technology Fund,Sistema Asia Fund,1
Hemant Kaul,Vinod Martin,1
Prof. Ram Kumar Kakani & Others,Vinod Martin,1
Hemant Kaul,Prof. Ram Kumar Kakani & Others,1
JSW Ventures,VenturEast,1
Meher Roy,Nikhil Arora,1
Meet Kanodia,Meher Roy,1
Krit Sankalp,Meher Roy,1
Meher Roy,Nitish Singh,1
Meher Roy,Risabh Gupta,1
Meet Kanodia,Nikhil Arora,1
Krit Sankalp,Nikhil Arora,1
Nikhil Arora,Nitish Singh,1
Nikhil Arora,Risabh Gupta,1
Krit Sankalp,Meet Kanodia,1
Meet Kanodia,Nitish Singh,1
Meet Kanodia,Risabh Gupta,1
Krit Sankalp,Nitish Singh,1
Krit Sankalp,Risabh Gupta,1
Nitish Singh,Risabh Gupta,1
Malini Patel,Stelcore Management Services,1
Anjani Prasad,Malini Patel,1
Anjani Prasad,Stelcore Management Services,1
LetsVenture,Satveer Thakral,1
Mumbai Angels,Satveer Thakral,1
LetsVenture,Mumbai Angels,4
B Capital Group,Ignition Partners,1
B Capital Group,"Greycroft, e.ventures",1
B Capital Group,\\xc2\\xa0 Eight Roads Ventures,1
"Greycroft, e.ventures",Ignition Partners,1
Ignition Partners,\\xc2\\xa0 Eight Roads Ventures,1
"Greycroft, e.ventures",\\xc2\\xa0 Eight Roads Ventures,1
Gyanendra Singh,Satya D Sinha,1
Batlivala & Karani Securities,Venture Works,1
RB Investments,SAIF Partners,1
Bessemer Venture Partners,RB Investments,1
Blume Ventures,pi Ventures,1
Japan Vyas,Tarun Adlakha,1
Amereus Group,Sistema Asia Fund,1
Helion Ventures,Sistema Asia Fund,1
Amereus Group,Helion Ventures,1
Accel Partners,Axilor Partners,1
"Endiya Partners, pi Ventures",IDG Ventures,1
IDG Ventures,VH Capital,1
Axilor Partners,IDG Ventures,1
Axilor Partners,"Endiya Partners, pi Ventures",1
Axilor Partners,VH Capital,1
Lumis Partners,Vertex Ventures,1
Goldman Sachs,Kleiner Perkins,1
Kleiner Perkins,Pine Brook,1
Goldman Sachs,Pine Brook,1
Girish Mathrubootham,Mahalingam K,1
Rajan Anandan,Vijay Shekhar Sharma,1
Kunal Shah,Vijay Shekhar Sharma,2
Girish Mathrubootham,Vijay Shekhar Sharma,1
Punit Soni,Vijay Shekhar Sharma,1
Anand Chandrasekaran,Vijay Shekhar Sharma,1
Sunil Kalra,Vijay Shekhar Sharma,1
Utsav Somani,Vijay Shekhar Sharma,1
Vijay Shekhar Sharma,Vishal Gondal,3
Vijay Shekhar Sharma,Vikram Limaye,1
Kunal Shah,Rajan Anandan,1
Punit Soni,Rajan Anandan,1
Anand Chandrasekaran,Rajan Anandan,1
Rajan Anandan,Utsav Somani,1
Rajan Anandan,Vishal Gondal,1
Rajan Anandan,Vikram Limaye,1
Girish Mathrubootham,Kunal Shah,1
Kunal Shah,Punit Soni,1
Anand Chandrasekaran,Kunal Shah,1
Kunal Shah,Sunil Kalra,1
Kunal Shah,Utsav Somani,1
Kunal Shah,Vishal Gondal,2
Kunal Shah,Vikram Limaye,1
Girish Mathrubootham,Punit Soni,1
Anand Chandrasekaran,Girish Mathrubootham,2
Girish Mathrubootham,Sunil Kalra,1
Girish Mathrubootham,Utsav Somani,1
Girish Mathrubootham,Vishal Gondal,1
Girish Mathrubootham,Vikram Limaye,1
Anand Chandrasekaran,Punit Soni,1
Punit Soni,Sunil Kalra,1
Punit Soni,Utsav Somani,1
Punit Soni,Vishal Gondal,1
Punit Soni,Vikram Limaye,1
Anand Chandrasekaran,Sunil Kalra,1
Anand Chandrasekaran,Utsav Somani,1
Anand Chandrasekaran,Vishal Gondal,1
Anand Chandrasekaran,Vikram Limaye,1
Sunil Kalra,Utsav Somani,1
Sunil Kalra,Vishal Gondal,1
Sunil Kalra,Vikram Limaye,1
Utsav Somani,Vishal Gondal,1
Utsav Somani,Vikram Limaye,1
Vikram Limaye,Vishal Gondal,1
PayU,Ribbit Capital,1
Omidyar Network,PayU,1
Omidyar Network,Ribbit Capital,1
Kalaari Capital Partners,Qualcomm,1
3ONE4 Capital Advisors,Kalaari Capital Partners,1
Kalaari Capital Partners,UC-RNT,1
3ONE4 Capital Advisors,Qualcomm,1
Qualcomm,UC-RNT,1
3ONE4 Capital Advisors,UC-RNT,1
Aprameya Radhakrishna,Deepak Natraj,1
Aprameya Radhakrishna,Girish Mathrubootham,2
Aprameya Radhakrishna,Mahesh Murthy,1
Aprameya Radhakrishna,Pallav Nadhani,1
Aprameya Radhakrishna,Pavan Ongole,2
Aprameya Radhakrishna,Sandeep Mathur,1
Aprameya Radhakrishna,Vijay Shekhar Sharma & Others,1
Deepak Natraj,Girish Mathrubootham,1
Deepak Natraj,Mahesh Murthy,1
Deepak Natraj,Pallav Nadhani,1
Deepak Natraj,Pavan Ongole,1
Deepak Natraj,Sandeep Mathur,1
Deepak Natraj,Vijay Shekhar Sharma & Others,1
Girish Mathrubootham,Mahesh Murthy,1
Girish Mathrubootham,Pallav Nadhani,1
Girish Mathrubootham,Pavan Ongole,1
Girish Mathrubootham,Sandeep Mathur,1
Girish Mathrubootham,Vijay Shekhar Sharma & Others,1
Mahesh Murthy,Pallav Nadhani,1
Mahesh Murthy,Pavan Ongole,1
Mahesh Murthy,Sandeep Mathur,1
Mahesh Murthy,Vijay Shekhar Sharma & Others,1
Pallav Nadhani,Pavan Ongole,1
Pallav Nadhani,Sandeep Mathur,1
Pallav Nadhani,Vijay Shekhar Sharma & Others,1
Pavan Ongole,Sandeep Mathur,1
Pavan Ongole,Vijay Shekhar Sharma & Others,1
Sandeep Mathur,Vijay Shekhar Sharma & Others,1
Kalaari Capital,SAIF Partners,3
Kalaari Capital,Steadview Capital,2
Kalaari Capital,Sequoia Capital,3
SAIF Partners,Steadview Capital,2
SAIF Partners,Sequoia Capital,5
Sequoia Capital,Steadview Capital,2
Konglo Ventures,White Unicorn Ventures,1
Konglo Ventures,LetsVenture,1
LetsVenture,White Unicorn Ventures,1
Bennett,Coleman and Co. Ltd (BCCL),1
IMM Investment,Softbank Ventures Korea,1
BEENEXT,Indian Angel Network (IAN),1
Indian Angel Network (IAN),The Chennai Angels,1
Indian Angel Network (IAN),Sunil Munjal,1
BEENEXT,The Chennai Angels,1
BEENEXT,Sunil Munjal,1
Sunil Munjal,The Chennai Angels,1
Kunal Shah,Nitin Saluja,1
Gagan Goyal,Kunal Shah,1
Nitin Saluja,Sandeep Tandon,1
Gagan Goyal,Sandeep Tandon,1
Gagan Goyal,Nitin Saluja,1
Pankaj Rungta,Yogesh Agarwal,1
Ashish Gupta,Chandigarh Angels,1
Chandigarh Angels,Rohit,1
Ashish Chand,Chandigarh Angels,1
Chandigarh Angels,Sunil Singh & Others,1
Ashish Gupta,Rohit,1
Ashish Chand,Ashish Gupta,1
Ashish Gupta,Sunil Singh & Others,1
Ashish Chand,Rohit,1
Rohit,Sunil Singh & Others,1
Ashish Chand,Sunil Singh & Others,1
Brand Capital,Paragon Trust,1
IFC,Sands Capital,1
Accel Partners,Sands Capital,1
Flipkart,Sands Capital,1
Sands Capital,Sanjiv Rangrass,1
Accel Partners,IFC,1
Flipkart,IFC,1
IFC,Sanjiv Rangrass,1
Accel Partners,Flipkart,4
Accel Partners,Sanjiv Rangrass,1
Flipkart,Sanjiv Rangrass,1
TV Mohandas Pai,V Balakrishnan,1
PV Srinivasan,TV Mohandas Pai,1
PV Srinivasan,V Balakrishnan,1
Anand Chandrasekaran,Rajiv Mehta,1
Anand Chandrasekaran,Ramakant Sharma,1
Rajiv Mehta,Ramakant Sharma,1
Marico Innovation Foundation (MIF),Villgro,1
India Nivesh Growth Fund,Sixth Sense,1
India Nivesh Growth Fund,TCI Ventures,1
Sixth Sense,TCI Ventures,1
Mayfield India,Trifecta Capital,1
Vedanta Capital,William Campbell,1
Toos N Daruvala,Vedanta Capital,1
Toos N Daruvala,William Campbell,1
Evan Lim,Vinod Martin,1
Kanchan Ghoshal,Vinod Martin,1
Ram Kumar Kakani,Vinod Martin,1
Evan Lim,Kanchan Ghoshal,1
Evan Lim,Ram Kumar Kakani,1
Kanchan Ghoshal,Ram Kumar Kakani,1
Karan Chellani,Zishaan Hayath,1
Mohit Satyan,Zishaan Hayath,1
Karan Chellani,Mohit Satyan,1
Endiya Partners,IDG Ventures,1
Andre Hoffman,Lohia Group,1
Blume Ventures,Girish Mathrubootham,1
Aprameya Radhakrishna,Blume Ventures,3
Blume Ventures,Nexus Venture Partners,3
Axilor Ventures,Parampara Early Stage Opportunities Fund & Others,1
Harsh V. Pant,Ratheesh Raveendran,1
Innoven Capital,Nexus Venture Partners,1
Menterra Social Impact Fund,Unitus Seed Fund,1
Tencent,\\xc2\\xa0 ru-Net,1
RSI Fund,Tencent,1
Tencent,Thrive Capital,1
RSI Fund,\\xc2\\xa0 ru-Net,1
Thrive Capital,\\xc2\\xa0 ru-Net,1
RSI Fund,Thrive Capital,1
Ajith Nair,Anish K,1
Amajit Gupta,Praveen Dubey,1
Amajit Gupta,J.P. Bhatt,1
J.P. Bhatt,Praveen Dubey,1
Fireside Ventures,Mumbai Angels Network,1
Mumbai Angels Network,Singapore Angel Network,1
Fireside Ventures,Singapore Angel Network,1
Indian Angel Network,Native Angels Network,1
CapitalG,Sequoia India,1
Blume Ventures,Iron Pillar and IIFL,1
Iron Pillar and IIFL,Omidyar Network,1
GMO Japan,Neelesh Bhatnagar,1
Rajan Anandan,Sharad Sharma,2
Sharad Sharma,\\xc2\\xa0 Amit Ranjan,1
Alok Mittal & others,Sharad Sharma,1
Rajan Anandan,\\xc2\\xa0 Amit Ranjan,1
Alok Mittal & others,Rajan Anandan,1
Alok Mittal & others,\\xc2\\xa0 Amit Ranjan,1
Senovo,Unternehmertum Venture Capital,1
Alexander Bruehl,Senovo,1
Alexander Bruehl,Unternehmertum Venture Capital,1
Puthen & Cole,Rajesh Yohannan,1
Grace Capital Ventures,SQue Capital,1
SQue Capital,Soham Vencaps,1
Grace Capital Ventures,Soham Vencaps,1
American Express Ventures,DSG Consumer Partners,1
Cyber Carrier VC,DSG Consumer Partners,1
AdvantEdge Partners,DSG Consumer Partners,1
American Express Ventures,Cyber Carrier VC,1
AdvantEdge Partners,American Express Ventures,1
AdvantEdge Partners,Cyber Carrier VC,1
GEMs Advisory,Quarizon,1
Ajith Sukumaran,Currae Healthtech Fund,1
LetsVenture,The Chennai Angels,1
Mohan Kumar,V. Balakrishnan,1
MJ Aravind,Venk Krishnan,1
Venk Krishnan,Vikram Kotak,1
Jayant Davar,Venk Krishnan,1
Venk Krishnan,\\xc2\\xa0 Ramkumar Nishtal,1
Arjun Sharmaa,Venk Krishnan,1
MJ Aravind,Vikram Kotak,1
Jayant Davar,MJ Aravind,1
MJ Aravind,\\xc2\\xa0 Ramkumar Nishtal,1
Arjun Sharmaa,MJ Aravind,1
Jayant Davar,Vikram Kotak,1
Vikram Kotak,\\xc2\\xa0 Ramkumar Nishtal,1
Arjun Sharmaa,Vikram Kotak,1
Jayant Davar,\\xc2\\xa0 Ramkumar Nishtal,1
Arjun Sharmaa,Jayant Davar,1
Arjun Sharmaa,\\xc2\\xa0 Ramkumar Nishtal,1
Appliyifi,Calcutta Angel Network,1
Ashvin Chadha,Siddhartha Gupta,1
India Quotient,Rajul Garg,1
India Quotient,Rajesh Yabaji,1
Chanakya Hridaya,India Quotient,1
India Quotient,Ramasubramaniam B,1
India Quotient,Vishwanathan,1
India Quotient,Nobel House,1
India Quotient,Sunstone Capital,1
Rajesh Yabaji,Rajul Garg,1
Chanakya Hridaya,Rajul Garg,1
Rajul Garg,Ramasubramaniam B,1
Rajul Garg,Vishwanathan,1
Nobel House,Rajul Garg,1
Rajul Garg,Sunstone Capital,1
Chanakya Hridaya,Rajesh Yabaji,1
Rajesh Yabaji,Ramasubramaniam B,1
Rajesh Yabaji,Vishwanathan,1
Nobel House,Rajesh Yabaji,1
Rajesh Yabaji,Sunstone Capital,1
Chanakya Hridaya,Ramasubramaniam B,1
Chanakya Hridaya,Vishwanathan,1
Chanakya Hridaya,Nobel House,1
Chanakya Hridaya,Sunstone Capital,1
Ramasubramaniam B,Vishwanathan,1
Nobel House,Ramasubramaniam B,1
Ramasubramaniam B,Sunstone Capital,1
Nobel House,Vishwanathan,1
Sunstone Capital,Vishwanathan,1
Nobel House,Sunstone Capital,1
Matrix Partners,Zodius Technology Opportunities Fund,1
FiNC,GHV,1
Anbu Pandian,Lead Angels Network,1
Lead Angels Network,Prabhakar MR & Others,1
Anbu Pandian,Prabhakar MR & Others,1
Bhupen Shah & Others,V. Krishna Prasad,1
Infosys Innovation Fund,WRV Capital and IndusAge Partners,1
Emerald Media,Premji Invest,1
North Base Media,Sequoia Capital India,1
Aarin Capital,Sequoia Capital India,1
3one4 Capital,Sequoia Capital India,1
Axilor Ventures,Sequoia Capital India,1
Kunal Shah,Sequoia Capital India,1
Sandeep Tandon,Sequoia Capital India,1
Aarin Capital,North Base Media,1
3one4 Capital,North Base Media,1
Axilor Ventures,North Base Media,1
Kunal Shah,North Base Media,1
North Base Media,Sandeep Tandon,1
3one4 Capital,Aarin Capital,2
Aarin Capital,Axilor Ventures,1
Aarin Capital,Kunal Shah,1
Aarin Capital,Sandeep Tandon,1
3one4 Capital,Axilor Ventures,1
3one4 Capital,Kunal Shah,1
3one4 Capital,Sandeep Tandon,1
Axilor Ventures,Kunal Shah,1
Axilor Ventures,Sandeep Tandon,1
GEMS Advisory,Quarizon,1
KTB Network,SAIF Partners,1
BEENEXT,KTB Network,1
Digital Garage,KTB Network,1
BEENEXT,SAIF Partners,1
Digital Garage,SAIF Partners,2
BEENEXT,Digital Garage,1
Anil Jain,Dr. Apoorv Ranjan Sharma,1
Anuj Golecha,Dr. Apoorv Ranjan Sharma,1
Dr. Apoorv Ranjan Sharma,Krishna Jhunjhunwala,1
Anirudh Damani,Dr. Apoorv Ranjan Sharma,2
Anil Jain,Anuj Golecha,1
Anil Jain,Krishna Jhunjhunwala,1
Anil Jain,Anirudh Damani,1
Anuj Golecha,Krishna Jhunjhunwala,1
Anirudh Damani,Anuj Golecha,1
Anirudh Damani,Krishna Jhunjhunwala,1
Indian Angel Network,Let\\xe2\\x80\\x99s Venture,1
Harminder Sahani,Kaushal Agarwal,1
KK Mehra,Kaushal Agarwal,1
Kaushal Agarwal,Pranay Jivrajka,1
Kaushal Agarwal,Navjot Saini,1
Harminder Sahani,KK Mehra,1
Harminder Sahani,Pranay Jivrajka,1
Harminder Sahani,Navjot Saini,1
KK Mehra,Pranay Jivrajka,1
KK Mehra,Navjot Saini,1
Navjot Saini,Pranay Jivrajka,1
Incubate Fund,Lead Angels Group & Others,1
Pradyumna Dalmia,S. Somasegar & Others,1
Ritesh Mehta,The Chennai Angels,1
Aruna Ganesh Ram,The Chennai Angels,1
Aruna Ganesh Ram,Ritesh Mehta,1
Binny Bansal,Sachin Bansal,4
Lead Angels,Mumbai Angels,1
Girish Mathrubootham,Lead Angels,1
Anbu Pandian,Lead Angels,1
Girish Mathrubootham,Mumbai Angels,1
Anbu Pandian,Mumbai Angels,1
Girish Mathrubootham,LetsVenture,1
Anbu Pandian,LetsVenture,1
Anbu Pandian,Girish Mathrubootham,1
RB Investments,\\xc2\\xa0 Kaleden Holdings,1
GHV Accelerator,Kedar Lele,1
Calcutta Angels Network,LetsVenture,1
Anupam Mittal,Calcutta Angels Network,1
Calcutta Angels Network,Currae Healthtech Fund,1
Currae Healthtech Fund,LetsVenture,1
Anupam Mittal,Currae Healthtech Fund,1
Ashish Gupta,Raman Roy,1
Raman Roy,Yogesh Andlay,1
Raman Roy,Vaibhav Jain,1
Ashish Gupta,Yogesh Andlay,1
Ashish Gupta,Vaibhav Jain,1
Vaibhav Jain,Yogesh Andlay,1
3one4 Capital,Mumbai Angels,1
Aarin Capital,Mumbai Angels,1
Ameera Shah,Vivek Bhargava,2
Justin Kan,Qasar Younis,1
Justin Kan,Paul Bucche,1
Justin Kan,Susa Ventures,1
Justin Kan,Kima Ventures,1
Axan Venture,Justin Kan,1
Justin Kan,SCM Holdings,1
Paul Bucche,Qasar Younis,1
Qasar Younis,Susa Ventures,1
Kima Ventures,Qasar Younis,1
Axan Venture,Qasar Younis,1
Qasar Younis,SCM Holdings,1
Paul Bucche,Susa Ventures,1
Kima Ventures,Paul Bucche,1
Axan Venture,Paul Bucche,1
Paul Bucche,SCM Holdings,1
Kima Ventures,Susa Ventures,1
Axan Venture,Susa Ventures,1
SCM Holdings,Susa Ventures,1
Axan Venture,Kima Ventures,1
Kima Ventures,SCM Holdings,1
Axan Venture,SCM Holdings,1
Arun Seth,T.V. Mohandas Pai,1
Anand Chandrasekaran,Arun Seth,1
Arun Seth,Deepak Ghaisas,1
Anand Chandrasekaran,T.V. Mohandas Pai,1
Deepak Ghaisas,T.V. Mohandas Pai,1
Anand Chandrasekaran,Deepak Ghaisas,1
BEENEXT,Sequoia India,1
Helion Ventures,Sequoia India,1
BEENEXT,Helion Ventures,1
IDG Ventures India,SAIF Partners,2
RTP-HC,Wonder Ventures,1
RTP-HC,Techstars Ventures & Others,1
Techstars Ventures & Others,Wonder Ventures,1
Kae Capital,Khosla Impact,1
Sanjai Vohra,V. Bunty Bohra,1
Delta Partners,Sequoia India,1
Delta Partners,\\xc2\\xa0 Mayfield,1
Blacksoil,Delta Partners,1
Delta Partners,Trifecta Capital,1
Sequoia India,\\xc2\\xa0 Mayfield,1
Blacksoil,Sequoia India,1
Sequoia India,Trifecta Capital,1
Blacksoil,\\xc2\\xa0 Mayfield,1
Trifecta Capital,\\xc2\\xa0 Mayfield,1
Blacksoil,Trifecta Capital,1
Axilor Ventures,IDG Ventures,1
Lightspeed US,Lightspeed Venture Partners India,1
Lightspeed India Partners,SAIF Partners,1
India Quotient,Lightspeed India Partners,1
Lightspeed India Partners,Venture Highway,1
India Quotient,SAIF Partners,3
India Quotient,Venture Highway,1
BEENEXT,Blume Ventures,1
Barkawi Holdings GmbH,Blume Ventures,2
Blume Ventures,TM Service Technology Holdings Gmbh,1
Blume Ventures,Sreevathsa Prabhakar,1
BEENEXT,Barkawi Holdings GmbH,1
BEENEXT,TM Service Technology Holdings Gmbh,1
BEENEXT,Sreevathsa Prabhakar,1
Barkawi Holdings GmbH,TM Service Technology Holdings Gmbh,1
Barkawi Holdings GmbH,Sreevathsa Prabhakar,1
Sreevathsa Prabhakar,TM Service Technology Holdings Gmbh,1
Girish Mathrubootham,VC Karthic,1
Girish Mathrubootham,Miten Mehta,1
Girish Mathrubootham,Umasankar Nistala,1
Girish Mathrubootham,Rakesh Patel,1
Akash Bhavsar,Girish Mathrubootham,1
Girish Mathrubootham,Jeevanandhan Rajagopal,1
Girish Mathrubootham,Vikas Chadha & Others,1
Miten Mehta,VC Karthic,1
Umasankar Nistala,VC Karthic,1
Rakesh Patel,VC Karthic,1
Akash Bhavsar,VC Karthic,1
Jeevanandhan Rajagopal,VC Karthic,1
VC Karthic,Vikas Chadha & Others,1
Miten Mehta,Umasankar Nistala,1
Miten Mehta,Rakesh Patel,1
Akash Bhavsar,Miten Mehta,1
Jeevanandhan Rajagopal,Miten Mehta,1
Miten Mehta,Vikas Chadha & Others,1
Rakesh Patel,Umasankar Nistala,1
Akash Bhavsar,Umasankar Nistala,1
Jeevanandhan Rajagopal,Umasankar Nistala,1
Umasankar Nistala,Vikas Chadha & Others,1
Akash Bhavsar,Rakesh Patel,1
Jeevanandhan Rajagopal,Rakesh Patel,1
Rakesh Patel,Vikas Chadha & Others,1
Akash Bhavsar,Jeevanandhan Rajagopal,1
Akash Bhavsar,Vikas Chadha & Others,1
Jeevanandhan Rajagopal,Vikas Chadha & Others,1
Aprameya Radhakrishna,Paytm,1
Paytm,Subramanya Venkat,1
Paytm,Venk Krishnan,1
Aprameya Radhakrishna,Subramanya Venkat,1
Aprameya Radhakrishna,Venk Krishnan,3
Subramanya Venkat,Venk Krishnan,1
Contrarian Vriddhi Fund,Manish Maheshwari,1
Kalaari Capital,Prime Venture Partners,1
Lumina Datamatics,Silver Range Investments,1
Shun Yoshida & Others,Silver Range Investments,1
Lumina Datamatics,Shun Yoshida & Others,1
Anand Sankeshwar,Yang Shu,1
Nitesh Pant,Shekhar Sahu,1
Dileep Bhatt,Milind Chaudhary,1
American Express Ventures,Sequoia Capital,1
IDG Ventures,Indian Angel Network (IAN),1
IDG Ventures,YourNest Angel Fund,1
Indian Angel Network (IAN),YourNest Angel Fund,1
BeeNext,TV Mohandas Pai,1
BeeNext,Kunal Shah,1
BeeNext,Sandeep Tandon,1
Kunal Shah,TV Mohandas Pai,1
Sandeep Tandon,TV Mohandas Pai,1
Naveen Arya,Tarun Joshi,1
Accel Partners,SeedPlus,1
Jungle Ventures,SeedPlus,1
TransGlobal FZC,Xchange Investors NV,1
Pravin Gandhi,Vijay Shekhar Sharma,1
Vijay Shekhar Sharma,\\xc2\\xa0 Smart Start Fund,1
Vijay Shekhar Sharma,\\xc2\\xa0 Sandeep Tandon,1
& Others,Vijay Shekhar Sharma,1
Pravin Gandhi,\\xc2\\xa0 Smart Start Fund,1
Kunal Shah,Pravin Gandhi,1
Pravin Gandhi,\\xc2\\xa0 Sandeep Tandon,1
Pravin Gandhi,Vishal Gondal,1
& Others,Pravin Gandhi,1
Kunal Shah,\\xc2\\xa0 Smart Start Fund,1
\\xc2\\xa0 Sandeep Tandon,\\xc2\\xa0 Smart Start Fund,1
Vishal Gondal,\\xc2\\xa0 Smart Start Fund,1
& Others,\\xc2\\xa0 Smart Start Fund,1
Kunal Shah,\\xc2\\xa0 Sandeep Tandon,1
& Others,Kunal Shah,1
Vishal Gondal,\\xc2\\xa0 Sandeep Tandon,1
& Others,\\xc2\\xa0 Sandeep Tandon,1
& Others,Vishal Gondal,1
Kalaari Capital,Zodius Capital,2
Qualcomm Ventures,Zodius Capital,1
Russian venture capital fund Ru-Net,Zodius Capital,1
Mumbai Angels,Zodius Capital,1
Kalaari Capital,Qualcomm Ventures,1
Kalaari Capital,Russian venture capital fund Ru-Net,1
Kalaari Capital,Mumbai Angels,1
Qualcomm Ventures,Russian venture capital fund Ru-Net,1
Mumbai Angels,Qualcomm Ventures,1
Mumbai Angels,Russian venture capital fund Ru-Net,1
Kae Capital,White Unicorn Ventures,1
Mumbai Angels,White Unicorn Ventures,1
Kae Capital,Mumbai Angels,2
Healthsquad,Indian Angel Network,1
Axilor Ventures,Healthsquad,1
Kiran Mazumdar-Shaw,Unitus Seed Fund,1
BeeNext,Helion Venture Partners,1
Faering Capital,HDFC,2
Elevate Sports,HDFC,2
Elevate Sports,Faering Capital,2
Sanjay Nayar,Vikram Sud,1
Anil Jaggia,Sanjay Nayar,1
Narayan Seshadri,Sanjay Nayar,1
Anil Jaggia,Vikram Sud,1
Narayan Seshadri,Vikram Sud,1
Anil Jaggia,Narayan Seshadri,1
Manickam Mahalingam,Nitin Passi,1
Nitin Passi,Udaan Angels,1
Nitin Passi,Rajesh Arora,1
Arkas Industries,Nitin Passi,1
Manickam Mahalingam,Udaan Angels,1
Manickam Mahalingam,Rajesh Arora,1
Arkas Industries,Manickam Mahalingam,1
Rajesh Arora,Udaan Angels,1
Arkas Industries,Udaan Angels,1
Arkas Industries,Rajesh Arora,1
GrowX Ventures,Sunil Kalra,1
Arun Venkatachalam,GrowX Ventures,1
GrowX Ventures,\\xc2\\xa0 Badal Malick,1
Arun Venkatachalam,Sunil Kalra,1
Sunil Kalra,\\xc2\\xa0 Badal Malick,1
Arun Venkatachalam,\\xc2\\xa0 Badal Malick,1
FAO Ventures,India Quotient,1
India Quotient,Indian Angel Network,1
India Quotient,Tushar Singh,1
India Quotient,Ranjan Sharma,1
FAO Ventures,Indian Angel Network,1
FAO Ventures,Tushar Singh,1
FAO Ventures,Ranjan Sharma,1
Indian Angel Network,Tushar Singh,1
Indian Angel Network,Ranjan Sharma,1
Ranjan Sharma,Tushar Singh,1
Arun Sarin,ByteDance,1
ByteDance,Matrix Partners,1
ByteDance,Sequoia Capital India,1
ByteDance,Omidyar Network,1
ByteDance,\\xc2\\xa0 Falcon Edge,1
Arun Sarin,Matrix Partners,1
Arun Sarin,Sequoia Capital India,1
Arun Sarin,Omidyar Network,1
Arun Sarin,\\xc2\\xa0 Falcon Edge,1
Matrix Partners,Sequoia Capital India,1
Matrix Partners,Omidyar Network,1
Matrix Partners,\\xc2\\xa0 Falcon Edge,1
Omidyar Network,Sequoia Capital India,2
Sequoia Capital India,\\xc2\\xa0 Falcon Edge,1
Omidyar Network,\\xc2\\xa0 Falcon Edge,1
Mayank Shah,Shreyans Shah,1
Rajiv Lunkad,Vishnu Bhat,1
Naresh Ravindranath,Vishnu Bhat,1
Naresh Ravindranath,Rajiv Lunkad,1
Boman Irani,Dhruv Chitgopekar,1
Boman Irani,Prantik Dasgupta,1
Dhruv Chitgopekar,Prantik Dasgupta,1
Hyderabad Angels,TLabs,1
Axis Capital & Others,Lightbox Ventures,1
Raghunandan G,Saama Capital,1
Aprameya Radhakrishna,Saama Capital,1
Aprameya Radhakrishna,Raghunandan G,1
Blume ventures,Helion Ventures,1
IIFL Seed Ventures Fund,Mayfield Ventures,1
Anand Chandrasekaran,Astarc Ventures,1
Franchise India Brands,hooting Starts Sports LLP,1
1Crowd,Eureka Forbes Ltd,1
1Crowd,Shapoorji Pallonji & Co. Ltd.,1
Eureka Forbes Ltd,Shapoorji Pallonji & Co. Ltd.,1
Afsal Salu,Ajay Nanavati,1
Aarin Capital,Michael Herzig,1
Aarin Capital,Ashish Lakhanpal,1
Ashish Lakhanpal,Michael Herzig,1
"Exfinity Ventures, growX ventures",Sequoia India,1
Anita Dongre,Yash Dongre,1
Anita Dongre,Milind Sarwate,1
Milind Sarwate,Yash Dongre,1
Infina Finance Pvt. Ltd,Uday Kotak,1
Sequoia India,Venturra Capital,1
Susquehanna International Group.\\xc2\\xa0 Wavemaker Partners,Venturra Capital,1
Beenext,Venturra Capital,1
Beenos,Venturra Capital,1
Digital Garage,Venturra Capital,1
Sequoia India,Susquehanna International Group.\\xc2\\xa0 Wavemaker Partners,1
Beenos,Sequoia India,1
Digital Garage,Sequoia India,1
Beenext,Susquehanna International Group.\\xc2\\xa0 Wavemaker Partners,1
Beenos,Susquehanna International Group.\\xc2\\xa0 Wavemaker Partners,1
Digital Garage,Susquehanna International Group.\\xc2\\xa0 Wavemaker Partners,1
Earlsfield Capital,Sailender Solanki,1
Earlsfield Capital,Rajiv Solanki,1
Rajiv Solanki,Sailender Solanki,1
CareerNet Consulting Pvt. Ltd,Ideation Initiative Pvt. Ltd,1
Chan Zuckerberg Initiative,Times Internet Ltd,1
Chan Zuckerberg Initiative,Sequoia Capital,1
Chan Zuckerberg Initiative,Sofina,1
Chan Zuckerberg Initiative,Lightspeed Ventures,1
Sequoia Capital,Times Internet Ltd,1
Sofina,Times Internet Ltd,1
Lightspeed Ventures,Times Internet Ltd,1
Sequoia Capital,Sofina,2
Lightspeed Ventures,Sequoia Capital,3
Lightspeed Ventures,Sofina,1
Amit Nagar,havya Sharma,1
Harinder Takhar,Zain Raj,1
Dr. Prasad Kaipa,Harinder Takhar,1
Abaran Deep,Harinder Takhar,1
Aseem Sood,Harinder Takhar,1
Harinder Takhar,Mustafa Patni,1
Dr. Prasad Kaipa,Zain Raj,1
Abaran Deep,Zain Raj,1
Aseem Sood,Zain Raj,1
Mustafa Patni,Zain Raj,1
Abaran Deep,Dr. Prasad Kaipa,1
Aseem Sood,Dr. Prasad Kaipa,1
Dr. Prasad Kaipa,Mustafa Patni,1
Abaran Deep,Aseem Sood,1
Abaran Deep,Mustafa Patni,1
Aseem Sood,Mustafa Patni,1
Augment Ventures,Rahul Kayan,1
Augment Ventures,Nikhil Golcha,1
Augment Ventures,Shubham Gupta,1
Augment Ventures,Roy Kwan,1
Nikhil Golcha,Rahul Kayan,1
Rahul Kayan,Shubham Gupta,1
Rahul Kayan,Roy Kwan,1
Nikhil Golcha,Shubham Gupta,1
Nikhil Golcha,Roy Kwan,1
Roy Kwan,Shubham Gupta,1
Mariwala family,Sunil Munjal,1
Aqeel Ahmed,Pradeep Mirani,1
Anand Ladsariya,Pradeep Mirani,1
Nitin Agarwal,Pradeep Mirani,1
Anand Ladsariya,Aqeel Ahmed,1
Aqeel Ahmed,Nitin Agarwal,1
Anand Ladsariya,Nitin Agarwal,1
Balasubramanian Krishnamurthy,Sidhartha Hazarika & Others,1
Dheeraj Jain,Palash Jain,1
Anupam Mittal,Dheeraj Jain,2
Ameera Shah,Dheeraj Jain,1
Dheeraj Jain,\\xc2\\xa0 Vivek Bhargava,1
Dheeraj Jain,Rahul Singh,1
Ambarish Gupta,Dheeraj Jain,1
Anupam Mittal,Palash Jain,1
Ameera Shah,Palash Jain,1
Palash Jain,\\xc2\\xa0 Vivek Bhargava,1
Palash Jain,Rahul Singh,1
Ambarish Gupta,Palash Jain,1
Ameera Shah,Anupam Mittal,1
Anupam Mittal,\\xc2\\xa0 Vivek Bhargava,1
Anupam Mittal,Rahul Singh,1
Ambarish Gupta,Anupam Mittal,1
Ameera Shah,\\xc2\\xa0 Vivek Bhargava,1
Ameera Shah,Rahul Singh,1
Ambarish Gupta,Ameera Shah,1
Rahul Singh,\\xc2\\xa0 Vivek Bhargava,1
Ambarish Gupta,\\xc2\\xa0 Vivek Bhargava,1
Ambarish Gupta,Rahul Singh,1
Ganesh Narasimhan,Ramana Thumu,1
Ganesh Narasimhan,Sudhir Mallem,1
Ramana Thumu,Sudhir Mallem,1
KellyGamma,Lead Angels & Others,1
Goldman Sachs Group,Zodius Technology Fund,1
Goldman Sachs Group,Norwest Venture Partners,1
Bertelsmann India,Goldman Sachs Group,1
Norwest Venture Partners,Zodius Technology Fund,1
Bertelsmann India,Zodius Technology Fund,1
Bertelsmann India,Norwest Venture Partners,1
Accel Partners,Beenext,1
Accel Partners,Powerhouse Ventures,1
Accel Partners,Akusa Holdings,1
Beenext,Powerhouse Ventures,1
Akusa Holdings,Beenext,1
Akusa Holdings,Powerhouse Ventures,1
Currae Healthtech Fund,Unicorn India Ventures,1
Cisco Ventures,Vertex Ventures,1
IDG Ventures,Vertex Ventures,1
Cisco Ventures,IDG Ventures,1
Gaurav Agarwal,Prashant Tandon,2
Gaurav Bhogle,Prashant Tandon,1
Prashant Tandon,Shrishti Sahu,1
Prashant Tandon,Shantanu Mathur,1
Prabhat Aggarwal,Prashant Tandon,1
Gaurav Agarwal,Gaurav Bhogle,1
Gaurav Agarwal,Shrishti Sahu,1
Gaurav Agarwal,Shantanu Mathur,1
Gaurav Agarwal,Prabhat Aggarwal,1
Gaurav Bhogle,Shrishti Sahu,1
Gaurav Bhogle,Shantanu Mathur,1
Gaurav Bhogle,Prabhat Aggarwal,1
Shantanu Mathur,Shrishti Sahu,1
Prabhat Aggarwal,Shrishti Sahu,1
Prabhat Aggarwal,Shantanu Mathur,1
EDBI,Sequoia India,1
Blue Cloud Ventures,Sequoia India,1
Hercules Capital,Sequoia India,1
Blue Cloud Ventures,EDBI,1
EDBI,Hercules Capital,1
Blue Cloud Ventures,Hercules Capital,1
Ajay Lakhotia,Kanwaljit Singh,1
Kanwaljit Singh,Pavan Ongole,1
Ashish Gupta,Kanwaljit Singh,1
Ajay Lakhotia,Pavan Ongole,1
Ajay Lakhotia,Ashish Gupta,1
Ashish Gupta,Pavan Ongole,1
Blume Ventures,"Mumbai Angels, ah! Ventures",1
Blume Ventures,Digital Currency Group,1
Blume Ventures,Boost VC,1
Bank to the Future and Funders Club,Blume Ventures,1
Digital Currency Group,"Mumbai Angels, ah! Ventures",1
Boost VC,"Mumbai Angels, ah! Ventures",1
Bank to the Future and Funders Club,"Mumbai Angels, ah! Ventures",1
Boost VC,Digital Currency Group,1
Bank to the Future and Funders Club,Digital Currency Group,1
Bank to the Future and Funders Club,Boost VC,1
Kae Capital,Sequoia Capital India,1
Kae Capital,Omidyar Network,1
Evan Lim,Mudit Saxena,1
Lumis Partners,The HR Fund,1
Lumis Partners,Rajul Garg,1
Lumis Partners,Quintillion Media,1
Rajul Garg,The HR Fund,1
Quintillion Media,The HR Fund,1
Quintillion Media,Rajul Garg,1
Anupam Mittal,Venk Krishnan,1
Kunal Shah,Venk Krishnan,1
Tracxn Labs,Venk Krishnan,1
Subramanya SV,Venk Krishnan,1
Ravi Garkipati,Venk Krishnan,1
Anupam Mittal,Aprameya Radhakrishna,1
Aprameya Radhakrishna,Kunal Shah,1
Aprameya Radhakrishna,Tracxn Labs,1
Aprameya Radhakrishna,Subramanya SV,1
Aprameya Radhakrishna,Ravi Garkipati,1
Anupam Mittal,Tracxn Labs,1
Anupam Mittal,Subramanya SV,1
Anupam Mittal,Ravi Garkipati,1
Kunal Shah,Tracxn Labs,4
Kunal Shah,Subramanya SV,1
Kunal Shah,Ravi Garkipati,1
Subramanya SV,Tracxn Labs,1
Ravi Garkipati,Tracxn Labs,1
Ravi Garkipati,Subramanya SV,1
Anupam Mittal,Binny Bansal,2
Binny Bansal,Sachin Bhatia,1
Binny Bansal,Darius Pandole,1
Binny Bansal,Kunal Khattar,1
Binny Bansal,Dheerag Jain,1
Anupam Mittal,Sachin Bhatia,1
Anupam Mittal,Darius Pandole,1
Anupam Mittal,Kunal Khattar,1
Anupam Mittal,Dheerag Jain,1
Darius Pandole,Sachin Bhatia,1
Kunal Khattar,Sachin Bhatia,1
Dheerag Jain,Sachin Bhatia,1
Darius Pandole,Kunal Khattar,1
Darius Pandole,Dheerag Jain,1
Dheerag Jain,Kunal Khattar,1
Blume Ventures & Others,Inventus Capital Partners,1
Geniee,Inc,1
Geniee,Purvi Capital,1
Inc,Purvi Capital,1
Anupam Mittal,Sharad Sharma & 14 others,1
Noshir Kaka,Subramanian Ramadorai,1
Kiran Deshpande,Noshir Kaka,1
Noshir Kaka,Pankaj Gupta,1
Noshir Kaka,Ravi Nigam & Others,1
Kiran Deshpande,Subramanian Ramadorai,1
Pankaj Gupta,Subramanian Ramadorai,1
Ravi Nigam & Others,Subramanian Ramadorai,1
Kiran Deshpande,Pankaj Gupta,1
Kiran Deshpande,Ravi Nigam & Others,1
Pankaj Gupta,Ravi Nigam & Others,1
Bennett Coleman & Co. Ltd,Gujarat Venture Finance Limited (GVFL),1
Khattar Holdings,ThirtyThree Investments,1
Khattar Holdings,Soumitra Sharma,1
Deepak Sharma,Khattar Holdings,1
Khattar Holdings,Sumit Dayal and others,1
Soumitra Sharma,ThirtyThree Investments,1
Deepak Sharma,ThirtyThree Investments,1
Sumit Dayal and others,ThirtyThree Investments,1
Deepak Sharma,Soumitra Sharma,1
Soumitra Sharma,Sumit Dayal and others,1
Deepak Sharma,Sumit Dayal and others,1
Mukul Singhal,Rohit Jain,1
Himanshu Aggrawal,Mukul Singhal,1
Mukul Singhal,Sunil Goyal Ashish Gupta,1
Himanshu Aggrawal,Rohit Jain,1
Rohit Jain,Sunil Goyal Ashish Gupta,1
Himanshu Aggrawal,Sunil Goyal Ashish Gupta,1
HT Media Ltd,North Base Media,1
Anand Chandrasekaran,Kanwaljit Singh,1
Anand Chandrasekaran,Manoj Varghese,1
Kanwaljit Singh,Manoj Varghese,2
Foxconn Technology Group,Tencent Holdings,1
Tencent Holdings,Tiger Global,1
SoftBank Group,Tencent Holdings,1
Bharti Enterprises,Tencent Holdings,1
Foxconn Technology Group,Tiger Global,1
Foxconn Technology Group,SoftBank Group,1
Bharti Enterprises,Foxconn Technology Group,1
SoftBank Group,Tiger Global,2
Bharti Enterprises,Tiger Global,1
Bharti Enterprises,SoftBank Group,1
M&S Partners,Powerhouse Ventures,1
Anand Chandrasekaran,Ananth Narayanan,1
Anand Chandrasekaran,Mekin Maheshwari,1
Anand Chandrasekaran,Ravi Garikipati,1
Anand Chandrasekaran,Divyesh Shah,1
Anand Chandrasekaran,Swastika Company Ltd,1
Ananth Narayanan,Mekin Maheshwari,1
Ananth Narayanan,Ravi Garikipati,1
Ananth Narayanan,Divyesh Shah,1
Ananth Narayanan,Swastika Company Ltd,1
Mekin Maheshwari,Ravi Garikipati,1
Divyesh Shah,Mekin Maheshwari,1
Mekin Maheshwari,Swastika Company Ltd,1
Divyesh Shah,Ravi Garikipati,1
Ravi Garikipati,Swastika Company Ltd,1
Divyesh Shah,Swastika Company Ltd,1
Sachin Khandelwal and others,Swan Angel Network,1
Infocomm Investments,SeedPlus,1
Accel Partners RNT Associates,SeedPlus,1
Accel Partners RNT Associates,Infocomm Investments,1
Kashyap Deorah,Rajul Garg,1
Kashyap Deorah,Maninder Gulati,1
Maninder Gulati,Rajul Garg,1
Madhusudhan Jujare & Others,Satish Vasudeva,1
Exfinity Venture Partners & Others,Saha Fund,1
Kamal Chabra,Riju Gupta,1
Jaspreet Bindra,Outbox Ventures,1
Arjun Malhotra,Outbox Ventures,1
Outbox Ventures,Rohan Malhotra,1
Outbox Ventures,Sidharth Rao,1
Outbox Ventures,Rakesh Agrawal,1
Arjun Malhotra,Jaspreet Bindra,1
Jaspreet Bindra,Rohan Malhotra,1
Jaspreet Bindra,Sidharth Rao,1
Jaspreet Bindra,Rakesh Agrawal,1
Arjun Malhotra,Rohan Malhotra,1
Arjun Malhotra,Sidharth Rao,1
Arjun Malhotra,Rakesh Agrawal,1
Rohan Malhotra,Sidharth Rao,1
Rakesh Agrawal,Rohan Malhotra,1
Rakesh Agrawal,Sidharth Rao,1
Anupam Mittal,ah! Ventures,1
Kunal Shah,ah! Ventures,1
Sandeep Tandon,ah! Ventures,1
Dheeraj Jain,ah! Ventures,1
Rohit Chokhani,ah! Ventures,1
Anupam Mittal,Sandeep Tandon,2
Anupam Mittal,Rohit Chokhani,1
Dheeraj Jain,Kunal Shah,2
Kunal Shah,Rohit Chokhani,1
Dheeraj Jain,Sandeep Tandon,2
Rohit Chokhani,Sandeep Tandon,1
Dheeraj Jain,Rohit Chokhani,1
Blume Ventures,Sachin Bansal,1
Blume Ventures,Vijay Shekhar Sharma,1
Binny Bansal,Blume Ventures,1
Blume Ventures,\\xc2\\xa0 Kunal Shah,1
Ashish Tulsian,Blume Ventures,1
Sachin Bansal,Vijay Shekhar Sharma,1
Sachin Bansal,\\xc2\\xa0 Kunal Shah,1
Sachin Bansal,Sandeep Tandon,1
Ashish Tulsian,Sachin Bansal,1
Binny Bansal,Vijay Shekhar Sharma,1
Vijay Shekhar Sharma,\\xc2\\xa0 Kunal Shah,1
Sandeep Tandon,Vijay Shekhar Sharma,1
Ashish Tulsian,Vijay Shekhar Sharma,1
Binny Bansal,\\xc2\\xa0 Kunal Shah,1
Binny Bansal,Sandeep Tandon,1
Ashish Tulsian,Binny Bansal,1
Sandeep Tandon,\\xc2\\xa0 Kunal Shah,1
Ashish Tulsian,\\xc2\\xa0 Kunal Shah,1
Ashish Tulsian,Sandeep Tandon,1
Kamal Puri,Vineet Taneja,1
Sandeep Tandon,Tracxn Labs,1
Fireside Ventures,Investopad,1
Fireside Ventures,P39 Capital,1
Anupam Mittal,Fireside Ventures,1
Fireside Ventures,Pranay Jivrajka,1
Fireside Ventures,Maninder Gulati,1
Abhinav Sinha,Fireside Ventures,1
Investopad,P39 Capital,1
Anupam Mittal,Investopad,1
Investopad,Pranay Jivrajka,1
Investopad,Maninder Gulati,1
Abhinav Sinha,Investopad,1
Anupam Mittal,P39 Capital,1
P39 Capital,Pranay Jivrajka,1
Maninder Gulati,P39 Capital,1
Abhinav Sinha,P39 Capital,1
Anupam Mittal,Pranay Jivrajka,1
Anupam Mittal,Maninder Gulati,1
Abhinav Sinha,Anupam Mittal,1
Maninder Gulati,Pranay Jivrajka,1
Abhinav Sinha,Pranay Jivrajka,1
Abhinav Sinha,Maninder Gulati,1
Devendra Rane,Globevestor Angel Fund,1
Globevestor Angel Fund,Ravi Jain,1
Globevestor Angel Fund,\\xc2\\xa0 Arpan Nagdeve,1
Devendra Rane,Ravi Jain,1
Devendra Rane,\\xc2\\xa0 Arpan Nagdeve,1
Ravi Jain,\\xc2\\xa0 Arpan Nagdeve,1
Girish Mathrubootham,Kunal Shah & Sandeep Tandon,1
Anand Chandrasekaran,Kunal Shah & Sandeep Tandon,1
Dr. Abhishek Pandey,Jaysukh Sapra,1
Bessemer Venture Partners,Jungle Ventures,1
Bessemer Venture Partners,Helion Ventures,1
Helion Ventures,Jungle Ventures,1
Ashutosh Lawania,Rajul Jain,1
Ashutosh Lawania,Badal Malick,1
Ashutosh Lawania,Rishi Gupta & Others,1
Badal Malick,Rajul Jain,1
Rajul Jain,Rishi Gupta & Others,1
Badal Malick,Rishi Gupta & Others,1
IDG Ventures,Sequoia Capital,2
GREE Ventures,IDG Ventures,1
GREE Ventures,Sequoia Capital,1
Raghav Bahl,Sarbvir Singh,1
3one4 Capital,Tracxn Labs,1
3one4 Capital,Aaruha Technology Fund,1
3one4 Capital,Endiya Partners,1
Aaruha Technology Fund,Tracxn Labs,1
Endiya Partners,Tracxn Labs,1
Aaruha Technology Fund,Endiya Partners,1
SD Ventures,Sequoia Capital,1
Sequoia Capital,Vistaar Investment Advisors Pvt. Ltd.,1
SD Ventures,Vistaar Investment Advisors Pvt. Ltd.,1
IIFL Wealth Management Seed Venture Fund,Omidyar Network,1
IIFL Wealth Management Seed Venture Fund,Khosla Impact,1
Aspada,IIFL Wealth Management Seed Venture Fund,1
Khosla Impact,Omidyar Network,1
Aspada,Omidyar Network,1
Aspada,Khosla Impact,1
Network 18,Stripes Group,1
Accel Partners,Stripes Group,1
SAIF Partners,Stripes Group,1
Accel Partners,Network 18,1
Network 18,SAIF Partners,1
Accel Partners,SAIF Partners,4
Rohit Bansal,Sequoia Capital,2
Kunal Bahl,Sequoia Capital,2
Sandeep Tandon,Sequoia Capital,2
Kunal Shah,Sequoia Capital,1
Sequoia Capital,Zishaan Hayath,1
Sequoia Capital,\\xc2\\xa0 Abhishek Jain,1
Rohit Bansal,Sandeep Tandon,1
Kunal Shah,Rohit Bansal,1
Rohit Bansal,Zishaan Hayath,2
Rohit Bansal,\\xc2\\xa0 Abhishek Jain,1
Kunal Bahl,Sandeep Tandon,1
Kunal Bahl,Kunal Shah,1
Kunal Bahl,Zishaan Hayath,2
Kunal Bahl,\\xc2\\xa0 Abhishek Jain,1
Sandeep Tandon,Zishaan Hayath,1
Sandeep Tandon,\\xc2\\xa0 Abhishek Jain,1
Kunal Shah,Zishaan Hayath,1
Kunal Shah,\\xc2\\xa0 Abhishek Jain,1
Zishaan Hayath,\\xc2\\xa0 Abhishek Jain,1
Gaurav Singhvi,Zaffiro Ventures,1
Kirthiga Reddy,Renuka Ramanath,1
Cherry Tin,Kirthiga Reddy,1
Cherry Tin,Renuka Ramanath,1
Kalaari Capital,"Qualcomm Ventures, ru-Net",1
Kalaari Capital,Zodius Technology Opportunities Fund,1
"Qualcomm Ventures, ru-Net",Zodius Technology Opportunities Fund,1
500 Startups,AVG Group,1
Alex Chua,Rahul Garg,1
India Quotient,Kalaari Capital,2
Blume Ventures & IvyCap Ventures,JSW Ventures,1
JSW Ventures,Omidyar Network,1
JSW Ventures,Sattva Capital,1
JSW Ventures,Venture Works,1
Omidyar Network,Sattva Capital,1
Omidyar Network,Venture Works,1
Sattva Capital,Venture Works,1
Harvard Angels,Stanford Angels & Entrepreneurs,1
Mumbai Angels,\\xc2\\xa0 Times Internet,1
Ashish Mahajan,Sarvesh Sharma,1
Rishi Parti,Yogesh Bansal,1
Hyderabad Angels,Tracxn Labs,1
Gaurav Bhalotia,Tracxn Labs,1
Hyderabad Angels,Kunal Shah,1
Gaurav Bhalotia,Hyderabad Angels,2
Gaurav Bhalotia,Kunal Shah,1
Accel Partners,IDG Ventures India,1
Jaspal Bindra,Parth Jindal,1
Plug and Play Tech Center,Steelhead Ventures & Others,1
Sumit Jain,Sumit Jain,1
Anurag Gupta,Sumit Jain,2
Sumit Jain,Varun Khanna,2
Faraz Khan,Sumit Jain,2
Anurag Gupta,Varun Khanna,1
Anurag Gupta,Faraz Khan,1
Faraz Khan,Varun Khanna,1
Abhijit Avasthi,Karan Chellani,1
Abhijit Avasthi,SP Vijay,1
Karan Chellani,SP Vijay,1
Innoven Capital,Times Internet,1
Matrix Partners India,Times Internet,1
Qualcomm Ventures,Times Internet,2
Innoven Capital,Matrix Partners India,1
Innoven Capital,Qualcomm Ventures,1
Matrix Partners India,Qualcomm Ventures,1
IIFL and Accel Partners,Kalaari Capital,1
IIFL and Accel Partners,IvyCap Ventures,1
IIFL and Accel Partners,RB Investments,1
IvyCap Ventures,Kalaari Capital,1
Kalaari Capital,RB Investments,1
IvyCap Ventures,RB Investments,1
Abhishek Agarwal,Krishnakumar Nataraj,1
Abhishek Agarwal,Sarath Sura,1
Abhishek Agarwal,Shanti Mohan,1
Abhishek Agarwal,Sarthak and Nihit Agarwal,1
Abhishek Agarwal,Suramya Gupta,1
Krishnakumar Nataraj,Sarath Sura,1
Krishnakumar Nataraj,Shanti Mohan,1
Krishnakumar Nataraj,Sarthak and Nihit Agarwal,1
Krishnakumar Nataraj,Suramya Gupta,1
Sarath Sura,Shanti Mohan,1
Sarath Sura,Sarthak and Nihit Agarwal,1
Sarath Sura,Suramya Gupta,1
Sarthak and Nihit Agarwal,Shanti Mohan,1
Shanti Mohan,Suramya Gupta,1
Sarthak and Nihit Agarwal,Suramya Gupta,1
DSG Consumer Partners,Verlinvest,1
Beenext,Lightbox,1
Digital Garage,Lightbox,1
Beenos,Lightbox,1
Sequoia Capital,Unitus Seed Fund,1
Fenqile,Yeahmobi,1
Microsoft Ventures,Salesforce Ventures,1
Kae Capital,Kunal Shah,1
Kae Capital,Sandeep Tandon,2
Aneesh Reddy,Kunal Shah,1
Kunal Shah,Venkat Tadanki,1
Krishna Mehra,Kunal Shah,1
Amit Rathore,Kunal Shah,1
Aneesh Reddy,Tracxn Labs,2
Aneesh Reddy,Venkat Tadanki,1
Aneesh Reddy,Krishna Mehra,1
Amit Rathore,Aneesh Reddy,1
Tracxn Labs,Venkat Tadanki,1
Krishna Mehra,Tracxn Labs,1
Amit Rathore,Tracxn Labs,1
Krishna Mehra,Venkat Tadanki,1
Amit Rathore,Venkat Tadanki,1
Amit Rathore,Krishna Mehra,1
Anand Singh,Ankit Maheshwari,1
Priti Padhy,Ritesh Dwivedy,1
CIO Angel Network,Indian Angel Network,1
Mohit Satyanand,Vivek Joshi,1
Amit Banati,Vivek Joshi,1
Arun Khanna,Vivek Joshi,1
Amit Banati,Mohit Satyanand,1
Arun Khanna,Mohit Satyanand,1
Amit Banati,Arun Khanna,1
Bhavish Aggarwal,Ratan Tata,1
Ankit Bhati,Ratan Tata,1
Binny Bansal,Ratan Tata,1
Girish Mathrubootham,Ratan Tata,1
Bhavish Aggarwal,Girish Mathrubootham,1
Ankit Bhati,Girish Mathrubootham,1
Binny Bansal,Girish Mathrubootham,1
Fortisure Ventures,You & Mr Jones,1
Diaz Nesamoney,You & Mr Jones,1
Diaz Nesamoney,Fortisure Ventures,1
Blume Ventures & Vaibhav Domkundwar,Saama Capital,1
Ravi Adusumalli,SAIF Partners,1
Blume Ventures,New Enterprise Associates (NEA),1
Amit Khanna (LetsVenture),Sanjay Verma,1
Concur Technologies,Gund Investment,1
Orios Venture Partners,RB Investments PTE Ltd,1
Fusion Tech Ventures,Rahul Kirloskar,1
Adi Saravanan,Rahul Kirloskar,1
Pravin Dongre,Rahul Kirloskar,1
Mahendra Doshi,Rahul Kirloskar,1
Adi Saravanan,Fusion Tech Ventures,1
Fusion Tech Ventures,Pravin Dongre,1
Fusion Tech Ventures,Mahendra Doshi,1
Adi Saravanan,Pravin Dongre,1
Adi Saravanan,Mahendra Doshi,1
Mahendra Doshi,Pravin Dongre,1
Purvi Ventures,Rajul Garg,1
Purvi Ventures,Vipin Arora,1
Rajul Garg,Vipin Arora,1
Jitendra Gupta,Pankaj Tripathi,1
Aprameya Radhakrishnan,SAIF Partners,1
Phanindra Sama,SAIF Partners,1
SAIF Partners,Subba Rao Telidevara,1
SAIF Partners,Vibhu Garg,1
Paula Ravindra Mariwala,SAIF Partners,1
Gaurav Bhalotia,SAIF Partners,1
Aprameya Radhakrishnan,Phanindra Sama,1
Aprameya Radhakrishnan,Subba Rao Telidevara,1
Aprameya Radhakrishnan,Vibhu Garg,1
Aprameya Radhakrishnan,Paula Ravindra Mariwala,1
Aprameya Radhakrishnan,Gaurav Bhalotia,1
Phanindra Sama,Subba Rao Telidevara,1
Phanindra Sama,Vibhu Garg,1
Paula Ravindra Mariwala,Phanindra Sama,1
Gaurav Bhalotia,Phanindra Sama,1
Subba Rao Telidevara,Vibhu Garg,1
Paula Ravindra Mariwala,Subba Rao Telidevara,1
Gaurav Bhalotia,Subba Rao Telidevara,1
Paula Ravindra Mariwala,Vibhu Garg,1
Gaurav Bhalotia,Vibhu Garg,1
Gaurav Bhalotia,Paula Ravindra Mariwala,1
Amit Banka,Kanodia family,1
Bertelsmann India Investments,Mayfield India,1
Bertelsmann India Investments,Saama Capital,1
Bertelsmann India Investments,India Quotient,1
Mayfield India,Saama Capital,1
India Quotient,Mayfield India,1
India Quotient,Saama Capital,1
TV Mohandas Pai,Uniqorn Ventures Fund,1
S Somasegar,Uniqorn Ventures Fund,1
S Somasegar,TV Mohandas Pai,1
Accel Partners & existing investors,Omidyar Network,1
Fauzan Rahim,Niloufer Dundh,1
Balamurugan Mani,Niloufer Dundh,1
Balamurugan Mani,Fauzan Rahim,1
GMO Payment Gateway,MediaTek,1
Hermes Group,Shruth & Smith Group,1
Hrishi Oberoi,Rohan Angrish,1
Rahul Mehta,Rohan Angrish,1
Kapil Hetamsaria,Rohan Angrish,1
Pranav Dedhia,Rohan Angrish,1
Hrishi Oberoi,Rahul Mehta,1
Hrishi Oberoi,Kapil Hetamsaria,1
Hrishi Oberoi,Pranav Dedhia,1
Kapil Hetamsaria,Rahul Mehta,1
Pranav Dedhia,Rahul Mehta,1
Kapil Hetamsaria,Pranav Dedhia,1
International Finance Corp,TPG Growth,1
Adveq Management,International Finance Corp,1
IDG Ventures,International Finance Corp,1
International Finance Corp,Ratan Tata,1
International Finance Corp,Kris Gopalakrishnan,1
Adveq Management,TPG Growth,1
IDG Ventures,TPG Growth,2
Ratan Tata,TPG Growth,1
Kris Gopalakrishnan,TPG Growth,1
Adveq Management,IDG Ventures,1
Adveq Management,Ratan Tata,1
Adveq Management,Kris Gopalakrishnan,1
IDG Ventures,Ratan Tata,1
IDG Ventures,Kris Gopalakrishnan,2
Kris Gopalakrishnan,Ratan Tata,1
Helion Venture,Sistema Asia Fund,1
Sistema Asia Fund,VentureEast,1
India Alternatives,Sistema Asia Fund,1
Helion Venture,VentureEast,1
Helion Venture,India Alternatives,1
India Alternatives,VentureEast,1
IDG Ventures,Inventus Capital,1
IDG Ventures,Indian Angel Network,1
Indian Angel Network,Inventus Capital,1
Blume Ventures,Exfinity Venture Partners,1
BeeNext,Exfinity Venture Partners,1
Exfinity Venture Partners,Rajesh Ranavat,1
BeeNext,Blume Ventures,1
Blume Ventures,Rajesh Ranavat,1
BeeNext,Rajesh Ranavat,1
Roopak Saluja,Vishal Khare,1
Manish Kheterpal,Vinay Mittal,1
Dinesh Mittal,Manish Kheterpal,1
Manish Kheterpal,Sandeep Gupta,1
Dinesh Mittal,Vinay Mittal,1
Sandeep Gupta,Vinay Mittal,1
Dinesh Mittal,Sandeep Gupta,1
IDG Ventures India,Inventus Capital,1
Blume Ventures,IDG Ventures India,1
Blume Ventures,Inventus Capital,1
Accel Partners,Matrix Partners,1
Accel Partners,Girish Mathrubootham,1
Girish Mathrubootham,Matrix Partners,1
DST Global,Norwest Venture Partners,1
Accel Partners,Norwest Venture Partners,2
Accel Partners,DST Global,1
Arun Tadanki,JM Financial Products Ltd,1
Doreswamy Nandkishore,JM Financial Products Ltd,1
JM Financial Products Ltd,Kshitij Jain,1
Arun Tadanki,Doreswamy Nandkishore,1
Arun Tadanki,Kshitij Jain,1
Doreswamy Nandkishore,Kshitij Jain,1
Blume Ventures,Rajan Anandan,1
Blume Ventures,Sumit Jain,1
Blume Ventures,Sujeet Kumar,1
Blume Ventures,Phanindra Sama,2
Rajan Anandan,Sumit Jain,2
Aprameya Radhakrishna,Rajan Anandan,2
Rajan Anandan,Sujeet Kumar,1
Phanindra Sama,Rajan Anandan,1
Aprameya Radhakrishna,Sumit Jain,2
Sujeet Kumar,Sumit Jain,2
Phanindra Sama,Sumit Jain,1
Aprameya Radhakrishna,Sujeet Kumar,1
Aprameya Radhakrishna,Phanindra Sama,2
Phanindra Sama,Sujeet Kumar,1
Creation Investments Capital Management,SAIF Partners,1
Creation Investments Capital Management,Sequoia Capital,1
Aspada Ventures,Creation Investments Capital Management,1
Aspada Ventures,SAIF Partners,1
Aspada Ventures,Sequoia Capital,1
Aditya Aggarwal,Rakesh Gupta,1
Rakesh Gupta,Siddharth Banerjee,1
Rakesh Gupta,Vikas Ranjan,1
Anshul Jindal,Rakesh Gupta,1
Rakesh Gupta,"Sunil Koul, and Sanjeev Agrawal",1
Aditya Aggarwal,Siddharth Banerjee,1
Aditya Aggarwal,Vikas Ranjan,1
Aditya Aggarwal,Anshul Jindal,1
Aditya Aggarwal,"Sunil Koul, and Sanjeev Agrawal",1
Siddharth Banerjee,Vikas Ranjan,1
Anshul Jindal,Siddharth Banerjee,1
Siddharth Banerjee,"Sunil Koul, and Sanjeev Agrawal",1
Anshul Jindal,Vikas Ranjan,1
"Sunil Koul, and Sanjeev Agrawal",Vikas Ranjan,1
Anshul Jindal,"Sunil Koul, and Sanjeev Agrawal",1
Phanindra Sama,Raghunandan G,1
Matrix Partners,Nexus Ventures,1
AdvantEdge Partners,S Chand,1
Kinnevik Group,Rocket Internet,1
Accel Partners,Helion Venture Partners,3
Anuj Srivastava,Anupam Mittal,1
Ankit Nagori,Anupam Mittal,1
Ankit Nagori,Anuj Srivastava,1
DeVry Inc,Kaizen Management Advisors,1
Aprameya,Sujeet Kumar,1
Subramanya Venkat,Sujeet Kumar,1
Sujeet Kumar,Venk,1
Ravi Machani,Sujeet Kumar,1
Hitesh Gupta,Sujeet Kumar,1
Rohit Choudhary,Sujeet Kumar,1
Aprameya,Sumit Jain,1
Aprameya,Subramanya Venkat,1
Aprameya,Venk,1
Aprameya,Ravi Machani,1
Aprameya,Hitesh Gupta,1
Aprameya,Rohit Choudhary,1
Subramanya Venkat,Sumit Jain,1
Sumit Jain,Venk,1
Ravi Machani,Sumit Jain,1
Hitesh Gupta,Sumit Jain,1
Rohit Choudhary,Sumit Jain,1
Subramanya Venkat,Venk,1
Ravi Machani,Subramanya Venkat,1
Hitesh Gupta,Subramanya Venkat,1
Rohit Choudhary,Subramanya Venkat,1
Ravi Machani,Venk,1
Hitesh Gupta,Venk,1
Rohit Choudhary,Venk,1
Hitesh Gupta,Ravi Machani,1
Ravi Machani,Rohit Choudhary,1
Hitesh Gupta,Rohit Choudhary,1
Chatsworth Management,ITW Digital,1
FF Angel,Sequoia Capital,1
Accel Partners,Indian Angel Network,1
Accel Partners,India Innovation Fund India Venture Partners,1
India Innovation Fund India Venture Partners,Indian Angel Network,1
Anirudh Damani,Vikram Lakhotia,2
Nelstone Ventures,Transmedia Capital,1
Maiden Lane Ventures,Nelstone Ventures,1
CSC Upshot & Angel investors,Nelstone Ventures,1
Maiden Lane Ventures,Transmedia Capital,1
CSC Upshot & Angel investors,Transmedia Capital,1
CSC Upshot & Angel investors,Maiden Lane Ventures,1
Alok Sharma,Indian Angel Network,1
Indian Angel Network,Kris Gopalakrishnan,1
Indian Angel Network,"Saurabh Srivastava, and Ajai Chowdhry",1
Alok Sharma,Kris Gopalakrishnan,2
Alok Sharma,"Saurabh Srivastava, and Ajai Chowdhry",1
Kris Gopalakrishnan,"Saurabh Srivastava, and Ajai Chowdhry",1
Blume Ventures,TM Service Technology Holdings GmbH,1
Barkawi Holdings GmbH,TM Service Technology Holdings GmbH,1
IDG,Indian Angel Network,1
Mahendra Patel,Nilender Chauhan,1
Sequoia Capital,Softbank,3
Lightspeed Venture Partners,Softbank,1
Greenoaks Capital,Softbank,1
DSG Consumer Partners and Venture Nursery,Softbank,1
Lightspeed Venture Partners,Sequoia Capital,1
Greenoaks Capital,Sequoia Capital,2
DSG Consumer Partners and Venture Nursery,Sequoia Capital,1
DSG Consumer Partners and Venture Nursery,Lightspeed Venture Partners,1
DSG Consumer Partners and Venture Nursery,Greenoaks Capital,1
Dr. Ranjan Pai,Kris Gopalakrishnan,1
Anirudh Damani,Daud Ali,1
Anirudh Damani,Narendra Karnavat,1
Anirudh Damani,Vikas Kapoor,1
Anirudh Damani,Krishna Jhunjhunwaala,1
Anirudh Damani,Jayesh Shah,1
Daud Ali,Narendra Karnavat,1
Daud Ali,Vikas Kapoor,1
Daud Ali,Vikram Lakhotia,1
Daud Ali,Krishna Jhunjhunwaala,1
Daud Ali,Jayesh Shah,1
Narendra Karnavat,Vikas Kapoor,1
Narendra Karnavat,Vikram Lakhotia,1
Krishna Jhunjhunwaala,Narendra Karnavat,1
Jayesh Shah,Narendra Karnavat,1
Vikas Kapoor,Vikram Lakhotia,1
Krishna Jhunjhunwaala,Vikas Kapoor,1
Jayesh Shah,Vikas Kapoor,1
Krishna Jhunjhunwaala,Vikram Lakhotia,1
Jayesh Shah,Vikram Lakhotia,1
Jayesh Shah,Krishna Jhunjhunwaala,1
Pravin Khandelwal,Yatin Kumar Jain,1
Dr. Sridhar Ramaswamy,Rakesh Mathur,1
Prashant Gooty,Rajeev Agrawal,1
Neeraj Arora,Ram Shriram,1
Puru Vashishtha,Ram Shriram,1
Neeraj Arora,Puru Vashishtha,1
Ajay Data,Mahavir Pratap Sharma,1
Mahavir Pratap Sharma,Yogesh Chaudhary,2
Mahavir Pratap Sharma,Sanjay Phophaliya,1
Mahavir Pratap Sharma,Siddharth Agarwal,1
Kamal Kothari,Mahavir Pratap Sharma,2
Ajay Data,Yogesh Chaudhary,1
Ajay Data,Sanjay Phophaliya,1
Ajay Data,Siddharth Agarwal,1
Ajay Data,Kamal Kothari,1
Sanjay Phophaliya,Yogesh Chaudhary,1
Siddharth Agarwal,Yogesh Chaudhary,1
Kamal Kothari,Yogesh Chaudhary,2
Sanjay Phophaliya,Siddharth Agarwal,1
Kamal Kothari,Sanjay Phophaliya,1
Kamal Kothari,Siddharth Agarwal,1
Vivek Nathani,Yogesh Chaudhary,1
Mahavir Pratap Sharma,Vivek Nathani,1
Kamal Kothari,Vivek Nathani,1
H C Jain,Vivek Nathani,1
H C Jain,Yogesh Chaudhary,1
H C Jain,Mahavir Pratap Sharma,1
H C Jain,Kamal Kothari,1
AdvantEdge Partners,Pawan Munjal,1
Astarc Ventures,Pawan Munjal,1
AdvantEdge Partners,Astarc Ventures,1
Gaurav Agarwal,Mitin Patel,1
LetsVenture,Stanford Angels,1
Chennai Angels,Stanford Angels,1
Hyderabad Angels,Stanford Angels,1
Mumbai Angels,Stanford Angels,1
Hyderabad Angels,LetsVenture,1
Chennai Angels,Hyderabad Angels,1
Chennai Angels,Mumbai Angels,1
Hyderabad Angels,Mumbai Angels,1
Maverick Capital Ventures,Sequoia Capital,1
Maverick Capital Ventures,Omidyar Network,1
Omidyar Network,Sequoia Capital,2
Adil Allana,Blume Ventures,1
Blume Ventures,Gautam Ivatury,1
Blume Ventures,Signal Point Partners,1
Adil Allana,Aprameya Radhakrishna,1
Adil Allana,Gautam Ivatury,1
Adil Allana,Signal Point Partners,1
Aprameya Radhakrishna,Gautam Ivatury,1
Aprameya Radhakrishna,Signal Point Partners,1
Gautam Ivatury,Signal Point Partners,1
M&Y Partners,SVG Media,1
Anthil Ventures & others,M&Y Partners,1
Anthil Ventures & others,SVG Media,1
HR Fund,Inventus Capital Partners,1
NTT Finance,Telephone Corporation,1
Apurva Salapuria,GrowthStory,1
GrowthStory,Hitesh Oberoi,1
GrowthStory,Sidharth Pansari,1
GrowthStory,Nirupa Shankar,1
Apurva Salapuria,Hitesh Oberoi,1
Apurva Salapuria,Sidharth Pansari,1
Apurva Salapuria,Nirupa Shankar,1
Hitesh Oberoi,Sidharth Pansari,1
Hitesh Oberoi,Nirupa Shankar,1
Nirupa Shankar,Sidharth Pansari,1
IDFC SPICE Fund,Micromax Informatics,1
Max Levchin,Scott Banister,1
Anupam Mittal,Farooq Oomerbhoy,1
Anand Mittal,Farooq Oomerbhoy,1
Farooq Oomerbhoy,Ravi Garikipati,1
Farooq Oomerbhoy,Vibhu Garg,1
Farooq Oomerbhoy,Singapore Angel Network,1
Farooq Oomerbhoy,Konglo Ventures,1
Anand Mittal,Anupam Mittal,1
Anupam Mittal,Ravi Garikipati,1
Anupam Mittal,Vibhu Garg,1
Anupam Mittal,Singapore Angel Network,2
Anupam Mittal,Konglo Ventures,1
Anand Mittal,Ravi Garikipati,1
Anand Mittal,Vibhu Garg,1
Anand Mittal,Singapore Angel Network,1
Anand Mittal,Konglo Ventures,1
Ravi Garikipati,Vibhu Garg,1
Ravi Garikipati,Singapore Angel Network,1
Konglo Ventures,Ravi Garikipati,1
Singapore Angel Network,Vibhu Garg,1
Konglo Ventures,Vibhu Garg,1
Konglo Ventures,Singapore Angel Network,1
Helion Ventures,Nandan Nilekani,1
Nandan Nilekani,Omidyar Networks,1
Helion Ventures,Omidyar Networks,1
Blume Ventures,Helion Ventures,1
Blume Ventures,Omidyar Networks,1
Anand Rajaraman,Rebright Partners,1
Rebright Partners,Venky Harinarayan,1
Anand Rajaraman,Venky Harinarayan,2
Fundnel,RB Investments,1
Lip-Bu Tan,Michael Marks,1
Lip-Bu Tan,Nicolas Braithwaite,1
Michael Marks,Nicolas Braithwaite,1
Kludein LLC\\nPhanindra Sama,Narayan Ramachandran,1
Kludein LLC\\nPhanindra Sama,Pranav Pai,1
Narayan Ramachandran,Pranav Pai,1
Amit Nanavati,Blinc Advisors,1
Blinc Advisors,Tashwinder Singh,1
Blinc Advisors,Taranjit Jaswal,1
Amit Khanna,Blinc Advisors,1
Amit Nanavati,Tashwinder Singh,1
Amit Nanavati,Taranjit Jaswal,1
Amit Khanna,Amit Nanavati,1
Taranjit Jaswal,Tashwinder Singh,1
Amit Khanna,Tashwinder Singh,1
Amit Khanna,Taranjit Jaswal,1
Anoop Hingorani,Sudhir Mehta,1
Daman Soni,Rajat Gupta & Others,1
Anuj Sanghi,Ruchirans Jaipuria,1
Accel Partners,Zop Smart,1
Qualcomm Ventures,Zop Smart,1
M&S Partners,Zop Smart,1
Rebright Partners,Sol Primero,1
Rebright Partners,Sudhir Anandarao,1
Ankur Warikoo,Rebright Partners,1
Ankur Singla,Rebright Partners,1
Sol Primero,Sudhir Anandarao,1
Ankur Warikoo,Sol Primero,1
Ankur Singla,Sol Primero,1
Ankur Warikoo,Sudhir Anandarao,1
Ankur Singla,Sudhir Anandarao,1
Ankur Singla,Ankur Warikoo,1
Abhay Singhal,Naveen Tewari,1
Amit Gupta,Naveen Tewari,1
Naveen Tewari,Piyush Shah,1
Naveen Tewari,Raghunandan G,1
Naveen Tewari,Rajiv Mehta,1
Abhay Singhal,Amit Gupta,1
Abhay Singhal,Piyush Shah,1
Abhay Singhal,Raghunandan G,1
Abhay Singhal,Rajiv Mehta,1
Amit Gupta,Piyush Shah,2
Amit Gupta,Raghunandan G,2
Amit Gupta,Rajiv Mehta,1
Piyush Shah,Raghunandan G,1
Piyush Shah,Rajiv Mehta,1
Raghunandan G,Rajiv Mehta,1
Apoorv Ranjan Sharma,Daud Ali and others,1
Bertelsmann India Investments,Undisclosed Japanese investor,1
Nirvana Digital India Fund,Undisclosed Japanese investor,1
Nirvana Digital Investment Holding Co Ltd,Undisclosed Japanese investor,1
500 Start-Ups,Undisclosed Japanese investor,1
Bertelsmann India Investments,Nirvana Digital India Fund,2
Bertelsmann India Investments,Nirvana Digital Investment Holding Co Ltd,1
500 Start-Ups,Bertelsmann India Investments,1
Nirvana Digital India Fund,Nirvana Digital Investment Holding Co Ltd,1
500 Start-Ups,Nirvana Digital India Fund,1
500 Start-Ups,Nirvana Digital Investment Holding Co Ltd,1
Aspada Investment Advisors,Blume Ventures.,1
Indian Angel Network,Stanford Angels,2
Entrepreneurs India,Indian Angel Network,2
Entrepreneurs India,Stanford Angels,2
Amit Choudhary,Anuj Puri,1
Raj Gala Shah,Zaheer Memon,1
Greycroft Partners,Ignition Partners,1
Fidelity Growth Partners India,Ignition Partners,1
Fidelity Growth Partners India,Greycroft Partners,1
Ajay Modani,Hari Krishna,1
Dr V Ravinder,Hari Krishna,1
Anirudh Rastogi,Hari Krishna,1
Abhishek Jain,Hari Krishna,1
Hari Krishna,Rakesh Gakhar,1
Hari Krishna,Rajeev Mudumba,1
Hari Krishna,Nagendra Prasad Bhanuprakash,1
Ajay Modani,Dr V Ravinder,1
Ajay Modani,Anirudh Rastogi,1
Abhishek Jain,Ajay Modani,1
Ajay Modani,Rakesh Gakhar,1
Ajay Modani,Rajeev Mudumba,1
Ajay Modani,Nagendra Prasad Bhanuprakash,1
Anirudh Rastogi,Dr V Ravinder,1
Abhishek Jain,Dr V Ravinder,1
Dr V Ravinder,Rakesh Gakhar,1
Dr V Ravinder,Rajeev Mudumba,1
Dr V Ravinder,Nagendra Prasad Bhanuprakash,1
Abhishek Jain,Anirudh Rastogi,1
Anirudh Rastogi,Rakesh Gakhar,1
Anirudh Rastogi,Rajeev Mudumba,1
Anirudh Rastogi,Nagendra Prasad Bhanuprakash,1
Abhishek Jain,Rakesh Gakhar,1
Abhishek Jain,Rajeev Mudumba,1
Abhishek Jain,Nagendra Prasad Bhanuprakash,1
Rajeev Mudumba,Rakesh Gakhar,1
Nagendra Prasad Bhanuprakash,Rakesh Gakhar,1
Nagendra Prasad Bhanuprakash,Rajeev Mudumba,1
Blume Ventures,S Chand and Co Pvt Ltd,1
Alex Kuruvilla,Pradeep Guha,1
Alex Kuruvilla,Saket Dhankar,1
Alex Kuruvilla,Rajan Pandhare,1
Pradeep Guha,Saket Dhankar,1
Pradeep Guha,Rajan Pandhare,1
Rajan Pandhare,Saket Dhankar,1
Chandrashekar Tallapragada,Pankaj Kapoor,1
Atul Nishar,Kris Gopalakrishnan,1
Abhishek Goyal,Zishaan Hayath,1
Arjun and Rohan Malhotra,Zishaan Hayath,1
Harpreet Singh Grover,Zishaan Hayath,2
Gagan Dugal,Zishaan Hayath,1
Abhishek Goyal,Arjun and Rohan Malhotra,1
Abhishek Goyal,Harpreet Singh Grover,1
Abhishek Goyal,Gagan Dugal,1
Arjun and Rohan Malhotra,Harpreet Singh Grover,1
Arjun and Rohan Malhotra,Gagan Dugal,1
Gagan Dugal,Harpreet Singh Grover,1
Anita Hassanandani,Rannvijay Singh,1
Sequoia India,Sofina,1
Indian Angel Network,Tracxn Labs & Others,1
Alok Mittal,Rajul Garg,1
Kunal Shah,Rajul Garg,1
Rajul Garg,Rishi Mandawat,1
Dheeraj Jain,Rajul Garg,1
Rajul Garg,Sandeep Tandon,1
Dexter Angel Circle,Rajul Garg,1
Alok Mittal,Kunal Shah,1
Alok Mittal,Rishi Mandawat,1
Alok Mittal,Dheeraj Jain,1
Alok Mittal,Sandeep Tandon,1
Alok Mittal,Dexter Angel Circle,1
Kunal Shah,Rishi Mandawat,1
Dexter Angel Circle,Kunal Shah,1
Dheeraj Jain,Rishi Mandawat,1
Rishi Mandawat,Sandeep Tandon,1
Dexter Angel Circle,Rishi Mandawat,1
Dexter Angel Circle,Dheeraj Jain,1
Dexter Angel Circle,Sandeep Tandon,1
Infocomm Development Authority of Singapore,Pix Vine Capital,1
Devidas Desai,Vipul Gautam,1
Devidas Desai,Singapore Angel Network,1
Singapore Angel Network,Vipul Gautam,1
500 Startups,Littlerock,1
500 Startups,Singularity Ventures,1
Littlerock,Singularity Ventures,1
BitChemy Ventures,Maheshwari Investments Pvt Ltd,1
Anshoo Gaur,BitChemy Ventures,1
BitChemy Ventures,Rama Krishna Reddy,1
BitChemy Ventures,Sandeep Seerapu,1
Anshoo Gaur,Maheshwari Investments Pvt Ltd,1
Maheshwari Investments Pvt Ltd,Rama Krishna Reddy,1
Maheshwari Investments Pvt Ltd,Sandeep Seerapu,1
Anshoo Gaur,Rama Krishna Reddy,1
Anshoo Gaur,Sandeep Seerapu,1
Rama Krishna Reddy,Sandeep Seerapu,1
Bhavish Aggarwal,\\xc2\\xa0 Rajan Anandan,1
Bhavish Aggarwal,Mekin Maheshwar,1
Bhavish Aggarwal,Sunil Kalra,1
Anupam Mittal,Bhavish Aggarwal,1
Bhavish Aggarwal,Krishna Mehra,1
Bhavish Aggarwal,Singapore Angel Network,1
Binny Bansal,\\xc2\\xa0 Rajan Anandan,1
Binny Bansal,Mekin Maheshwar,1
Binny Bansal,Sunil Kalra,1
Binny Bansal,Krishna Mehra,1
Binny Bansal,Singapore Angel Network,1
Mekin Maheshwar,\\xc2\\xa0 Rajan Anandan,1
Sunil Kalra,\\xc2\\xa0 Rajan Anandan,1
Anupam Mittal,\\xc2\\xa0 Rajan Anandan,1
Krishna Mehra,\\xc2\\xa0 Rajan Anandan,1
Singapore Angel Network,\\xc2\\xa0 Rajan Anandan,1
Mekin Maheshwar,Sunil Kalra,1
Anupam Mittal,Mekin Maheshwar,1
Krishna Mehra,Mekin Maheshwar,1
Mekin Maheshwar,Singapore Angel Network,1
Anupam Mittal,Sunil Kalra,1
Krishna Mehra,Sunil Kalra,1
Singapore Angel Network,Sunil Kalra,1
Anupam Mittal,Krishna Mehra,1
Krishna Mehra,Singapore Angel Network,1
Bharanidharan Viswanathan,Sanjiv Mittal,1
Bharanidharan Viswanathan,Shobhit Shukla,1
Bharanidharan Viswanathan,Rahul Agarwal,1
Sanjiv Mittal,Shobhit Shukla,1
Rahul Agarwal,Sanjiv Mittal,1
Rahul Agarwal,Shobhit Shukla,1
Daljit Singh,Rajul Garg,1
Aditya Vij,Rajul Garg,1
Kishore Kumar,Rajul Garg,1
Rajul Garg,Shuchin Bajaj,1
Aditya Vij,Daljit Singh,1
Daljit Singh,Kishore Kumar,1
Daljit Singh,Shuchin Bajaj,1
Aditya Vij,Kishore Kumar,1
Aditya Vij,Shuchin Bajaj,1
Kishore Kumar,Shuchin Bajaj,1
Alok Mittal,Amit Gupta,1
Alok Mittal,Anuj Srivastava,1
Alok Mittal,Himanshu Aggarwal,1
Alok Mittal,Raghunandan G,1
Alok Mittal,Puneet Agarwal,1
Amit Gupta,Anuj Srivastava,1
Amit Gupta,Himanshu Aggarwal,1
Amit Gupta,Puneet Agarwal,1
Anuj Srivastava,Himanshu Aggarwal,1
Anuj Srivastava,Raghunandan G,1
Anuj Srivastava,Puneet Agarwal,1
Himanshu Aggarwal,Raghunandan G,1
Himanshu Aggarwal,Puneet Agarwal,1
Puneet Agarwal,Raghunandan G,1
Hiro Mashita,Mohandas Pai,1
Mohandas Pai,Singapore Angel Network,1
500 Startups,Mohandas Pai,1
Mohandas Pai,Rajan Anandan,1
Ajay Sarupria,Mohandas Pai,1
Hiro Mashita,Singapore Angel Network,1
500 Startups,Hiro Mashita,1
Hiro Mashita,Rajan Anandan,1
Ajay Sarupria,Hiro Mashita,1
Rajan Anandan,Singapore Angel Network,1
Ajay Sarupria,Singapore Angel Network,1
500 Startups,Ajay Sarupria,1
Ajay Sarupria,Rajan Anandan,1
Wipro Ventures,\\xc2\\xa0 Lumis Partners,1
T V Mohandas Pai,\\xc2\\xa0 Aarin Capital,1
Aarin Capital,TV Mohandas Pai,1
Nyca Partners and Thomvest Ventures,Sherpa Capital,1
Raghunandan G,Venturesity,1
Arihant Patni,Raghunandan G,1
Arihant Patni,Venturesity,1
Saha Fund,TV Mohandas Pai,1
Saha Fund,Zia Mody,1
Mumbai Angels,Saha Fund,1
Ananda Kallugadde,Saha Fund,1
Rakesh Desai,Saha Fund,1
Rakesh Malhotra,Saha Fund,1
TV Mohandas Pai,Zia Mody,1
Mumbai Angels,TV Mohandas Pai,1
Ananda Kallugadde,TV Mohandas Pai,1
Rakesh Desai,TV Mohandas Pai,1
Rakesh Malhotra,TV Mohandas Pai,1
Mumbai Angels,Zia Mody,1
Ananda Kallugadde,Zia Mody,1
Rakesh Desai,Zia Mody,1
Rakesh Malhotra,Zia Mody,1
Ananda Kallugadde,Mumbai Angels,1
Mumbai Angels,Rakesh Desai,1
Mumbai Angels,Rakesh Malhotra,1
Ananda Kallugadde,Rakesh Desai,1
Ananda Kallugadde,Rakesh Malhotra,1
Rakesh Desai,Rakesh Malhotra,1
Mohit Goel,Vinod Jain & Others,1
Sanjeev Singhal,Vinod Bansal,1
Mahesh Parasuraman,Rahul Gautam & Others,1
SAIF Partners,Vertex Ventures,1
SAIF Partners,Valiant Capital,1
IDG Ventures India,Vertex Ventures,2
IDG Ventures India,Valiant Capital,2
Valiant Capital,Vertex Ventures,2
Endiya Partners,Mekin Maheshwari,1
Endiya Partners,Rajesh Sawhney,1
Mekin Maheshwari,Rajesh Sawhney,1
Aarin Capital & Others,India Ventures,1
Anil Gelra,Atul Jain,1
Atul Jain,Jaikumar Nair,1
Anil Gelra,Jaikumar Nair,1
Alok Rawat,Grey Orange Robotics,1
Aspada Advisors,IDG Ventures,1
Aspada Advisors,\\xc2\\xa0 Inventus Capital,1
IDG Ventures,\\xc2\\xa0 Inventus Capital,1
Abhay Singhal,Vaibhav Doshi,1
Vaibhav Doshi,Vibhu Garg,1
Joby Babu,Vaibhav Doshi,1
Abhishek Acharya,Vaibhav Doshi,1
Manish Shah,Vaibhav Doshi,1
Abhay Singhal,Vibhu Garg,1
Abhay Singhal,Joby Babu,1
Abhay Singhal,Abhishek Acharya,1
Abhay Singhal,Manish Shah,1
Joby Babu,Vibhu Garg,1
Abhishek Acharya,Vibhu Garg,1
Manish Shah,Vibhu Garg,1
Abhishek Acharya,Joby Babu,1
Joby Babu,Manish Shah,1
Abhishek Acharya,Manish Shah,1
Blume Ventures,\\xc2\\xa0 Tracxn Labs,1
GrowX Ventures,Kunal Shah,1
GrowX Ventures,Sandeep Tandon,1
GrowX Ventures,Haresh Chawla,1
GrowX Ventures,Powai Lake Ventures,1
Globevestor,GrowX Ventures,1
Haresh Chawla,Kunal Shah,1
Kunal Shah,Powai Lake Ventures,1
Globevestor,Kunal Shah,1
Haresh Chawla,Sandeep Tandon,1
Powai Lake Ventures,Sandeep Tandon,1
Globevestor,Sandeep Tandon,1
Haresh Chawla,Powai Lake Ventures,1
Globevestor,Haresh Chawla,1
Globevestor,Powai Lake Ventures,1
Deepak Chokhani,Virendra Shekhawat,1
Virendra Shekhawat,Yogesh Patel & Others,1
Deepak Chokhani,Yogesh Patel & Others,1
Brand Capital,Siddhivinayak Skyscrapers,1
Brand Capital,Dinesh R. Challa,1
Dinesh R. Challa,Siddhivinayak Skyscrapers,1
Prijit Debnath,Rajnish Sinha,1
Kanchan Ghoshal,Rajnish Sinha,1
Kanchan Ghoshal,Prijit Debnath,1
KWAN Entertainment & Marketing Solutions,Powerhouse Ventures & Others,1
Amit Sandill,Dr Nandish Domlur,1
K Ganesh,Lightspeed Venture Partners,1
Dino Morea,Sujal Shah,1
Mohandas Pai,Nandan Nilekani,1
Nandan Nilekani,Neeraj Arora,1
Anand Rajaraman,Nandan Nilekani,1
Girish Mathrubootham,Nandan Nilekani,1
Aneesh Reddy & Teruhide Sato,Nandan Nilekani,1
Mohandas Pai,Neeraj Arora,1
Anand Rajaraman,Mohandas Pai,1
Girish Mathrubootham,Mohandas Pai,1
Aneesh Reddy & Teruhide Sato,Mohandas Pai,1
Anand Rajaraman,Neeraj Arora,1
Girish Mathrubootham,Neeraj Arora,1
Aneesh Reddy & Teruhide Sato,Neeraj Arora,1
Anand Rajaraman,Girish Mathrubootham,1
Anand Rajaraman,Aneesh Reddy & Teruhide Sato,1
Aneesh Reddy & Teruhide Sato,Girish Mathrubootham,1
Mohandas Pai,Varun Aggarwal,1
Accel Partners & Others,Sachin Bansal,1
Accel Partners & Others,Binny Bansal,1
IvyCap Ventures,Orios Venture Partners,1
IvyCap Ventures,Mayfield India,1
Mayfield India,Orios Venture Partners,2
Omidyar Network,\\xc2\\xa0 Vikram Lal,1
Abhijit Bhandari,Omidyar Network,1
Mahesh Murthy,Omidyar Network,1
Omidyar Network,Shashank Bhagat,1
Abhijit Bhandari,\\xc2\\xa0 Vikram Lal,1
Mahesh Murthy,\\xc2\\xa0 Vikram Lal,1
Shashank Bhagat,\\xc2\\xa0 Vikram Lal,1
Abhijit Bhandari,Mahesh Murthy,1
Abhijit Bhandari,Shashank Bhagat,1
Mahesh Murthy,Shashank Bhagat,1
Holtzbrink Ventures,Rocket Internet AG,1
"New Enterprise Associates (NEA), e.ventures, ru-Net",Rocket Internet AG,1
Deutsche Telekom Strategic Investments (DTSI),Rocket Internet AG,1
Rocket Internet AG,Silicon Valley Bank,1
Holtzbrink Ventures,"New Enterprise Associates (NEA), e.ventures, ru-Net",1
Deutsche Telekom Strategic Investments (DTSI),Holtzbrink Ventures,1
Holtzbrink Ventures,Silicon Valley Bank,1
Deutsche Telekom Strategic Investments (DTSI),"New Enterprise Associates (NEA), e.ventures, ru-Net",1
"New Enterprise Associates (NEA), e.ventures, ru-Net",Silicon Valley Bank,1
Deutsche Telekom Strategic Investments (DTSI),Silicon Valley Bank,1
StartupXseed Ventures,The Phoenix Fund and others,1
Beenext,Qualgro,1
Beenext,Mamoru Taniya,1
Beenext,SAIF Partners,1
Digital Garage,Qualgro,1
Digital Garage,Mamoru Taniya,1
Beenos,Qualgro,1
Beenos,Mamoru Taniya,1
Beenos,SAIF Partners,1
Mamoru Taniya,Qualgro,1
Qualgro,SAIF Partners,1
Mamoru Taniya,SAIF Partners,1
Suresh Venkat,Varun Aggarwal,1
Raj Y,Varun Aggarwal,1
Raj Y,Suresh Venkat,1
Calcutta Angels,Lead Angels & Others,1
Accel Partners,Ashish Hemrajani,1
Accel Partners,Parikshit Dar,1
Accel Partners,Rajesh Balpande,1
Ashish Hemrajani,Parikshit Dar,1
Ashish Hemrajani,Rajesh Balpande,1
Parikshit Dar,Rajesh Balpande,1
Acumen Fund,Insitor Impact Asia Fund,1
Pramod Bhasin,Rajan Anandan,2
Rajan Anandan,Siddharth Pai,1
Rajan Anandan,TV Mohandas Pai,1
Manvinder Singh Banga,Rajan Anandan,1
Pramod Bhasin,Siddharth Pai,1
Pramod Bhasin,TV Mohandas Pai,1
Manvinder Singh Banga,Pramod Bhasin,1
Siddharth Pai,TV Mohandas Pai,1
Manvinder Singh Banga,Siddharth Pai,1
Manvinder Singh Banga,TV Mohandas Pai,1
Deepinder Goyal,Sequoia Capital,1
Ashish Dhawan,Sequoia Capital,1
Mayank Singhal,Sequoia Capital,1
Deepinder Goyal,Kunal Bahl,1
Ashish Dhawan,Kunal Bahl,1
Kunal Bahl,Mayank Singhal,2
Deepinder Goyal,Rohit Bansal,1
Ashish Dhawan,Rohit Bansal,1
Mayank Singhal,Rohit Bansal,2
Ashish Dhawan,Deepinder Goyal,1
Deepinder Goyal,Mayank Singhal,1
Ashish Dhawan,Mayank Singhal,1
Anisha Mittal,Samir Bangara,1
Amit Gupta,Samir Bangara,1
Pallav Nadhani,Samir Bangara,1
Lalit Mangal,Samir Bangara,1
Arihant Patni,Samir Bangara,2
Dr. Ritesh Malik,Samir Bangara,1
Deobrat Singh,Samir Bangara,1
Samir Bangara,Saurab Paruthi,1
Samir Bangara,Singapore Angel Network.,1
Amit Gupta,Anisha Mittal,1
Anisha Mittal,Pallav Nadhani,1
Anisha Mittal,Lalit Mangal,1
Anisha Mittal,Arihant Patni,1
Anisha Mittal,Dr. Ritesh Malik,1
Anisha Mittal,Deobrat Singh,1
Anisha Mittal,Saurab Paruthi,1
Anisha Mittal,Singapore Angel Network.,1
Amit Gupta,Pallav Nadhani,2
Amit Gupta,Lalit Mangal,1
Amit Gupta,Arihant Patni,1
Amit Gupta,Dr. Ritesh Malik,1
Amit Gupta,Deobrat Singh,1
Amit Gupta,Saurab Paruthi,1
Amit Gupta,Singapore Angel Network.,1
Lalit Mangal,Pallav Nadhani,1
Arihant Patni,Pallav Nadhani,1
Dr. Ritesh Malik,Pallav Nadhani,1
Deobrat Singh,Pallav Nadhani,1
Pallav Nadhani,Saurab Paruthi,1
Pallav Nadhani,Singapore Angel Network.,1
Arihant Patni,Lalit Mangal,1
Dr. Ritesh Malik,Lalit Mangal,1
Deobrat Singh,Lalit Mangal,1
Lalit Mangal,Saurab Paruthi,1
Lalit Mangal,Singapore Angel Network.,1
Arihant Patni,Dr. Ritesh Malik,1
Arihant Patni,Deobrat Singh,1
Arihant Patni,Saurab Paruthi,1
Arihant Patni,Singapore Angel Network.,1
Deobrat Singh,Dr. Ritesh Malik,1
Dr. Ritesh Malik,Saurab Paruthi,1
Dr. Ritesh Malik,Singapore Angel Network.,1
Deobrat Singh,Saurab Paruthi,1
Deobrat Singh,Singapore Angel Network.,1
Saurab Paruthi,Singapore Angel Network.,1
Dheeraj Jain,Jagdish Kumar,1
Bharat Gupta,Dheeraj Jain,1
Ankush Saigal,Dheeraj Jain,1
Dheeraj Jain,Praveen Saini,1
Bharat Gupta,Jagdish Kumar,1
Ankush Saigal,Jagdish Kumar,1
Jagdish Kumar,Praveen Saini,1
Ankush Saigal,Bharat Gupta,1
Bharat Gupta,Praveen Saini,1
Ankush Saigal,Praveen Saini,1
Lalitesh Katragadda,\\xc2\\xa0 Ganayantrika Systems,1
Amit Jindal,Arjun Handa,1
Arjun Handa,Nagendra Chaudhary,1
Amit Jindal,Nagendra Chaudhary,1
Bhanu Vikram Parsotam,Rohan Desai and Paras Patel,1
SIDBI Venture Capital Limited,YourNest Angel Fund,1
Dr. Apoorv Ranjan Sharma,Krishna Jhujhunwala,1
Anirudh Damani,Krishna Jhujhunwala,1
Anand Ladsariya,Krishna Jhujhunwala,1
Krishna Jhujhunwala,Sanjay Mehta & Others,1
Anand Ladsariya,Dr. Apoorv Ranjan Sharma,1
Dr. Apoorv Ranjan Sharma,Sanjay Mehta & Others,1
Anand Ladsariya,Anirudh Damani,1
Anirudh Damani,Sanjay Mehta & Others,1
Anand Ladsariya,Sanjay Mehta & Others,1
Nahata Family,Waheed Alli,1
500 Startups,Mato Peric,1
500 Startups,TracxnLabs,1
Mato Peric,TracxnLabs,1
Lightspeed Venture Partners,Zodius Capital,1
LetsVenture,TV Mohandas Pai,1
GIC,Tiger Global Management,1
GIC,Nexus Venture Partners,1
Nexus Venture Partners,Tiger Global Management,3
Adam D\\xe2\\x80\\x99Angelo,Matt Mullenweg,1
Aditya Agarwal,Matt Mullenweg,1
Matt Mullenweg,\\xc2\\xa0 Ruchi Sanghvi & Others,1
Adam D\\xe2\\x80\\x99Angelo,Aditya Agarwal,1
Adam D\\xe2\\x80\\x99Angelo,\\xc2\\xa0 Ruchi Sanghvi & Others,1
Aditya Agarwal,\\xc2\\xa0 Ruchi Sanghvi & Others,1
N Squared Management LLC,Vallabh Bhanshali,1
Jagdish & Sandeep Mehta Family Office,Vallabh Bhanshali,1
Jagdish & Sandeep Mehta Family Office,N Squared Management LLC,1
Equity Crest,Vinners,1
Equity Crest,Sparknext,1
Sparknext,Vinners,1
March Capital,Temasek Holdings,1
Temasek Holdings,Warburg Pincus,1
March Capital,Warburg Pincus,1
50k Ventures,Munish Jauhar,1
50k Ventures,Pulkit Jain,1
50k Ventures,Rohit Narang,1
Munish Jauhar,Pulkit Jain,1
Munish Jauhar,Rohit Narang,1
Pulkit Jain,Rohit Narang,1
Mustafa Wajid,Umang Kumar & Others,1
Flipkart,Saavn,1
Flipkart,Micromax,1
Dhiraj Rajaram,Flipkart,1
Ambiga Dhiraj,Flipkart,1
Dinesh Agarwal,Flipkart,1
Flipkart,Samir Bangara,1
Flipkart,Sanjay Nath,1
Arihant Patni,Flipkart,1
Micromax,Saavn,1
Dhiraj Rajaram,Saavn,1
Ambiga Dhiraj,Saavn,1
Dinesh Agarwal,Saavn,1
Saavn,Samir Bangara,1
Saavn,Sanjay Nath,1
Arihant Patni,Saavn,1
Dhiraj Rajaram,Micromax,1
Ambiga Dhiraj,Micromax,1
Dinesh Agarwal,Micromax,1
Micromax,Samir Bangara,1
Micromax,Sanjay Nath,1
Arihant Patni,Micromax,1
Ambiga Dhiraj,Dhiraj Rajaram,1
Dhiraj Rajaram,Dinesh Agarwal,1
Dhiraj Rajaram,Samir Bangara,1
Dhiraj Rajaram,Sanjay Nath,1
Arihant Patni,Dhiraj Rajaram,1
Ambiga Dhiraj,Dinesh Agarwal,1
Ambiga Dhiraj,Samir Bangara,1
Ambiga Dhiraj,Sanjay Nath,1
Ambiga Dhiraj,Arihant Patni,1
Dinesh Agarwal,Samir Bangara,1
Dinesh Agarwal,Sanjay Nath,1
Arihant Patni,Dinesh Agarwal,1
Samir Bangara,Sanjay Nath,1
Arihant Patni,Sanjay Nath,1
Samar Singla,Varun Khurana,1
Varun Khurana,Vinay Bansal,1
Samar Singla,Vinay Bansal,1
Hyderabad Angels,Lalit Mangal,1
Hyderabad Angels,\\xc2\\xa0 Vikas Malpani,1
Hyderabad Angels,LV Prasad,1
Lalit Mangal,\\xc2\\xa0 Vikas Malpani,1
Gaurav Bhalotia,Lalit Mangal,1
LV Prasad,Lalit Mangal,1
Gaurav Bhalotia,\\xc2\\xa0 Vikas Malpani,1
LV Prasad,\\xc2\\xa0 Vikas Malpani,1
Gaurav Bhalotia,LV Prasad,1
Bertelsmann India Investments,Nirvana Digital Investment Holding,1
500 Startups,Bertelsmann India Investments,1
Nirvana Digital India Fund,Nirvana Digital Investment Holding,1
500 Startups,Nirvana Digital India Fund,1
500 Startups,Nirvana Digital Investment Holding,1
Harmony Partners,RB Investments & existing investors,1
Unilazer Fund,\\xc2\\xa0 Phanindra Sama,1
Peyush Bansal,Unilazer Fund,1
Peyush Bansal,\\xc2\\xa0 Phanindra Sama,1
Lemelson Foundation,Michael and Susan Dell Foundation,1
Ambi Parameswaran,Farooq Adam,1
Beenext Ventures,Sequoia Capital,1
India Quotient,Sequoia Capital,2
Anand Chandrasekaran,Sequoia Capital,1
Beenext Ventures,India Quotient,1
Anand Chandrasekaran,Beenext Ventures,1
Anand Chandrasekaran,India Quotient,1
Jungle Ventures,Taurus Value Creation,1
Jungle Ventures,Konly Venture,1
Blume Ventures,Jungle Ventures,2
Konly Venture,Taurus Value Creation,1
Blume Ventures,Taurus Value Creation,1
Blume Ventures,Konly Venture,1
Arihant Patni,Avnish Mehra,1
Arihant Patni,Pranay Adhvaryu,1
Arihant Patni,Ravi Sampat,1
Avnish Mehra,Pranay Adhvaryu,1
Avnish Mehra,Ravi Sampat,1
Pranay Adhvaryu,Ravi Sampat,1
Institutional Venture Partners,Norwest Venture Partners,1
Institutional Venture Partners,Lightspeed Venture Partners,1
CRV,Institutional Venture Partners,1
Lightspeed Venture Partners,Norwest Venture Partners,1
CRV,Norwest Venture Partners,1
CRV,Lightspeed Venture Partners,1
Kalaari Capital and Inventus Capital,Nandan Nilekani,1
Accel Partners,Kalaari Capital and Inventus Capital,1
Amit Gupta,Anupam Mittal,1
Anupam Mittal,Utsav Somani,1
Anupam Mittal,Neeraj Goenka,1
Anupam Mittal,Farooq Adam Mukadam,1
Amit Gupta,Utsav Somani,1
Amit Gupta,Neeraj Goenka,1
Amit Gupta,Farooq Adam Mukadam,1
Neeraj Goenka,Utsav Somani,1
Farooq Adam Mukadam,Utsav Somani,1
Farooq Adam Mukadam,Neeraj Goenka,1
Mohit Saxena,TV Mohandas Pai,1
Raghunandan G,TV Mohandas Pai,1
Singapore Angel Network,TV Mohandas Pai,1
TV Mohandas Pai,TracxnLabs,1
Mohit Saxena,Raghunandan G,1
Mohit Saxena,Singapore Angel Network,1
Mohit Saxena,TracxnLabs,1
Raghunandan G,Singapore Angel Network,1
Raghunandan G,TracxnLabs,1
Singapore Angel Network,TracxnLabs,1
Harminder Sahni,Krishna Mehra,1
Harminder Sahni,Sanjay Bakshi,1
Krishna Mehra,Sanjay Bakshi,1
Lightspeed Venture Partners,Zodius Technology Fund,1
Inventus Capital,Kalaari Capital,1
Kalaari Capital,Tekton Ventures,1
Kae Capital,Kalaari Capital,1
Inventus Capital,Tekton Ventures,1
Inventus Capital,Kae Capital,1
Kae Capital,Tekton Ventures,1
Amit Patni,Anirudh Damani,1
Amit Patni,Samir Shah,1
Anirudh Damani,Samir Shah,1
Aarin Capital Partners,TV Mohandas Pai,1
Lashit Sanghvi,Nikhil Vora,1
Lashit Sanghvi,Venkat Vardhan,1
Lashit Sanghvi,Mohammed Bin Abdul Rehman Al Khalifa,1
Lashit Sanghvi,\\xc2\\xa0 Ralph Berezan,1
Lashit Sanghvi,Vissal Mathew,1
Lashit Sanghvi,\\xc2\\xa0 Balamurali Krishna,1
Nikhil Vora,Venkat Vardhan,1
Mohammed Bin Abdul Rehman Al Khalifa,Nikhil Vora,1
Nikhil Vora,\\xc2\\xa0 Ralph Berezan,1
Nikhil Vora,Vissal Mathew,1
Nikhil Vora,\\xc2\\xa0 Balamurali Krishna,1
Mohammed Bin Abdul Rehman Al Khalifa,Venkat Vardhan,1
Venkat Vardhan,\\xc2\\xa0 Ralph Berezan,1
Venkat Vardhan,Vissal Mathew,1
Venkat Vardhan,\\xc2\\xa0 Balamurali Krishna,1
Mohammed Bin Abdul Rehman Al Khalifa,\\xc2\\xa0 Ralph Berezan,1
Mohammed Bin Abdul Rehman Al Khalifa,Vissal Mathew,1
Mohammed Bin Abdul Rehman Al Khalifa,\\xc2\\xa0 Balamurali Krishna,1
Vissal Mathew,\\xc2\\xa0 Ralph Berezan,1
\\xc2\\xa0 Balamurali Krishna,\\xc2\\xa0 Ralph Berezan,1
Vissal Mathew,\\xc2\\xa0 Balamurali Krishna,1
TV Mohandas Pai,The Saha Fund,1
Sequoia Capital,Times Internet Ltd & One more Fund,1
Anupam Mittal,Rajesh Sawhney,1
Dinesh Agarwal,Rajesh Sawhney,1
Gaurav Gupta,Rajesh Sawhney,1
Anupam Mittal,Dinesh Agarwal,1
Anupam Mittal,Gaurav Gupta,1
Dinesh Agarwal,Gaurav Gupta,1
Sequoia Capital,ru-Net,1
\\xc2\\xa0 Lightbox Ventures,ru-Net,1
Sequoia Capital,\\xc2\\xa0 Lightbox Ventures,1
Ajeet Khurana Jinesh Shah,Vikram Chachra,1
Ajeet Khurana Jinesh Shah,Dr. Aniruddha Malpani,1
Dr. Aniruddha Malpani,Vikram Chachra,1
Orios Venture Partners,Unilazer Ventures,1
Steven Lurie,Unilazer Ventures,1
Orios Venture Partners,Steven Lurie,1
Jitendra Gupta,TracxnLabs,1
Prashant Tandon,TracxnLabs,1
Jitendra Gupta,Prashant Tandon,1
Accion,SAIF Partners,1
Tiger Global Management,Yuri Milner,1
Apoletto,Tiger Global Management,1
Flipkart,Tiger Global Management,2
Apoletto,Yuri Milner,1
Accel Partners,Yuri Milner,1
Flipkart,Yuri Milner,1
Accel Partners,Apoletto,1
Apoletto,Flipkart,1
Mr. Praveen Someshwar,Mr. Sudhir & Ms. Shalini Sethi,1
Blume Ventures,Sequoia Capital,2
Sequoia Capital,Uniqorn Ventures and other,1
Blume Ventures,Uniqorn Ventures and other,1
Gabriel Investments,Sashi Reddi,1
LetsVenture,Mohandas Pai,1
Rajan Anandan,Zoya Akhtar,1
Rajan Anandan,Reema Kagati,1
Rajan Anandan,Ruchi Narain,1
Amrish Kumar,Rajan Anandan,1
Hrishikesh Parandekar,Rajan Anandan,1
Reema Kagati,Zoya Akhtar,1
Ruchi Narain,Zoya Akhtar,1
Amrish Kumar,Zoya Akhtar,1
Hrishikesh Parandekar,Zoya Akhtar,1
Reema Kagati,Ruchi Narain,1
Amrish Kumar,Reema Kagati,1
Hrishikesh Parandekar,Reema Kagati,1
Amrish Kumar,Ruchi Narain,1
Hrishikesh Parandekar,Ruchi Narain,1
Amrish Kumar,Hrishikesh Parandekar,1
Accel Partners India,RB Investments,1
Mumbai Angels,Singapore Angel Network,2
Mumbai Angels,Zishaan Hayath,1
Singapore Angel Network,Zishaan Hayath,1
Singapore Angels Network,Vijay Shekhar Sharma,1
Amazon,Vertex Ventures,1
Amazon,Qualcomm,1
Amazon,Ru-Net Technology Partners,1
Amazon,Matrix Partners,1
Qualcomm,Vertex Ventures,1
Ru-Net Technology Partners,Vertex Ventures,1
Matrix Partners,Vertex Ventures,1
Qualcomm,Ru-Net Technology Partners,1
Matrix Partners,Qualcomm,1
Matrix Partners,Ru-Net Technology Partners,1
Chicago Capital Ventures,Sanjay Mehta,1
Chicago Capital Ventures,Others,1
Others,Sanjay Mehta,1
Nisha Sharma,Puneet Dalmia,1
Balaji Prabhakar,Nisha Sharma,1
Balaji Prabhakar,Puneet Dalmia,1
Allen Blue,John Katzman,1
Allen Blue,Naveen Tewari,1
Allen Blue,Kartik Hosanagar,1
Allen Blue,Kashyap Deorah,1
500 Startups,Allen Blue,1
Allen Blue,Blue Fog Capital,1
John Katzman,Naveen Tewari,1
John Katzman,Kartik Hosanagar,1
John Katzman,Kashyap Deorah,1
500 Startups,John Katzman,1
Blue Fog Capital,John Katzman,1
Kartik Hosanagar,Naveen Tewari,1
Kashyap Deorah,Naveen Tewari,1
500 Startups,Naveen Tewari,1
Blue Fog Capital,Naveen Tewari,1
Kartik Hosanagar,Kashyap Deorah,1
500 Startups,Kartik Hosanagar,1
Blue Fog Capital,Kartik Hosanagar,1
500 Startups,Kashyap Deorah,1
Blue Fog Capital,Kashyap Deorah,1
500 Startups,Blue Fog Capital,1
Prahlad Rao,Sundara Rajan,1
Prahlad Rao,Vikram Chachra,1
Sundara Rajan,Vikram Chachra,1
Ramakant Sharma,Ritesh Dwivedy,1
Mount Nathan Advisors,Ritesh Dwivedy,1
Mount Nathan Advisors,Ramakant Sharma,1
HDFC,TCS,1
Faering Capital,TCS,1
Elevate Sports,TCS,1
Anand Chandrasekaran,Rajesh Sawhney,1
Anand Chandrasekaran,Kalpana Tatavarti,1
Anand Chandrasekaran,Shivanandan Pare,1
Kalpana Tatavarti,Rajesh Sawhney,1
Rajesh Sawhney,Shivanandan Pare,1
Kalpana Tatavarti,Shivanandan Pare,1
Murugappa Group,TVS Group,1
Murugappa Group,Vellayan Subbiah,1
Arathi Krishna,Murugappa Group,1
Arun Venkatachalam,Murugappa Group,1
TVS Group,Vellayan Subbiah,1
Arathi Krishna,TVS Group,1
Arun Venkatachalam,TVS Group,1
Arathi Krishna,Vellayan Subbiah,1
Arun Venkatachalam,Vellayan Subbiah,1
Arathi Krishna,Arun Venkatachalam,1
Venture Nursery,YourNest Angel Fund,1
BrahmaX Ventures,Rishi Parti,1
Blume Ventures,Flipkart,1
Exfinity Venture Partners,Unitus Impact Livelihoods Fund,1
Ruchir Arora & others,Umang Kumar,1
Girish Reddy,Sharad Hegde,1
Sharad Hegde,Siddharth Patil,1
Sharad Hegde,Shrikant Patil,1
Girish Reddy,Siddharth Patil,1
Girish Reddy,Shrikant Patil,1
Shrikant Patil,Siddharth Patil,1
Sequoia Capital,Tree Line Asia,2
Innoven Capital,Sequoia Capital,1
Innoven Capital,Tree Line Asia,1
Amit Gupta,Sahil Barua,1
Amit Gupta,Mukul Singhal,1
Amit Gupta,Tracxn Labs,1
Mukul Singhal,Sahil Barua,1
Sahil Barua,Tracxn Labs,2
Mukul Singhal,Tracxn Labs,1
Segnel Venture,Shinji Kimura,1
Segnel Venture,Sundar Chanrai,1
JAFCO Asia,Segnel Venture,1
Segnel Venture,SingTel\\xe2\\x80\\x99s Innov8,1
Jungle Ventures,Segnel Venture,1
K Ganesh,Segnel Venture,1
Shinji Kimura,Sundar Chanrai,1
JAFCO Asia,Shinji Kimura,1
Shinji Kimura,SingTel\\xe2\\x80\\x99s Innov8,1
Jungle Ventures,Shinji Kimura,1
K Ganesh,Shinji Kimura,1
JAFCO Asia,Sundar Chanrai,1
SingTel\\xe2\\x80\\x99s Innov8,Sundar Chanrai,1
Jungle Ventures,Sundar Chanrai,1
K Ganesh,Sundar Chanrai,1
JAFCO Asia,SingTel\\xe2\\x80\\x99s Innov8,1
JAFCO Asia,Jungle Ventures,1
JAFCO Asia,K Ganesh,1
Jungle Ventures,SingTel\\xe2\\x80\\x99s Innov8,1
K Ganesh,SingTel\\xe2\\x80\\x99s Innov8,1
Jungle Ventures,K Ganesh,1
Anubhav Verma,Varun Ahuja,1
Constellation Technology Ventures (Exelon Corporation),E.ON,1
Constellation Technology Ventures (Exelon Corporation),RWE,1
Constellation Technology Ventures (Exelon Corporation),Khosla Ventures,1
E.ON,RWE,1
E.ON,Khosla Ventures,1
Khosla Ventures,RWE,1
Aneesh Reddy,Phanindra Sama,1
Neeraj Jawalkar,Phanindra Sama,1
Phanindra Sama,Sanjay Anandaram,1
Pavan Ongole,Phanindra Sama,1
Phanindra Sama,Venk Krishnan,1
Aneesh Reddy,Aprameya Radhakrishna,1
Aprameya Radhakrishna,Neeraj Jawalkar,1
Aprameya Radhakrishna,Sanjay Anandaram,1
Aneesh Reddy,Neeraj Jawalkar,1
Aneesh Reddy,Sanjay Anandaram,1
Aneesh Reddy,Pavan Ongole,1
Aneesh Reddy,Venk Krishnan,1
Neeraj Jawalkar,Sanjay Anandaram,1
Neeraj Jawalkar,Pavan Ongole,1
Neeraj Jawalkar,Venk Krishnan,1
Pavan Ongole,Sanjay Anandaram,1
Sanjay Anandaram,Venk Krishnan,1
Pavan Ongole,Venk Krishnan,1
500 Startups,IDG Ventures India,1
500 Startups,Kalaari Capital,1
Hyderabad Angels,M&S Partners,1
Hyderabad Angels,Singapore Angel Network,1
Hyderabad Angels,Ness Wadia,1
Ness Wadia,Singapore Angel Network,1
Mike Galgon,Rajan Anandan,2
Rajan Anandan,Ravi Gururaj,2
Ashim Mehra,Rajan Anandan,2
Rajan Anandan,\\xc2\\xa0 Mohit Saxena,1
Internet Group,Rajan Anandan,1
Rajan Anandan,TNN Capital and others,1
Mike Galgon,Ravi Gururaj,2
Ashim Mehra,Mike Galgon,2
Mike Galgon,\\xc2\\xa0 Mohit Saxena,1
Internet Group,Mike Galgon,1
Mike Galgon,TNN Capital and others,1
Ashim Mehra,Ravi Gururaj,2
Ravi Gururaj,\\xc2\\xa0 Mohit Saxena,1
Internet Group,Ravi Gururaj,1
Ravi Gururaj,TNN Capital and others,1
Ashim Mehra,\\xc2\\xa0 Mohit Saxena,1
Ashim Mehra,Internet Group,1
Ashim Mehra,TNN Capital and others,1
Internet Group,\\xc2\\xa0 Mohit Saxena,1
TNN Capital and others,\\xc2\\xa0 Mohit Saxena,1
Internet Group,TNN Capital and others,1
BEENEXT Ventures,Sequoia India,1
Kunal Shah & Sandeep Tandon,Sequoia India,1
BEENEXT Ventures,Kunal Shah & Sandeep Tandon,1
Jozef Bardik,Leo Wang Sangeeth Ram,1
Haresh Chawla,SAIF Partners,1
Lensbridge Capital,Mape Advisory Group,1
Fireside Ventures,Lensbridge Capital,1
Fireside Ventures,Mape Advisory Group,1
Centre For Incubation & Business Acceleration (CIBA),Goa,1
Ankit Nagori,Sujeet Kumar,1
Sujeet Kumar,Traxcn Labs,1
Ankit Nagori,Traxcn Labs,1
50K Ventures & others,Astarc Ventures,1
Lightspeed Venture Partners,Sequoia India,1
Nexus Venture Partners,Sequoia India,1
Global Founders Capital,Sequoia India,1
Apoletto,Sequoia India,1
Lightspeed Venture Partners,Nexus Venture Partners,1
Global Founders Capital,Lightspeed Venture Partners,1
Apoletto,Lightspeed Venture Partners,1
Global Founders Capital,Nexus Venture Partners,1
Apoletto,Nexus Venture Partners,1
Apoletto,Global Founders Capital,1
Anuj Srivastava,Rimpal Chawla,1
Baillie Gifford,Falcon Edge Capital,1
Baillie Gifford,Tiger Global,1
Baillie Gifford,SoftBank Group,1
Baillie Gifford,DST Global,1
Baillie Gifford,Didi Kuaidi,1
Falcon Edge Capital,Tiger Global,2
Falcon Edge Capital,SoftBank Group,1
DST Global,Falcon Edge Capital,1
Didi Kuaidi,Falcon Edge Capital,1
DST Global,Tiger Global,2
Didi Kuaidi,Tiger Global,1
DST Global,SoftBank Group,1
Didi Kuaidi,SoftBank Group,1
DST Global,Didi Kuaidi,1
Inara Capital,Rishi Khiani,1
Blackstone Valley Group,Raghu Vohra,1
Aditya Dev Sood,Blackstone Valley Group,1
Blackstone Valley Group,Kamal Bansal,1
Aditya Dev Sood,Raghu Vohra,1
Kamal Bansal,Raghu Vohra,1
Aditya Dev Sood,Kamal Bansal,1
Accel,Bessemer Venture Partner,1
Bessemer Venture Partner,SAIF Partners,1
Accel,SAIF Partners,1
Kris Gopalakrishnan,S.D. Shibulal,1
S.D. Shibulal,Srinath Batni,1
Professor Tarun Khanna,S.D. Shibulal,1
S.D. Shibulal,\\xc2\\xa0 Ganapathy Venugopal.,1
Kris Gopalakrishnan,Srinath Batni,1
Kris Gopalakrishnan,Professor Tarun Khanna,1
Kris Gopalakrishnan,\\xc2\\xa0 Ganapathy Venugopal.,1
Professor Tarun Khanna,Srinath Batni,1
Srinath Batni,\\xc2\\xa0 Ganapathy Venugopal.,1
Professor Tarun Khanna,\\xc2\\xa0 Ganapathy Venugopal.,1
Kae Capital,Kunal Bahl,1
Kae Capital,Rohit Bansal,1
Pradeep K Jaisingh,Ram Kumar Kakani,1
Ram Kumar Kakani,Sunil T V,1
Ram Kumar Kakani,Vijay Ghadge,1
Hemant Kaul,Ram Kumar Kakani,1
Gurmeet Chahal & Others,Ram Kumar Kakani,1
Pradeep K Jaisingh,Sunil T V,1
Pradeep K Jaisingh,Vijay Ghadge,1
Hemant Kaul,Pradeep K Jaisingh,1
Gurmeet Chahal & Others,Pradeep K Jaisingh,1
Sunil T V,Vijay Ghadge,1
Hemant Kaul,Sunil T V,1
Gurmeet Chahal & Others,Sunil T V,1
Hemant Kaul,Vijay Ghadge,1
Gurmeet Chahal & Others,Vijay Ghadge,1
Gurmeet Chahal & Others,Hemant Kaul,1
Daljit Singh,Dr. Pramath Raj Sinha,1
BVR Mohan Reddy,Daljit Singh,1
BVR Mohan Reddy,Dr. Pramath Raj Sinha,1
Bijou Kurien,Unitus Seed Fund,1
Narayan Ramachandran,Unitus Seed Fund,1
Bijou Kurien,Narayan Ramachandran,1
IDG Ventures India,\\xc2\\xa0 Accel Partners India,1
Mitsui & Co.,New Enterprise Associates,1
Canaan Partners,Mitsui & Co.,1
Mitsui & Co.,Silicon Valley Bank,1
Canaan Partners,New Enterprise Associates,1
New Enterprise Associates,Silicon Valley Bank,1
Canaan Partners,Silicon Valley Bank,1
Raghu Khanna,Sameer Gupta,1
Cheetah Mobile,New Enterprise Associates,1
Softbank,Tiger Global,2
Apoletto Managers,Softbank,1
Sequoia Capital,Tiger Global,2
Apoletto Managers,Tiger Global,1
Apoletto Managers,Sequoia Capital,1
IDG Ventures,M & S partners,1
IDG Ventures,Powerhouse Ventures (USA).,1
M & S partners,Powerhouse Ventures (USA).,1
Ashish Goenka & Others,Tracxn,1
Anil Chopra,Bessemer Venture Partners,1
Jairaj Singh,Mandeep Singh,1
Alok Mittal,Manish Kheterpal,1
Manish Kheterpal,\\xc2\\xa0 Puneet Dalmia,1
Alok Mittal,\\xc2\\xa0 Puneet Dalmia,1
Delhivery,Flipkart,1
Flipkart,Foxconn,1
Accel Partners,Delhivery,1
Accel Partners,Foxconn,1
Delhivery,Foxconn,1
Accel Partners,Elevar Equity,1
Accel Partners,Pramod Bhasin,1
Accel Partners,Rajan Anandan,1
Accel Partners,Gaurav Dalmia,1
Abhishek Goyal,Accel Partners,1
Accel Partners,Gagan Hasteer,1
Accel Partners,Arun Tadanki,1
Elevar Equity,Pramod Bhasin,1
Elevar Equity,Rajan Anandan,1
Elevar Equity,Gaurav Dalmia,1
Abhishek Goyal,Elevar Equity,1
Elevar Equity,Gagan Hasteer,1
Arun Tadanki,Elevar Equity,1
Gaurav Dalmia,Pramod Bhasin,1
Abhishek Goyal,Pramod Bhasin,1
Gagan Hasteer,Pramod Bhasin,1
Arun Tadanki,Pramod Bhasin,1
Gaurav Dalmia,Rajan Anandan,1
Abhishek Goyal,Rajan Anandan,1
Gagan Hasteer,Rajan Anandan,1
Arun Tadanki,Rajan Anandan,1
Abhishek Goyal,Gaurav Dalmia,1
Gagan Hasteer,Gaurav Dalmia,1
Arun Tadanki,Gaurav Dalmia,1
Abhishek Goyal,Gagan Hasteer,1
Abhishek Goyal,Arun Tadanki,1
Arun Tadanki,Gagan Hasteer,1
Abhinav Patodia,Ashish Todi,1
Ashish Todi,Kumar Shwetabh,1
Abhinav Patodia,Kumar Shwetabh,1
Atul Nishar,Harsh Mariwala,1
Dalip Pathak,Harsh Mariwala,1
Harsh Mariwala,Michael Carlos,1
Atul Nishar,Dalip Pathak,1
Atul Nishar,Michael Carlos,1
Dalip Pathak,Michael Carlos,1
DSG consumer Partners,Paragon Partners,1
ASP Consulting,Uniqorn ventures,1
Keshav Sanghi,Satyen Kothari,1
Riddhesh Gandhi & Others,Satyen Kothari,1
Keshav Sanghi,Riddhesh Gandhi & Others,1
Ashvin Chadha,Avtar Monga,1
Ashvin Chadha,Udaan Angels,1
Ashvin Chadha,Dheeraj Jain,1
Avtar Monga,Udaan Angels,1
Avtar Monga,Dheeraj Jain,1
Dheeraj Jain,Udaan Angels,1
Mato Peric,Peter Kabel & others,1
Sanjeev Kapoor,\\xc2\\xa0 Ravi Saxena & Others,1
Life.SREDA,Qualgro,1
Vikas Agarwal,Vishal Khare,1
Sanjeev Kakkar,Vikas Agarwal,1
Smile Group,Vikas Agarwal,1
Sanjeev Kakkar,Vishal Khare,1
Smile Group,Vishal Khare,1
Sanjeev Kakkar,Smile Group,1
Amit Ranjan,Kemark Ventures,1
Kemark Ventures,Zishaan Hayath and Others,1
Amit Ranjan,Zishaan Hayath and Others,1
Bedrock Ventures,Seedfund,1
500 Startups,IDG Ventures & Advantedge fund,1
500 Startups,Neeraj Arora,1
500 Startups,Leon Seynave,1
IDG Ventures & Advantedge fund,Neeraj Arora,1
IDG Ventures & Advantedge fund,Leon Seynave,1
Leon Seynave,Neeraj Arora,1
Biz Stone,Khosla Impact,1
Catamaran Ventures,Khosla Impact,1
Global Founders Capital,Khosla Impact,1
European investment fund,Khosla Impact,1
Biz Stone,Catamaran Ventures,1
Biz Stone,Global Founders Capital,1
Biz Stone,European investment fund,1
Catamaran Ventures,Global Founders Capital,1
Catamaran Ventures,European investment fund,1
European investment fund,Global Founders Capital,1
Dewang Neralla,Roopak Taneja,1
Dewang Neralla,Manisha Gupta,1
Manisha Gupta,Roopak Taneja,1
Fireside Ventures,Mumbai Angels MAPE Advisory Group.,1
Devesh Rai G,Rajesh Aggarwal,1
Amitpal Bhutani,Devesh Rai G,1
Amitpal Bhutani,Rajesh Aggarwal,1
Accel Partners,Anupam Mittal & other marquee investors,1
"Ascent Capital, eContext Asia",Sequoia Capital,1
Beenos Asia,Sequoia Capital,1
"Ascent Capital, eContext Asia",Beenos Asia,1
Dr. Aniruddha Malpani Manish Gupta,M&S Partners & others,1
Delhivery,Sands Capital and Accel Partners,1
Norwest Venture Partners,Qualcomm Venture,1
Cota Capital,Sierra Ventures,1
Sierra Ventures,Vegas Tech Fund,1
Cota Capital,Vegas Tech Fund,1
Arihant Patni,RAAY Global Investments,1
Alok Bajpai,Rajnish Kumar,1
Alok Bajpai,Amit Dey,1
Amit Dey,Rajnish Kumar,1
Atul Jalan,Shrikanth & Bharath,1
Mohan Alexander,R Natarajan,1
Mayank Bhangdia,Mumbai Angels,1
Kae Capital,Mayank Bhangdia,1
OrbiMed,Pradip Dadha Group,1
Matrix Partners,Tiger Global Management,1
Nexus Venture Partners,Sequoia Capital,3
Redcliffe Capital,YourNest Angel Fund,1
500 Startups & Other HNIs,ah! Ventures,1
Accel Partner,Jungle Ventures,1
Amit Singhal,PK Gulati & others,1
Dheeraj Mehta & Others,Rajesh Bhatia,1
Matrix Partners,Sequoia Capital,4
Khazanah Nasional Berhad,Zodius Technology Fund,1
Sequoia Capital,Warburg Pincus,1
Norwest Venture Partners,Warburg Pincus,1
Norwest Venture Partners,Sequoia Capital,1
Omidyar Network,WestBridge Capital,1
Elevar Equity,WestBridge Capital,1
Saama Capital,WestBridge Capital,1
WestBridge Capital,\\xc2\\xa0 Lok Capital,1
Elevar Equity,Omidyar Network,1
Omidyar Network,Saama Capital,1
Omidyar Network,\\xc2\\xa0 Lok Capital,1
Elevar Equity,Saama Capital,1
Elevar Equity,\\xc2\\xa0 Lok Capital,1
Saama Capital,\\xc2\\xa0 Lok Capital,1
Raghav Bahl,Ritu Kapur,1
Nalin Jain,Shomil Pant,1
Dinesh Kundu & others,Nalin Jain,1
Dinesh Kundu & others,Shomil Pant,1
Temasek,Vy Capital,1
500 Startups,TV Mohandas Pai,1
500 Startups,Tandem Capital,1
500 Startups,Vikram Chachra,1
500 Startups,Aloke Bajpai,1
TV Mohandas Pai,Tandem Capital,1
TV Mohandas Pai,Vikram Chachra,1
Aloke Bajpai,TV Mohandas Pai,1
Tandem Capital,Vikram Chachra,1
Aloke Bajpai,Tandem Capital,1
Aloke Bajpai,Vikram Chachra,1
Beenextan investment fund,Kalaari Capital,1
Beenextan investment fund,SAIF Partners,1
InMobi,Nanadan Nilekani,1
Nanadan Nilekani,Paytm,1
InMobi,Paytm,1
Ankush Nijhawan,Manish Dhingra,2
Ankush Nijhawan,Gaurav Bhatnagar,2
Gaurav Bhatnagar,Manish Dhingra,3
Aarin Capital,Unitus Seed Fund,1
Falcon Edge Capital,NY based Hedge Fund,1
Falcon Edge Capital,Softbank,1
NY based Hedge Fund,Tiger Global,1
NY based Hedge Fund,Softbank,1
Exfinity Ventures,Helion Venture Partners,1
Anil Matai,Vikram Tandon,1
Anil Matai,Shyam Sundar R & others,1
Shyam Sundar R & others,Vikram Tandon,1
Helion Venture Partners,Khazanah Nasional Berhad,1
Sachin Bansal & Binny Bansal,Sol Primero,1
Outbox Ventures,Sachin Bansal & Binny Bansal,1
Sachin Bansal & Binny Bansal,Sangram Singh,1
Outbox Ventures,Sol Primero,2
Sangram Singh,Sol Primero,1
Outbox Ventures,Sangram Singh,1
Accel Partners,Subrata Mitra,1
Accel Partners,Larry Braitman,1
Accel Partners,Venk Krishna,1
Larry Braitman,Subrata Mitra,1
Subrata Mitra,Venk Krishna,1
Larry Braitman,Venk Krishna,1
Aprameya Radhakrishna,Naman Sarawagi,1
Afsal Salu,Aprameya Radhakrishna,1
Afsal Salu,Naman Sarawagi,1
Accel Partners,Ventureast,1
International Finance Corporation (IFC),Qualcomm Ventures,1
International Finance Corporation (IFC),Ventureast,1
Qualcomm Ventures,Ventureast,1
Anand Mahindra,Uday Punj,1
Anand Mahindra,Ashish Hemrajani,1
Anand Mahindra,Sanjeev Mehra,1
Ashish Hemrajani,Uday Punj,1
Sanjeev Mehra,Uday Punj,1
Ashish Hemrajani,Sanjeev Mehra,1
Rianta Capital,Unitus Seed Fund,1
R Ramaraj,Unitus Seed Fund,1
Sunil Edwards,Unitus Seed Fund,1
R Ramaraj,Rianta Capital,1
Rianta Capital,Sunil Edwards,1
R Ramaraj,Sunil Edwards,1
Kalaari Capital,YourNest Angel Fund,1
Amanpreet Bajaj,Karan Bajwa,2
Karan Bajwa,Manish Vij,1
Amanpreet Bajaj,Manish Vij,1
Sharad Sharma,Vijay Anand,1
Mohandas Pai. Pallav Nadhani,Sharad Sharma,1
Sharad Sharma,Singapore Angels Network & others,1
Mohandas Pai. Pallav Nadhani,Vijay Anand,1
Singapore Angels Network & others,Vijay Anand,1
Mohandas Pai. Pallav Nadhani,Singapore Angels Network & others,1
Neeraj Aggarwal,William Bissell,1
Nandan Nilekani,William Bissell,1
Nandan Nilekani,Neeraj Aggarwal,1
Anupam Mittal,Phanindra Sama,1
Phanindra Sama,Vijay Shekhar Sharma,1
Phanindra Sama,Vishal Gondal,1
Phanindra Sama,Sateesh Andara & others,1
Anupam Mittal,Vijay Shekhar Sharma,1
Anupam Mittal,Vishal Gondal,1
Anupam Mittal,Sateesh Andara & others,1
Sateesh Andara & others,Vijay Shekhar Sharma,1
Sateesh Andara & others,Vishal Gondal,1
500 Startups,Smile Multimedia,1
500 Startups,Kunal Bahl,1
500 Startups,Rohit Bansal,1
500 Startups,Girish Matrubootham,1
Kunal Bahl,Smile Multimedia,1
Rohit Bansal,Smile Multimedia,1
Girish Matrubootham,Smile Multimedia,1
Girish Matrubootham,Kunal Bahl,1
Girish Matrubootham,Rohit Bansal,1
Infuse Ventures,The Chennai Angels,1
Kanwaljit Singh,TV Mohandas Pai,1
500 Startups,Mato Peric & Others,1
Alibaba Group,Ant Financial,1
SAIF Partners.,Sequoia India,1
Rahul Khanna & Others,Zishaan Hayath,1
Knoll Ventures and others,Nexus Venture Partners,1
Kunal Bahl,Pranay Chulet,1
Kunal Bahl,Naveen Tiwari,1
Amit Gupta,Kunal Bahl,1
Pranay Chulet,Rohit Bansal,1
Naveen Tiwari,Rohit Bansal,1
Amit Gupta,Rohit Bansal,1
Naveen Tiwari,Pranay Chulet,1
Amit Gupta,Pranay Chulet,1
Mayank Singhal,Pranay Chulet,1
Amit Gupta,Naveen Tiwari,2
Mayank Singhal,Naveen Tiwari,1
Amit Gupta,Mayank Singhal,1
Viktor Koenig PE Fund,ah! Ventures,1
Mantra Ventures,ah! Ventures,1
Mantra Ventures,Viktor Koenig PE Fund,1
Alibaba,Foxconn,1
Alibaba,Softbank,1
Foxconn,Softbank,1
Alok Mittal,Zeeshan Hayat,1
Alok Mittal,Niraj Singh,1
Alok Mittal,Nikunj Jain,1
Alok Mittal,Anirudh Damani,1
Alok Mittal,Punit Goyal,1
Niraj Singh,Zeeshan Hayat,1
Nikunj Jain,Zeeshan Hayat,1
Anirudh Damani,Zeeshan Hayat,1
Punit Goyal,Zeeshan Hayat,1
Nikunj Jain,Niraj Singh,1
Anirudh Damani,Niraj Singh,1
Niraj Singh,Punit Goyal,1
Anirudh Damani,Nikunj Jain,1
Nikunj Jain,Punit Goyal,1
Anirudh Damani,Punit Goyal,1
Sequoia Capital,SoftBank Group,1
SoftBank Group,\\xc2\\xa0 Lightspeed India,1
Greenoaks Capital,\\xc2\\xa0 Lightspeed India,1
Sequoia Capital,\\xc2\\xa0 Lightspeed India,1
Orios Venture Partners,Zishaan Hayath,1
Chandru Badrinarayanan,Kunal Bajaj,1
Ankush Nijhawan,Rebright Partners,1
Gaurav Bhatnagar,Rebright Partners,1
Manish Dhingra,Rebright Partners,1
Orios Venture Partners,Tiger Global Management,1
Helion Venture Partners,Kalaari Capital,1
BedRock Ventures,Rajesh Sawhney,1
BedRock Ventures,Shailesh Singh,1
Rajesh Sawhney,Shailesh Singh,1
Rajesh Sawhney,Sachin Bhatia,1
Ramesh Jogani,Shailesh Viswanathan,1
Jay Srinivasan,Ramesh Jogani,1
Jay Srinivasan,Shailesh Viswanathan,1
Gaurav Sharma,Ravi Gururaj,1
Ravi Gururaj,Viswanath Ramachandran,1
Ravi Gururaj,RippleWave,1
Gaurav Sharma,Viswanath Ramachandran,1
Gaurav Sharma,RippleWave,1
RippleWave,Viswanath Ramachandran,1
Google Capital,Sofina,1
Altimeter Capital,Sofina,1
Sequoia Capital Global Equities,Sofina,1
Sofina,Yuri Milner,1
Matrix Partners,Sofina,1
Altimeter Capital,Google Capital,1
Google Capital,Sequoia Capital Global Equities,1
Google Capital,Yuri Milner,1
Google Capital,Sequoia Capital,1
Google Capital,Matrix Partners,1
Altimeter Capital,Sequoia Capital Global Equities,1
Altimeter Capital,Yuri Milner,1
Altimeter Capital,Sequoia Capital,1
Altimeter Capital,Matrix Partners,1
Sequoia Capital Global Equities,Yuri Milner,1
Sequoia Capital,Sequoia Capital Global Equities,1
Matrix Partners,Sequoia Capital Global Equities,1
Sequoia Capital,Yuri Milner,1
Matrix Partners,Yuri Milner,1
Ravi Jaipuria & others,Sanjay Sethi,1
CCube Angels,Frontline Strategy,1
"Calcutta Angels, ah! Ventures",Chennai Angels,1
Chennai Angels,Intellecap Impact Investment Network,1
Chennai Angels,Indus Age Partners,1
Chennai Angels,Singapore Angel Network,1
Chennai Angels,India Internet Fund,1
"Calcutta Angels, ah! Ventures",Intellecap Impact Investment Network,1
"Calcutta Angels, ah! Ventures",Indus Age Partners,1
"Calcutta Angels, ah! Ventures",Singapore Angel Network,1
"Calcutta Angels, ah! Ventures",India Internet Fund,1
"Calcutta Angels, ah! Ventures",LetsVenture,1
Indus Age Partners,Intellecap Impact Investment Network,1
Intellecap Impact Investment Network,Singapore Angel Network,1
India Internet Fund,Intellecap Impact Investment Network,1
Intellecap Impact Investment Network,LetsVenture,1
Indus Age Partners,Singapore Angel Network,1
India Internet Fund,Indus Age Partners,1
Indus Age Partners,LetsVenture,1
India Internet Fund,Singapore Angel Network,1
LetsVenture,Singapore Angel Network,1
India Internet Fund,LetsVenture,1
Capricorn Investment Group,Horizons Ventures,1
Horizons Ventures,Social+Capital,1
Helion Advisors,Horizons Ventures,1
Berggruen Holdings,Horizons Ventures,1
Capricorn Investment Group,Social+Capital,1
Capricorn Investment Group,Helion Advisors,1
Berggruen Holdings,Capricorn Investment Group,1
Helion Advisors,Social+Capital,1
Berggruen Holdings,Social+Capital,1
Berggruen Holdings,Helion Advisors,1
Inflexionpoint,Pramod Bhasin,1
Inflexionpoint,Sixth Sense Ventures,1
Inflexionpoint,Vindi Banga,1
Hiro Mashita,Inflexionpoint,1
Pramod Bhasin,Sixth Sense Ventures,1
Pramod Bhasin,Vindi Banga,1
Hiro Mashita,Pramod Bhasin,1
Sixth Sense Ventures,Vindi Banga,1
Hiro Mashita,Sixth Sense Ventures,1
Hiro Mashita,Vindi Banga,1
Ashneer Grover,Wealth First,1
Atul Phadnis,Wealth First,1
Ashneer Grover,Atul Phadnis,1
Infuse Ventures,responsAbility Investments,1
Gaurav Vats,Neha Vats,1
B M Gupta,Vinod Singhal,1
Girish Mathrubootham,Phanindra Sama,1
Girish Mathrubootham,Vikram Chachra,1
Girish Mathrubootham,Others from LetsVenture,1
Phanindra Sama,Vikram Chachra,1
Others from LetsVenture,Phanindra Sama,1
Others from LetsVenture,Vikram Chachra,1
Helion Ventures,Jungle Ventures & Bessemer Venture Partners,1
500 Startups,Quintillion Media,1
Accel Partners,Deep Kalra,1
Accel Partners,Rajesh Magow,1
Accel Partners,Mohit Gupta,1
Accel Partners,Shamik Sharma,1
Deep Kalra,Rajesh Magow,1
Deep Kalra,Mohit Gupta,1
Deep Kalra,Shamik Sharma,1
Mohit Gupta,Rajesh Magow,1
Rajesh Magow,Shamik Sharma,1
Mohit Gupta,Shamik Sharma,1
Amit Ranjan,Vijay Shekhar Sharma,1
Amit Ranjan,Kunal Bahl,1
Amit Ranjan,Girish Mathrubootham &\\xc2\\xa0 Group of other Angel investors,1
Kunal Bahl,Vijay Shekhar Sharma,1
Girish Mathrubootham &\\xc2\\xa0 Group of other Angel investors,Vijay Shekhar Sharma,1
Girish Mathrubootham &\\xc2\\xa0 Group of other Angel investors,Kunal Bahl,1
Accion,LeapFrog Investments,1
Accion,Lok Capital,1
LeapFrog Investments,Lok Capital,1
Gujarat based angel investors,MMY co-Founder,1
Ratan Tata,Vani Kola,1
Ratan Tata,T V Mohandas Pai,1
Karthee Madasamay,Ratan Tata,1
T V Mohandas Pai,Vani Kola,1
Karthee Madasamay,Vani Kola,1
Karthee Madasamay,T V Mohandas Pai,1
Kunal Bahl,Prashant Malik,1
Prashant Malik,Rohit Bansal,1
Prashant Malik,Zishaan Hayath,1
New Enterprise Associates,Orios Venture Partners,1
Milliways Ventures,NEA,1
NEA,Naya Ventures,1
Milliways Ventures,Naya Ventures,1
Rohit Bhatia,Sunil Nikhar,1
Rohit Bhatia,Vaibhav Domkundwar,1
Rohit Bhatia,Siddharth Nautiyal,1
Sunil Nikhar,Vaibhav Domkundwar,1
Siddharth Nautiyal,Sunil Nikhar,1
Siddharth Nautiyal,Vaibhav Domkundwar,1
Blume Ventures & others,NEA,1
Ankush Nijhawa,Manish Dhingra,1
Ankush Nijhawa,Gaurav Bhatnagar,1
Times Internet,ah! Ventures,1
Rudy Gopalakrishnan,ah! Ventures,1
Rudy Gopalakrishnan,Times Internet,1
Amit Ranjan & others,Orios Venture Partners,1
Anupam Mittal & others,India Quotient,1
GrowX ventures,Tracxn Labs,1
GrowX ventures,"Powai Lake Ventures, and Sahil Barua",1
"Powai Lake Ventures, and Sahil Barua",Tracxn Labs,1
Nexus Venture Partners,Norwest Venture Partners,1
Helion Venture Partners,Norwest Venture Partners,1
Draper Fisher Jurvetson,Norwest Venture Partners,1
Norwest Venture Partners,Peepul Capital,1
Helion Venture Partners,Nexus Venture Partners,1
Draper Fisher Jurvetson,Nexus Venture Partners,1
Nexus Venture Partners,Peepul Capital,1
Draper Fisher Jurvetson,Helion Venture Partners,1
Helion Venture Partners,Peepul Capital,1
Draper Fisher Jurvetson,Peepul Capital,1
India Quotient,LetsVenture investors,1
India Quotient,Lead Angels,1
Lead Angels,LetsVenture investors,1
Growx Ventures,Manish Singhal,1
Li Jian,Li Tao,1
Draphant Consultants,Li Tao,1
Li Tao,Nitin Garg,1
Li Tao,Saurabh Jain,1
Li Tao,Mohit Agarwal,1
Draphant Consultants,Li Jian,1
Li Jian,Nitin Garg,1
Li Jian,Saurabh Jain,1
Li Jian,Mohit Agarwal,1
Draphant Consultants,Nitin Garg,1
Draphant Consultants,Saurabh Jain,1
Draphant Consultants,Mohit Agarwal,1
Nitin Garg,Saurabh Jain,1
Mohit Agarwal,Nitin Garg,1
Mohit Agarwal,Saurabh Jain,1
Manish Singhal,P39 Capital & Others,1
Aspada Investment Advisors,Qualcomm Ventures,1
Nikhil Vora & others,Ratan Tata,1
Delhivery,Tracxn Labs,1
IDG Ventures India,The Chennai Angels,1
Bessemer Ventures,Kae Capital,1
Vivek Joshi,ah! Ventures,1
Mohit Satyanand & others,ah! Ventures,1
Mohit Satyanand & others,Vivek Joshi,1
Axon Partners,IFC,1
IFC,Intel Capital,1
Axon Partners,Intel Capital,1
Amazon,Fidelity Growth Partners,1
Amazon,Mousse Partners,1
Fidelity Growth Partners,Mousse Partners,1
Kunal Bahl,Rajan Anandan,1
Rajan Anandan,Rohit Bansal,1
Rahul Khanna,Rajan Anandan,1
Kunal Bahl,Rahul Khanna,1
Rahul Khanna,Rohit Bansal,1
Brand Capital,Gokul Jaykrishna,1
Rebright Partners,Tracxn Labs,1
Aneesh Reddy,Rebright Partners,1
Ajeet Khurana & others,Powai Lake Ventures,1
Hillhouse Capital,Sofina,1
Mangroves Capital Partners,Vikas Saxena,1
Globeinvestor,Powai Lake Ventures,1
Abhishekh Goyal,Powai Lake Ventures,1
Abhishekh Goyal,Globeinvestor,1
DSG Consumer Partners,Siddharth Parekh,1
Bertelsmann India,Tiger Global Management,1
Steadview Capital,Tiger Global Management,1
Liberty Media,Tiger Global Management,1
Mousse Partners,Tiger Global Management,1
Quilvest,Tiger Global Management,1
Bertelsmann India,Steadview Capital,1
Bertelsmann India,Liberty Media,1
Bertelsmann India,Mousse Partners,1
Bertelsmann India,Quilvest,1
Liberty Media,Steadview Capital,1
Mousse Partners,Steadview Capital,1
Quilvest,Steadview Capital,1
Liberty Media,Mousse Partners,1
Liberty Media,Quilvest,1
Mousse Partners,Quilvest,1
Big Data Investments B.V,Sunrise Capital GmBH,1
Amarpreet Sawhney,Helion Venture Partners,1
Deshpande Foundation,Helion Venture Partners,1
Fred Khosravi,Helion Venture Partners,1
Helion Venture Partners,Richard S. Braddock,1
Amarpreet Sawhney,Deshpande Foundation,1
Amarpreet Sawhney,Fred Khosravi,1
Amarpreet Sawhney,Richard S. Braddock,1
Deshpande Foundation,Fred Khosravi,1
Deshpande Foundation,Richard S. Braddock,1
Fred Khosravi,Richard S. Braddock,1
Mayfield,Saama Capital,1
Ashvin Chadha,Saama Capital,1
Saama Capital,Shailesh Mehta,1
Ashvin Chadha,Mayfield,1
Mayfield,Shailesh Mehta,1
Ashvin Chadha,Shailesh Mehta,1
Ratan Tata,Tiger Global Management,1
Nexus Venture Partners,Ratan Tata,1
Empire Angels,Sequoia Capital,1
NGP,Sequoia Capital,1
Empire Angels,NGP,1
Accel Partners,\\xc2\\xa0IvyCap Ventures,1
Dragoneer Investment Group,\\xc2\\xa0IvyCap Ventures,1
Accel Partners,Dragoneer Investment Group,1
Teruhide Sato,\\xc2\\xa0 Sandeep Aggarwal,1
Arvind Jha,\\xc2\\xa0Rajeev Saraf,1
R. Satya Narayanan,\\xc2\\xa0Rajeev Saraf,1
Arvind Jha,R. Satya Narayanan,1
Kumar Bansal,\\xc2\\xa0LetsVenture,1
Kshitij Jain,\\xc2\\xa0LetsVenture,1
Kshitij Jain,Kumar Bansal,1
Ritesh Veera,Singapore Angel Network,1
Orios Venture Partners,Ritesh Veera,1
Orios Venture Partners,Singapore Angel Network,1
Anand Chandrasekaran,Anupam Mittal,1
Anupam Mittal,Uday Shankar,1
Anupam Mittal,Chetan Bhagat,1
Anand Chandrasekaran,Uday Shankar,1
Anand Chandrasekaran,Chetan Bhagat,1
Chetan Bhagat,Uday Shankar,1
Pradyumna Dalmia,Sudhir Rao & Others,1
Manish Gandhi,Sumit Gandhi,1
Orios Venture Partners.,Tiger Global,1
Catamaran Ventures,New India Investment Corporation,1
Deepak Singh,Tracxn Labs,1
Mumbai Angels,Vriddhi Fund,1
Mumbai Angels,Others,1
Others,Vriddhi Fund,1
Flipkart,Tiger Global,1
Falcon Edge Capital,Meru Capital,1
Falcon Edge Capital,Ola,1
Falcon Edge Capital,Matrix Partners,1
DSG Consumer Partners,Falcon Edge Capital,1
Axis Bank,Falcon Edge Capital,1
Meru Capital,Ola,1
Matrix Partners,Meru Capital,1
DSG Consumer Partners,Meru Capital,1
Axis Bank,Meru Capital,1
Matrix Partners,Ola,1
DSG Consumer Partners,Ola,1
Axis Bank,Ola,1
DSG Consumer Partners,Matrix Partners,1
Axis Bank,Matrix Partners,1
Axis Bank,DSG Consumer Partners,1
AB Kinnevik,Falcon Edge Capital,1
AB Kinnevik,Coatue Management,1
Coatue Management,Falcon Edge Capital,1
\\xc2\\xa0 Manish Singhal,growX ventures,1
Goldman Sachs,Zodius Technology Fund,1
Bertelsmann India Investments Norwest Venture Partners.,Goldman Sachs,1
Bertelsmann India Investments Norwest Venture Partners.,Zodius Technology Fund,1
Accel Partners,Traxcn Labs & Others,1
Krishan Gupta & Others,Sandeep Parwal,1
IDG Ventures India,Omidyar Network,1
IDG Ventures India,Sherpalo Ventures,1
IDG Ventures India,\\xc2\\xa0 Mohandas Pai,1
Omidyar Network,Sherpalo Ventures,1
Omidyar Network,\\xc2\\xa0 Mohandas Pai,1
Sherpalo Ventures,\\xc2\\xa0 Mohandas Pai,1
Malvinder and Shivinder Singh,Sachin and Binny Bansal,1
Gurpreet Singh & others,Sachin and Binny Bansal,1
Gurpreet Singh & others,Malvinder and Shivinder Singh,1
Paytm,SAIF Partners,1
Paytm,\\xc2\\xa0 Tiger Global Management & others,1
SAIF Partners,\\xc2\\xa0 Tiger Global Management & others,1
Beenos,Lightbox Ventures,1
Elliot Stechman,Gautam Sinha,1
Ambarish Ray,Elliot Stechman,1
Ambarish Ray,Gautam Sinha,1
YouWeCan Ventures,\\xc2\\xa0 Aprameya Radhakrishna,1
Jai Choi,Kiyohiro Sugashita,1
Hirokazu,Jai Choi,1
Hirokazu,Kiyohiro Sugashita,1
DSG Consumer Partners,Saama Capital.,1
Anupam Mittal,Kae Capital,2
Blume Ventures,Ventureworks India,1
Batlivala & Karani Securities,Ventureworks India,1
Nikunj Jhaveri,Ventureworks India,1
Batlivala & Karani Securities,Blume Ventures,1
Blume Ventures,Nikunj Jhaveri,1
Batlivala & Karani Securities,Nikunj Jhaveri,1
Niraj Singh,Rajan Anandan,2
Rajan Anandan,Sachin Bhatia,1
Rajan Anandan,Singapore Angel Network & Aseem Vadehra,1
Niraj Singh,Sachin Bhatia,1
Niraj Singh,Singapore Angel Network & Aseem Vadehra,1
Sachin Bhatia,Singapore Angel Network & Aseem Vadehra,1
Sharad Sharma,Sunil Kalra,1
Amit Ranjan,Sharad Sharma,1
Rohan Malhotra,Sharad Sharma,1
Sharad Sharma,\\xc2\\xa0 Arjun Malhotra,1
Gautam Gandhi,Sharad Sharma,1
Rajan Anandan,Rohan Malhotra,1
Rajan Anandan,\\xc2\\xa0 Arjun Malhotra,1
Gautam Gandhi,Rajan Anandan,1
Amit Ranjan,Sunil Kalra,1
Rohan Malhotra,Sunil Kalra,1
Sunil Kalra,\\xc2\\xa0 Arjun Malhotra,1
Gautam Gandhi,Sunil Kalra,1
Amit Ranjan,Rohan Malhotra,1
Amit Ranjan,\\xc2\\xa0 Arjun Malhotra,1
Amit Ranjan,Gautam Gandhi,1
Rohan Malhotra,\\xc2\\xa0 Arjun Malhotra,1
Gautam Gandhi,Rohan Malhotra,1
Gautam Gandhi,\\xc2\\xa0 Arjun Malhotra,1
Dr Paresh Doshi,Virendra Shahney,1
Tiger Global,\\xc2\\xa0 Nirvana Ventures Advisors,1
Fidelity Biosciences,Fidelity Growth Partners,1
Paytm,Snow Leopard,1
Natarajan Iyer,Rajesh Sawhney,1
Natarajan Iyer,\\xc2\\xa0 & other Angel investors.,1
Rajesh Sawhney,\\xc2\\xa0 & other Angel investors.,1
Bessemer Venture,Future Fund,1
Capricorn Investment and IFC,Future Fund,1
Bessemer Venture,Capricorn Investment and IFC,1
Pawan Borle,SVP Fly Dubai & Others,1
Seedfund,Sequoia Capital,1
Arihant Patni,Vishal Khare,1
Arihant Patni,\\xc2\\xa0 Viswanath Ramachandran,1
Vishal Khare,\\xc2\\xa0 Viswanath Ramachandran,1
Infuse Ventures,Low Carbon Enterprise Fund,1
Mahesh Pratapneni,Pallab Chatterjee & others,1
Mumbai Angels,Patni Family Office,1
Karan Maheshwari,Mumbai Angels,1
Jatin Aneja,Mumbai Angels,1
Kishor Ganji,Mumbai Angels,1
Mumbai Angels,Roopa Nath,1
Patni Family Office,Singapore Angel Network,1
Karan Maheshwari,Patni Family Office,1
Jatin Aneja,Patni Family Office,1
Kishor Ganji,Patni Family Office,1
Patni Family Office,Roopa Nath,1
Karan Maheshwari,Singapore Angel Network,1
Jatin Aneja,Singapore Angel Network,1
Kishor Ganji,Singapore Angel Network,1
Roopa Nath,Singapore Angel Network,1
Jatin Aneja,Karan Maheshwari,1
Karan Maheshwari,Kishor Ganji,1
Karan Maheshwari,Roopa Nath,1
Jatin Aneja,Kishor Ganji,1
Jatin Aneja,Roopa Nath,1
Kishor Ganji,Roopa Nath,1
Times Internet,Unitus Seed Fund,1
Asian Healthcare fund,LGT Group,1
LGT Group,Seedfund,1
Asian Healthcare fund,Seedfund,1
Gopal Srinivasan,Sashi Reddy,1
Amit Gupta,Gopal Srinivasan,1
Gopal Srinivasan,Pallav Nadhani,1
Amit Gupta,Sashi Reddy,1
Pallav Nadhani,Sashi Reddy,1
Faering Capital,Foundation Capital,1
Faering Capital,Inventus Capital Partners,1
Foundation Capital,Inventus Capital Partners,1
Bunny Bansal & other investors,Sachin Bansal,1
Blume Ventures,Kunal Bahl,1
Kunal Bahl,Phanindra Sama,1
Kunal Bahl,Raju Reddy,1
Blume Ventures,Rohit Bansal,1
Phanindra Sama,Rohit Bansal,1
Raju Reddy,Rohit Bansal,1
Blume Ventures,Raju Reddy,1
Phanindra Sama,Raju Reddy,1
Matrix Partners India,SAIF Partners,1
Holostik Group,YouWeCan Ventures,1
500 Startups,Holostik Group,1
Holostik Group,Vijay Shekhar Sharma,1
Holostik Group,Manish Kheterpal,1
Amit Patni,Holostik Group,1
500 Startups,YouWeCan Ventures,1
Vijay Shekhar Sharma,YouWeCan Ventures,1
Manish Kheterpal,YouWeCan Ventures,1
Amit Patni,YouWeCan Ventures,1
500 Startups,Vijay Shekhar Sharma,1
500 Startups,Manish Kheterpal,1
500 Startups,Amit Patni,1
Manish Kheterpal,Vijay Shekhar Sharma,1
Amit Patni,Vijay Shekhar Sharma,1
Amit Patni,Manish Kheterpal,1
Nexus Venture Partners,Nokia Growth Partners,1
Avalon Ventures,Nokia Growth Partners,1
Avalon Ventures,Nexus Venture Partners,1
Kae Capital,Sequoia Capital,1
Anupam Mittal,Sequoia Capital,1
Anshu Sharma,Mercury Fund,1
Mercury Fund,Pratyush Prasanna,1
Mercury Fund,Robert Winters & others,1
Anshu Sharma,Pratyush Prasanna,1
Anshu Sharma,Robert Winters & others,1
Pratyush Prasanna,Robert Winters & others,1
Development finance institution Belgian Investment Company,Oikocredit,1
Elevar Equity,IDG Ventures India,1
Accion Venture Lab,IDG Ventures India,1
Accion Venture Lab,Elevar Equity,1
SAIF Partners,\\xc2\\xa0 Accel Partners,1
Mohit Saxena,Naveen Tiwari,1
Naveen Tiwari,Piyush Shah,1
Manish Dugar,Naveen Tiwari,1
Amit Gupta,Mohit Saxena,1
Mohit Saxena,Piyush Shah,1
Manish Dugar,Mohit Saxena,1
Amit Gupta,Manish Dugar,1
Manish Dugar,Piyush Shah,1
Angie Mahtaney,Kanwaljit Singh,1
Angie Mahtaney,Manoj Varghese,1
Helion Ventures,Omidiyar Network,1
Blume Ventures and Ujama,Helion Ventures,1
Blume Ventures and Ujama,Omidiyar Network,1
Goldman Sachs,Rocket Internet,1
Anand Vijay,Nipun Dureja,1
Anand Vijay,Satyajit Heeralal,1
Anand Vijay,Keith Rodricks,1
Anand Vijay,Gaurav Lochan,1
Anand Vijay,Azmul Haque,1
Anand Vijay,Nikhil Bagri,1
Nipun Dureja,Satyajit Heeralal,1
Keith Rodricks,Nipun Dureja,1
Gaurav Lochan,Nipun Dureja,1
Azmul Haque,Nipun Dureja,1
Nikhil Bagri,Nipun Dureja,1
Keith Rodricks,Satyajit Heeralal,1
Gaurav Lochan,Satyajit Heeralal,1
Azmul Haque,Satyajit Heeralal,1
Nikhil Bagri,Satyajit Heeralal,1
Gaurav Lochan,Keith Rodricks,1
Azmul Haque,Keith Rodricks,1
Keith Rodricks,Nikhil Bagri,1
Azmul Haque,Gaurav Lochan,1
Gaurav Lochan,Nikhil Bagri,1
Azmul Haque,Nikhil Bagri,1
Amit Gupta,Rishi Vasudev,1
Rajiv Nayan,Rishi Vasudev,1
Amit Gupta,Rajiv Nayan,1
Multiples Alternate Asset Management,Tiger Global Management,1
Tiger Global Management,Times Internet,1
Multiples Alternate Asset Management,Nexus Venture Partners,1
Multiples Alternate Asset Management,Times Internet,1
Nexus Venture Partners,Times Internet,1
Fidelity Growth Partners India,SAIF Partners,1
Fidelity Growth Partners India,\\xc2\\xa0 Helion Ventures,1
SAIF Partners,\\xc2\\xa0 Helion Ventures,1
Beenos,S.Gopalakrishnan,1
Helion Venture Partners,Orios Venture Partners,1
Arun Chandra Mohan,Praveen Sinha,1
Rajendra Gogri,\\xc2\\xa0 Chandrakant Gogri,1
Rajan Anandan,Teru Sato,1
Aneesh Reddy,Rajan Anandan,1
Rajan Anandan,Venkatesh Valluri,1
Aneesh Reddy,Teru Sato,1
Teru Sato,Venkatesh Valluri,1
Aneesh Reddy,Venkatesh Valluri,1
Jay Sethuram,Phanindra Sama,1
Hemant Kanakia,Phanindra Sama,1
Phanindra Sama,Ravi Trivedi,1
Hemant Kanakia,Jay Sethuram,1
Jay Sethuram,Ravi Trivedi,1
Hemant Kanakia,Ravi Trivedi,1
Anoop Goyal,Kae Capital,1
Kae Capital,Mike Shah,1
Kae Capital,VA Sastry,1
Anoop Goyal,Mike Shah,1
Anoop Goyal,VA Sastry,1
Mike Shah,VA Sastry,1
Sanjay Venkat,Tim Chen,1
Nikunj Jain,Sol Primero,1
Nikunj Jain,Outbox Ventures,1
Rajan Anandan,Rajesh Sawheny,1
Amit Ranjan,Rajesh Sawheny,1
Niraj Singh,Rajesh Sawheny,1
AECAL,Rajesh Sawheny,1
MeraEvents.,Rajesh Sawheny,1
AECAL,Rajan Anandan,1
MeraEvents.,Rajan Anandan,1
Amit Ranjan,Niraj Singh,1
AECAL,Amit Ranjan,1
Amit Ranjan,MeraEvents.,1
AECAL,Niraj Singh,1
MeraEvents.,Niraj Singh,1
AECAL,MeraEvents.,1
Amit Tyagi,Sandeep Acharya & others,1
Investment AB Kinnevik,Tiger Global,1
Steadview Capital,Tiger Global,2
Investment AB Kinnevik,Steadview Capital,1
Jason Hirschhorn,Sequoia Capital,1
"Jarett Posner, and Amit Bhatiani",Sequoia Capital,1
"Jarett Posner, and Amit Bhatiani",Jason Hirschhorn,1
Ajit Surana,Sanjay Mehta,1
NEA Ventures,Silicon Valley Ventures,1
Silicon Valley Ventures,Valiant Capital,1
IDG Ventures India,Silicon Valley Ventures,1
Silicon Valley Ventures,\\xc2\\xa0 SAIF Partners,1
Silicon Valley Ventures,Vertex Ventures,1
NEA Ventures,Valiant Capital,1
IDG Ventures India,NEA Ventures,1
NEA Ventures,\\xc2\\xa0 SAIF Partners,1
NEA Ventures,Vertex Ventures,1
Valiant Capital,\\xc2\\xa0 SAIF Partners,1
IDG Ventures India,\\xc2\\xa0 SAIF Partners,1
Vertex Ventures,\\xc2\\xa0 SAIF Partners,1
Cisco Investments,Tree Line Asia,1
American Express,Tree Line Asia,1
American Express,Cisco Investments,1
Cisco Investments,Sequoia Capital,1
American Express,Sequoia Capital,1
DST Global,Steadview Capital,1
Accel Partners & Others,DST Global,1
Accel Partners & Others,Steadview Capital,1
Accel Partners & Others,Tiger Global,1
Ajai Chowdhry,Ashvin Chadha,1
Ajai Chowdhry,Yogesh Bansal,1
Ajai Chowdhry,\\nNitin Singhal & Others,1
Ashvin Chadha,Yogesh Bansal,1
Ashvin Chadha,\\nNitin Singhal & Others,1
Yogesh Bansal,\\nNitin Singhal & Others,1
Kanwaljit Singh,Shripad Nadkarni,1
Kanwaljit Singh,Sarvesh Shahra & Others,1
Sarvesh Shahra & Others,Shripad Nadkarni,1
Sequoia Capital,TR Capital,1
Steadview Capital,TR Capital,1
SAIF Partners,TR Capital,1
Kalaari Capital,TR Capital,1
India Quotient,Matrix Partners India,1
Helion Venture Partner,Powerhouse Ventures,1
GSF and Other angel investors,Helion Venture Partner,1
GSF and Other angel investors,Powerhouse Ventures,1
Accel Partners,Dragoneer Investment,2
Dragoneer Investment,Qualcomm Ventures,1
Dragoneer Investment,Times Internet,1
Accel Partners,Times Internet,1
Lightspeed Venture Partners,Tiger Global Management,1
PremjiInvest,Tiger Global,1
PremjiInvest,Ribbit Capital,1
Ribbit Capital,Tiger Global,1
Kunal Bahl,SAIF Partners,1
Rohit Bansal,SAIF Partners,1
Accel Partners,Kunal Bahl,1
Accel Partners,Rohit Bansal,1
Ascent Capital,Kalaari Capital,1
Deep Kalra,Sequoia Capital,1
Deep Kalra,Omidyar Network,1
Deep Kalra,Intel Capital & Kae Capital,1
Intel Capital & Kae Capital,Sequoia Capital,1
Intel Capital & Kae Capital,Omidyar Network,1
Google Capital & Accel Partners,Tiger Global,1
Michael & Susan Dell Foundation,Pearson Learning Fund,1
Kalaari Capital,Mayfield Ventures,2
Helion Ventures,Mayfield Ventures,1
Helion Ventures,Kalaari Capital,2
Nexus venture Partners,Sequoia Capital,1
GFC,Sequoia Capital,1
Lightspeed Ventures,Nexus venture Partners,1
GFC,Nexus venture Partners,1
GFC,Lightspeed Ventures,1
500 Startups,Version One Ventures,1
Nexus Venture Partners and Arena Ventures,Version One Ventures,1
500 Startups,Nexus Venture Partners and Arena Ventures,1
Rakesh Mathur,Vikas Taneja & others,1
Deepak Shahdadpuri,Gulpreet Kohli,1
Accel India,Accel US,1
Accel US,SAIF Partners.,1
Accel India,SAIF Partners.,1
Haresh Chawla,Oliphans Capital,1
Ah! Ventures,Calcutta Angels,1
Ah! Ventures,\\xc2\\xa0 91SpringBoard,1
Calcutta Angels,\\xc2\\xa0 91SpringBoard,1
Bessemer Ventures,Blume Ventures,1
Fidelity Growth Partners,Greycroft Partners,1
Alok Goel,Sumit Jain,1
Amit Agrawal,Sumit Jain,1
Sumit Jain,Vinay Goel,1
Gaurav Munjal,Sumit Jain,1
Ashish Dev Kapur,Sumit Jain,1
Alok Goel,Aprameya Radhakrishna,1
Amit Agrawal,Aprameya Radhakrishna,1
Aprameya Radhakrishna,Vinay Goel,1
Aprameya Radhakrishna,Gaurav Munjal,1
Aprameya Radhakrishna,Ashish Dev Kapur,1
Alok Goel,Rajan Anandan,1
Alok Goel,Amit Agrawal,1
Alok Goel,Vinay Goel,1
Alok Goel,Gaurav Munjal,1
Alok Goel,Ashish Dev Kapur,1
Amit Agrawal,Rajan Anandan,1
Rajan Anandan,Vinay Goel,1
Gaurav Munjal,Rajan Anandan,1
Ashish Dev Kapur,Rajan Anandan,1
Amit Agrawal,Vinay Goel,1
Amit Agrawal,Gaurav Munjal,1
Amit Agrawal,Ashish Dev Kapur,1
Gaurav Munjal,Vinay Goel,1
Ashish Dev Kapur,Vinay Goel,1
Ashish Dev Kapur,Gaurav Munjal,1
Helion Venture Partners,Kae Capital,1
IDG Ventures India,Maverick Capital,1
Alok Goel & others,Ashutosh Lawania,1
Madhukar Gangadi,Satish Reddy,1
Madhukar Gangadi,Srini Raju,1
Madhukar Gangadi,Srini Koppolu & SIDBI,1
Satish Reddy,Srini Raju,1
Satish Reddy,Srini Koppolu & SIDBI,1
Srini Koppolu & SIDBI,Srini Raju,1
Aneesh Reddy,Powai Lake Ventures,1
Ashish Kashyap,Powai Lake Ventures,1
Alok Mittal,Powai Lake Ventures,1
Aneesh Reddy,Ashish Kashyap,1
Alok Mittal,Aneesh Reddy,1
Alok Mittal,Ashish Kashyap,1
Accel Partners,Tiger Global,1
Alok Sharma,IAN Ventures,1
IAN Ventures,Kris Gopalakrishnan,1
IAN Ventures,Saurabh Srivastava,1
Ajai Chowdhry,IAN Ventures,1
Alok Sharma,Saurabh Srivastava,1
Ajai Chowdhry,Alok Sharma,1
Kris Gopalakrishnan,Saurabh Srivastava,1
Ajai Chowdhry,Kris Gopalakrishnan,1
Ajai Chowdhry,Saurabh Srivastava,1
Sequoia Capital.,Tiger Global,1
VentureEast,\\xc2\\xa0 Varaprasad Reddy,1
Powai Lake Ventures,Zishan Hayath,1
Abhishek Goyal,Powai Lake Ventures,1
Powai Lake Ventures,Sahil Barua,1
Abhishek Goyal,Zishan Hayath,1
Sahil Barua,Zishan Hayath,1
Abhishek Goyal,Sahil Barua,1
GSF,Kae Capital,1
Kae Capital,Teruhide Sato,1
GSF,Teruhide Sato,1
Lalit Mangal,Zishaan Hayath,1
Harpreet Singh Grover,Lalit Mangal,1
IDG Ventures,Naveen Tewari,1
IDG Ventures,Outbox Ventures,1
CA Media LP,\\xc2\\xa0 Start Media.,1
Arun Duggal,HT Media,1
JAFCO Asia,Keystone Group,1
Dragoneer Investment,JAFCO Asia,1
Accel Partners,JAFCO Asia,1
Dragoneer Investment,Keystone Group,1
Accel Partners,Keystone Group,1
Accion Venture Labs,Rianta Capital,1
Dr Faraz Naqvi,Dr Mushtaq Shah,1
Impact Investment Holding,Upaya Social Ventures,1
Greenoaks capital,Sequoia Capital,1
Greenoaks capital,LightSpeed Ventures,1
LightSpeed Ventures,Sequoia Capital,1
Indian Quotient,Tiger Global Management,1
Binny Bansal,Tiger Global Management,1
Binny Bansal,Indian Quotient,1
Kiran Bhat,Nick Adams,1
Family Pot Investments LLP,Nick Adams,1
Family Pot Investments LLP,Kiran Bhat,1
Matrix Partners,Tiger Global,1
Lightspeed Venture Partners,Tiger Global,1
Lightspeed Venture Partners,Matrix Partners,1
Nandan Nilekani,Rajiv Mody,1
Ajai Chowdhary,Nandan Nilekani,1
Ajai Chowdhary,Rajiv Mody,1
InterWest Partners,Trinity Ventures,1
Mohr Davidow Ventures,Trinity Ventures,1
Presidio Ventures,Trinity Ventures,1
InterWest Partners,Mohr Davidow Ventures,1
InterWest Partners,Presidio Ventures,1
Mohr Davidow Ventures,Presidio Ventures,1
Ru-Net,Zodius Capital,1
Zodius Capital,\\xc2\\xa0 Qualcomm Ventures,1
Kalaari Capital,Ru-Net,1
Ru-Net,\\xc2\\xa0 Qualcomm Ventures,1
Kalaari Capital,\\xc2\\xa0 Qualcomm Ventures,1
Rajiv Mehta,Sol Primero,1
Norwest Venture Partners,Temasek,1
Tiger Global,Times Internet,1
Tiger Global,Zodius Capital,1
Times Internet,Zodius Capital,1
Anand Vijay,Shashank Mehrotra & Others,1
Tybourne Capital,Valiant Capital,1
Sequoia Capital,Valiant Capital,1
RuNet and Sofina,Valiant Capital,1
Sequoia Capital,Tybourne Capital,1
RuNet and Sofina,Tybourne Capital,1
RuNet and Sofina,Sequoia Capital,1
Falcon Edge Capital,Matrix Partners India,1
Falcon Edge Capital,Sequoia Capital India and Omidyar Network,1
Matrix Partners India,Sequoia Capital India and Omidyar Network,1
Aspada,SAIF Partners,1
Aspada,Sequoia Capital,1
Karan Bajwa,Parvesh Bareja,1
Karan Bajwa,Sunjay Kapur,1
Parvesh Bareja,Sunjay Kapur,1
Amanpreet Bajaj,Parvesh Bareja,1
Amanpreet Bajaj,Sunjay Kapur,1
Matrix Partners,Nexus Venture Partners,2
Suresh Senapaty,TV Mohandas Pai,1
Srinivas Aluri,Srinivas Modukury,1
BS Nagesh,Srinivas Aluri,1
BS Nagesh,Srinivas Modukury,1
Rebright Partners,Tiger Global,1
Sachin and Binny Bansal,Tiger Global,1
Rebright Partners,Sachin and Binny Bansal,1
Calcutta Angels,Venture Nursery Angels Mumbai Angels,1
DA-IICT,Techstars,1
Carnegie Mellon University,DA-IICT,1
DA-IICT,Startup Brasil program,1
Carnegie Mellon University,Techstars,1
Startup Brasil program,Techstars,1
Carnegie Mellon University,Startup Brasil program,1
Ranjan Pai,Sequoia Capital,1
Mohandas Pai & others,Sequoia Capital,1
Mohandas Pai & others,Ranjan Pai,1
InterGlobe Technology Quotient,Lantern Capital,1
Fulcrum Ventures,SAIF Partners,1
Bijou Kurien,Unitus Seed Fund\\nNarayan Ramachandran,1
Amit Ranjan,Deepinder Goyal,1
Amit Ranjan,Zishaan Hayath,1
Amit Ranjan,Powai Lake Ventures,1
Deepinder Goyal,Zishaan Hayath,1
Deepinder Goyal,Powai Lake Ventures,1
Powai Lake Ventures,Zishaan Hayath,1
T V Mohandas Pai,V Balakrishnan,2
BC Prabhakar,V Balakrishnan,1
BC Prabhakar,T V Mohandas Pai,1
Rajat Jain,Sumit Jain,1
Sanjay Bhasin,Sumit Jain,1
Rajat Jain,Sanjay Bhasin,1
Kris Gopalakrishnan,Nagaraja Prakasam,1
IDG Ventures India,Jungle Ventures,1
IDG Ventures India,India Quotient.,1
India Quotient.,Jungle Ventures,1
TPG Growth,TR Capital,1
IDG Ventures,TR Capital,1
Sudhakar Reddy,Venkat Vallabhneni,1
Srinivasa Rao Paturi,Venkat Vallabhneni,1
Srinivasa Rao Paturi,Sudhakar Reddy,1
DeNA Co.,Japan & Teruhide Sato (in Addition to MKS Switzerland & Kris GopalKrishnan),1
Rohan Ajila,Tom Clausen,1
Haldyn Glass,Tom Clausen,1
Haldyn Glass,Rohan Ajila,1
Anupam Mittal,Manish Vij,1
Anupam Mittal,Prashant Tandon,1
Anupam Mittal,Gaurav Agarwal,1
Akash Agarwal,Anupam Mittal,1
Anupam Mittal,Himanshu Aggarwal,1
Anupam Mittal,Kevin Parikh,1
Manish Vij,Prashant Tandon,1
Gaurav Agarwal,Manish Vij,1
Akash Agarwal,Manish Vij,1
Himanshu Aggarwal,Manish Vij,1
Kevin Parikh,Manish Vij,1
Akash Agarwal,Prashant Tandon,1
Himanshu Aggarwal,Prashant Tandon,1
Kevin Parikh,Prashant Tandon,1
Akash Agarwal,Gaurav Agarwal,1
Gaurav Agarwal,Himanshu Aggarwal,1
Gaurav Agarwal,Kevin Parikh,1
Akash Agarwal,Himanshu Aggarwal,1
Akash Agarwal,Kevin Parikh,1
Himanshu Aggarwal,Kevin Parikh,1
Jungle Ventures,Redbright Partners,1
Blume Ventures,Redbright Partners,1
Ashish Tiwari,Devesh Sachdev,1
Nikhil Vora,Rohit Bansal,1
Kunal Bahl,Nikhil Vora,1
Inventus Capital,IvyCap Ventures,1
Helion Venture Partners,JS Capital,1
Capricorn Investment Group,JS Capital,1
Capricorn Investment Group,Helion Venture Partners,1
Blume Ventures,GWB Group,1
Mohit Saxena,Rajan Anandan,1
Rajan Anandan,TNN Capital & IIG,1
Mike Galgon,Mohit Saxena,1
Mike Galgon,TNN Capital & IIG,1
Ashim Mehra,Mohit Saxena,1
Ashim Mehra,TNN Capital & IIG,1
Mohit Saxena,Ravi Gururaj,1
Mohit Saxena,TNN Capital & IIG,1
Ravi Gururaj,TNN Capital & IIG,1
Rajan Anandan,Shankar Mahadevan,1
Deep Kalra & Others,Rajan Anandan,1
Deep Kalra & Others,Shankar Mahadevan,1
Kalaari Capital,Mayfield India,1
Helion Ventures,Mayfield India,1
Amit Rambhia & Others,Rohit Jain,1
August Capital Partners,Michael Blakey,1
Goldman Sachs,Zodius Capital,1
IDG Ventures,Inventus Capital Partners,1
Hillhouse Capital,Tybourne Capital,1
Exfinity Fund,GrowX Ventures.,1
