investor,startup,roundId,investmentType,amountUSD,date,year
Tiger Global Management,BYJU’S,round_0,Private Equity,200000000.0,2020-01-09,2020
Susquehanna Growth Equity,Shuttl,round_1,Series C,8048394.0,2020-01-13,2020
Sequoia Capital India,Mamaearth,round_2,Series B,18358860.0,2020-01-09,2020
Vinod Khatumal,https://www.wealthbucket.in/,round_3,Pre-Series A,3000000.0,2020-01-02,2020
Sprout Venture Partners,Fashor,round_4,Seed,1800000.0,2020-01-02,2020
Chiratae Ventures,Pando,round_5,Series A,9000000.0,2020-01-13,2020
Ant Financial,Zomato,round_6,Private Equity,150000000.0,2020-01-10,2020
Sathguru Catalyzer Advisors,Ecozen,round_7,Series A,6000000.0,2019-12-12,2019
Ping An Global Voyager Fund,CarDekho,round_8,Series D,70000000.0,2019-12-06,2019
Mumbai Angels,Dhruva Space,round_9,Seed,50000000.0,2019-12-03,2019
Ravikanth Reddy,Dhruva Space,round_9,Seed,50000000.0,2019-12-03,2019
SAIF Partners,Rivigo,round_10,Series F,20000000.0,2019-12-13,2019
Spring Canter Investment Ltd.,Rivigo,round_10,Series F,20000000.0,2019-12-13,2019
Paytm,Healthians,round_11,Series C,12000000.0,2019-12-17,2019
NPTK,Healthians,round_11,Series C,12000000.0,2019-12-17,2019
Sabre Partners and Neoplux,Healthians,round_11,Series C,12000000.0,2019-12-17,2019
Vertex Growth Fund,Licious,round_12,Series E,30000000.0,2019-12-16,2019
Ruizheng Investment,Trell,round_14,Seed,2000000.0,2019-12-14,2019
Manipal Education and Medical Group (MEMG),Rein Games,round_15,Seed,50000000.0,2019-12-11,2019
SoftBank Vision Fund,Lenskart.com,round_16,Series G+,231000000.0,2019-12-20,2019
Sequoia,Freshworks,round_17,Series G+,150000000.0,2019-11-13,2019
CapitalG,Freshworks,round_17,Series G+,150000000.0,2019-11-13,2019
Accel,Freshworks,round_17,Series G+,150000000.0,2019-11-13,2019
Sauce.vc,Misters,round_18,Series B,486000.0,2019-11-14,2019
Rainforest Ventures,Misters,round_18,Series B,486000.0,2019-11-14,2019
Prime Venture Partners,Sunstone Eduversity Pvt. Ltd,round_19,Seed,1500000.0,2019-11-13,2019
LetsVenture,Sunstone Eduversity Pvt. Ltd,round_19,Seed,1500000.0,2019-11-13,2019
PS1 Venture and GlobalLogic co-founder Rajul Garg,Sunstone Eduversity Pvt. Ltd,round_19,Seed,1500000.0,2019-11-13,2019
RB Investments,Burger Singh,round_20,Venture,,2019-11-17,2019
DG Daiwa Ventures,Healthians,round_21,Series B,12000000.0,2019-11-18,2019
DG Incubation,Healthians,round_21,Series B,12000000.0,2019-11-18,2019
Trifecta Capital Advisors,Ninjacart,round_22,Debt,26000000.0,2019-11-15,2019
FinTech,Aye Finance,round_23,Debt,17411265.0,2019-11-20,2019
Dream Incubator,SuperGaming,round_24,Seed,1300000.0,2019-11-12,2019
Altimeter Capital,Clumio,round_25,Series C,135000000.0,2019-11-20,2019
Sutter Hill Ventures,Clumio,round_25,Series C,135000000.0,2019-11-20,2019
Startup Buddy,eBikeGo,round_26,Seed,300000.0,2019-11-11,2019
Amour Infrastructure,Digital Mall Asia,round_27,Seed,220000000.0,2019-11-19,2019
Ackermans & van Haaren,Medikabazaar,round_28,Series B,15800000.0,2019-11-18,2019
HealthQuad,Medikabazaar,round_28,Series B,15800000.0,2019-11-18,2019
Rebright Partners,Medikabazaar,round_28,Series B,15800000.0,2019-11-18,2019
Toppan Printing,Medikabazaar,round_28,Series B,15800000.0,2019-11-18,2019
Matrix Partners,Vogo Automotive,round_29,Series B,283000000.0,2019-11-15,2019
Stellaris Venture Partners,Vogo Automotive,round_29,Series B,283000000.0,2019-11-15,2019
Kalaari Capital,Vogo Automotive,round_29,Series B,283000000.0,2019-11-15,2019
IAN Fund and DSG Consumer Partners,Furtados School of Music,round_30,,200000000.0,2019-11-19,2019
Vijay Shekhar Sharma,Paytm,round_31,Other,1000000000.0,2019-11-25,2019
Lightbox,Dunzo,round_32,Series D,45000000.0,2019-10-04,2019
Altimeter Capital,Udaan,round_33,Series D,585000000.0,2019-10-02,2019
DST Global,Udaan,round_33,Series D,585000000.0,2019-10-02,2019
Ayushmann Khurana,The Man Company,round_34,Corporate Round,,2019-10-21,2019
Matrix Partners India,FPL Technologies,round_35,Other,4500000.0,2019-09-05,2019
Sequoia India,FPL Technologies,round_35,Other,4500000.0,2019-09-05,2019
SAIF Partners,Cashflo,round_36,Series A,3300000.0,2019-09-04,2019
TIW Private Equity,Digital F5,round_37,Private Equity,6000000.0,2019-09-04,2019
Exfinity Venture Partners,3rdFlix,round_38,Pre-Series A,5000000.0,2019-09-04,2019
Breakthrough Energy Ventures,75F,round_39,Series A,18000000.0,2019-09-04,2019
Endiya Partners,Myelin Foundry,round_40,Seed,1000000.0,2019-09-04,2019
A91 Partners,Atomberg Technology,round_41,Series A,10000000.0,2019-09-04,2019
Bennett Coleman and Company Ltd (BCCL),GOQii,round_42,Series C,450000000.0,2019-09-04,2019
India Quotient,Vyapar App,round_43,Series A,5000000.0,2019-09-03,2019
Axilor Ventures,Vyapar App,round_43,Series A,5000000.0,2019-09-03,2019
SC GG India Mobility Holdings LLC,CarDekho,round_44,Series C,20000000.0,2019-08-01,2019
Sequoia India,Progcap,round_45,Series A,5000000.0,2019-08-01,2019
Azim Premji,Alteria Capital,round_47,Venture,140000000.0,2019-08-01,2019
Binny Bansal,Alteria Capital,round_47,Venture,140000000.0,2019-08-01,2019
Pine Labs Pte Ltd,Pine Labs,round_48,Corporate Round,38080000.0,2019-08-01,2019
Naspers,Meesho,round_49,Series D,125000000.0,2019-08-12,2019
MS Dhoni,Cars24,round_50,Series D,11000000.0,2019-08-13,2019
March Capital Partners,Uniphore,round_51,Series C,51000000.0,2019-08-13,2019
XL Innovate,Zendrive,round_52,Series B,37000000.0,2019-08-23,2019
Rashmi Daga (founder,Lo! Foods,round_53,Seed,500000.0,2019-08-23,2019
FreshMenu),Lo! Foods,round_53,Seed,500000.0,2019-08-23,2019
Raveen Sastry (co-founder,Lo! Foods,round_53,Seed,500000.0,2019-08-23,2019
Myntra) and Mitesh Shah (finance chief,Lo! Foods,round_53,Seed,500000.0,2019-08-23,2019
BookMyShow),Lo! Foods,round_53,Seed,500000.0,2019-08-23,2019
RPS Ventures,Tala,round_54,Series D,110000000.0,2019-08-23,2019
Tiger Global Management,INDwealth,round_55,Venture,15000000.0,2019-08-22,2019
One97 Communications Ltd.,HungerBox,round_56,Series C,6590000.0,2019-08-21,2019
Growth DNA,AdmitKard,round_57,Seed,1000000.0,2019-08-23,2019
Vir Sanghvi,Mishry Reviews,round_58,Series A,,2019-08-19,2019
Softbank Vision Fund,Grofers,round_59,Series F,70000000.0,2019-08-19,2019
Westbridge Capital,Rapido Bike Taxi,round_60,Series B,3900000000.0,2019-08-27,2019
Lok Capital,RenewBuy,round_61,Series B,19000000.0,2019-07-02,2019
IIFL Wealth,RenewBuy,round_61,Series B,19000000.0,2019-07-02,2019
WaterBridge Ventures,Atlan,round_62,Pre-Series A,2500000.0,2019-07-02,2019
Kapil Dev,WizCounsel,round_63,Angel,145000.0,2019-07-01,2019
DIG Investment Ab,Ola Cabs,round_64,Series G+,1000000.0,2019-07-03,2019
Deshe Holdings,Ola Cabs,round_64,Series G+,1000000.0,2019-07-03,2019
Samih Toukan and Hussam Khoury,Ola Cabs,round_64,Series G+,1000000.0,2019-07-03,2019
March Capital Partners,Uniphore,round_65,Series C,38080000.0,2019-07-01,2019
Artha Venture,Daalchini Technologies,round_66,Seed,500000.0,2019-07-04,2019
Qatar Investment Authority,"""BYJU\\'S""",round_67,Private Equity,150000000.0,2019-07-10,2019
Composite Capital Management,Moglix,round_68,Series D,60000000.0,2019-07-11,2019
Sequoia Capital India,Moglix,round_68,Series D,60000000.0,2019-07-11,2019
Tiger Global Management,Moglix,round_68,Series D,60000000.0,2019-07-11,2019
Ventureast,Indus OS,round_70,Series B,5750000.0,2019-07-10,2019
Blume Ventures,HealthAssure,round_71,Series A,2500000.0,2019-07-10,2019
Binny Bansal,House of Msasaba,round_72,Series A,1000000.0,2019-07-09,2019
Multiple Angel Investors,Board Infinity,round_73,Angel,319605.0,2019-07-08,2019
General Atlantic,NoBroker,round_74,Series C,51000000.0,2019-06-05,2019
Anicut Capital,Bira91,round_75,Debt,10000000.0,2019-06-04,2019
Goldman Sachs,FabHotels,round_76,,4889975.54,2019-06-03,2019
Accel Partners and Qualcomm,FabHotels,round_76,,4889975.54,2019-06-03,2019
Matrix Partners,Avail Finance,round_77,Series A,9000000.0,2019-06-03,2019
Insight Partners,BharatPe,round_78,Series B,75000000.0,2019-06-04,2019
Triton Investment Advisors,Recykal,round_79,Pre-Series A,26000000.0,2019-06-04,2019
Pidilite Industries director Ajay Parekh,Recykal,round_79,Pre-Series A,26000000.0,2019-06-04,2019
Blume Ventures and RTP Global,Agara Labs,round_80,Pre-Series A,2500000.0,2019-06-03,2019
Shell Foundation,Sistema.bio,round_81,,2739034.68,2019-06-06,2019
DILA CAPITAL,Sistema.bio,round_81,,2739034.68,2019-06-06,2019
Engie RDE Fund,Sistema.bio,round_81,,2739034.68,2019-06-06,2019
EcoEnterprise Fund,Sistema.bio,round_81,,2739034.68,2019-06-06,2019
EDFIMC (ElectriFI),Sistema.bio,round_81,,2739034.68,2019-06-06,2019
Endeavor Catalyst Fund,Sistema.bio,round_81,,2739034.68,2019-06-06,2019
CoCapital,Sistema.bio,round_81,,2739034.68,2019-06-06,2019
Triodos,Sistema.bio,round_81,,2739034.68,2019-06-06,2019
"Alpha Mundi, and Lendahand",Sistema.bio,round_81,,2739034.68,2019-06-06,2019
IAN Fund,Chakr Innovation,round_82,Series A,26000000.0,2019-06-06,2019
Qiming Venture Partners,Pratilipi,round_83,Series B,15109500.0,2019-06-06,2019
Nexus Venture Partners,Bolo App,round_84,Seed,430200.0,2019-06-10,2019
Tiger Global Management,OkCredit,round_85,Series A,15500000.0,2019-06-10,2019
WestBridge Capital,Biz2Credit,round_86,Series B,52000000.0,2019-06-06,2019
Alteria Capital,Vogo Automotive Pvt. Ltd.,round_87,Debt,3584000.0,2019-06-08,2019
Mumbai Angels,Leegality,round_88,Series A,3400000.0,2019-06-04,2019
Tata Sons,Ola Electric,round_89,Series A,,2019-05-06,2019
C4D Partners,Saahas Zero Waste,round_90,Series G+,868600.0,2019-05-06,2019
Indian Angel Network and other angel investors,StyleDotMe,round_91,Bridge,,2019-05-05,2019
Innov8 founder Ritesh Malik,StyleDotMe,round_91,Bridge,,2019-05-05,2019
"Josh Talks founders Supriya Paul and Shobha Banga, and former Hero Corporate president Rohit Chanana",StyleDotMe,round_91,Bridge,,2019-05-05,2019
Goldman Sachs Investment Partners and Silicon Valley-based Accel,BlackBuck,round_92,Series D,150000000.0,2019-05-01,2019
Wellington,BlackBuck,round_92,Series D,150000000.0,2019-05-01,2019
Sequoia Capital,BlackBuck,round_92,Series D,150000000.0,2019-05-01,2019
B Capital,BlackBuck,round_92,Series D,150000000.0,2019-05-01,2019
LightStreet,BlackBuck,round_92,Series D,150000000.0,2019-05-01,2019
Sands Capital and International Finance Corporation,BlackBuck,round_92,Series D,150000000.0,2019-05-01,2019
Tiger Global Management,Zenoti,round_93,Series C,50000000.0,2019-05-02,2019
Sachin Bansal,Ather Energy,round_94,Series C,51000000.0,2019-05-28,2019
Equanimity Ventures,FreshVnF,round_95,Seed,140000000.0,2019-05-28,2019
Korea Investment Partners,GlowRoad,round_96,Series B,11500000.0,2019-05-30,2019
Vertex Ventures,GlowRoad,round_96,Series B,11500000.0,2019-05-30,2019
Sixth Sense Ventures,Bira91,round_97,Series B,5600000.0,2019-05-31,2019
Eight Roads,Kuvera,round_98,Series A,45000000.0,2019-04-16,2019
Prasid Uno Family Trust,Medlife,round_99,Private Equity,17000000.0,2019-04-12,2019
Unilever,Kabadiwala,round_100,Private Equity,430665.0,2019-04-10,2019
Beehive Capital Advisor,Kabadiwala,round_100,Private Equity,430665.0,2019-04-10,2019
ABCOM Investments,Kabadiwala,round_100,Private Equity,430665.0,2019-04-10,2019
Parekh Marine Transport,Kabadiwala,round_100,Private Equity,430665.0,2019-04-10,2019
Orchid India,Tripoto,round_101,Series B,3591375.0,2019-04-13,2019
Hornbill Orchid India Fund,Tripoto,round_101,Series B,3591375.0,2019-04-13,2019
Chiratae Ventures (formerly IDG Ventures),Tripoto,round_101,Series B,3591375.0,2019-04-13,2019
3one4 Capital,Tripoto,round_101,Series B,3591375.0,2019-04-13,2019
Lasmer NV,Tripoto,round_101,Series B,3591375.0,2019-04-13,2019
Unnamed angel investors,Azah,round_102,Seed,200000.0,2019-04-12,2019
Lightspeed India Partners,Setu,round_103,Seed,3500000.0,2019-04-11,2019
Milestone,Toppr,round_104,Debt,6320820.0,2019-04-10,2019
Supera Pte Ltd,Craftsvilla,round_105,Other,2443495.0,2019-04-10,2019
Kalyan Krishnamurthy,Unacademy,round_106,Seed / Angel,307000.0,2019-04-10,2019
Sequoia India,CleverTap,round_107,Series B,26000000.0,2019-04-11,2019
Tiger Global Management,CleverTap,round_107,Series B,26000000.0,2019-04-11,2019
Accel Partners,CleverTap,round_107,Series B,26000000.0,2019-04-11,2019
Sixth Sense Ventures,My Healthcare,round_108,Series A,3000000.0,2019-04-19,2019
BAC Acquisitions,KrazyBee,round_109,Debt,,2019-04-19,2019
Unifi AIF,KrazyBee,round_109,Debt,,2019-04-19,2019
BRD Securities,KrazyBee,round_109,Debt,,2019-04-19,2019
Northern R Capital,KrazyBee,round_109,Debt,,2019-04-19,2019
New Atlantic Ventures,Shuttl,round_110,Venture,5000000.0,2019-04-17,2019
021 Capita,Increff,round_111,Series A,3000000.0,2019-04-17,2019
Binny Bansal,Increff,round_111,Series A,3000000.0,2019-04-17,2019
India Quotient and LetsVenture\\xe2\\x80\\x99s Angel Fund,FleetX,round_112,Pre-Series A,,2019-02-01,2019
Sequoia Capital and Temasek Holdings,Zilingo,round_113,Series D,226000000.0,2019-02-08,2019
EDBI,Zilingo,round_113,Series D,226000000.0,2019-02-08,2019
"Burda Principal Investments, and Sofina",Zilingo,round_113,Series D,226000000.0,2019-02-08,2019
LetsVenture,NanoClean Global,round_114,Series A,600000.0,2019-02-13,2019
PitchRight Venture,NanoClean Global,round_114,Series A,600000.0,2019-02-13,2019
91SpringBoard,NanoClean Global,round_114,Series A,600000.0,2019-02-13,2019
AL Nour International Holdings and Mark V Investments,NanoClean Global,round_114,Series A,600000.0,2019-02-13,2019
DiDi Chuxing,OyoRooms,round_115,Equity,100000000.0,2018-02-14,2018
Sequoia India,CarDekho,round_116,Series C,110000000.0,2019-01-03,2019
Hillhouse Capital,CarDekho,round_116,Series C,110000000.0,2019-01-03,2019
Alphabet\\xe2\\x80\\x99s growth investment arm Capital G and Axis Bank,CarDekho,round_116,Series C,110000000.0,2019-01-03,2019
Iron Pillar,Vyome Therapeutics Inc.,round_117,Series D,22000000.0,2019-01-04,2019
Perceptive Advisors,Vyome Therapeutics Inc.,round_117,Series D,22000000.0,2019-01-04,2019
Romulus Capital and Kalaari Capital,Vyome Therapeutics Inc.,round_117,Series D,22000000.0,2019-01-04,2019
"MASSIF, a Dutch government fund",Samunnati Financial Intermediation & Services Pvt. Ltd,round_118,Debt,5000000.0,2019-01-04,2019
Stellaris Venture Partners,Manch,round_119,Seed,700000.0,2018-12-04,2018
Steadview Capital and Vy Capital.,UrbanClap Technologies Pvt. Ltd,round_120,Series D,50000000.0,2018-12-01,2018
Individual Investors,Guiddoo,round_121,Pre-Series A,800000.0,2018-12-02,2018
Individual Investors,Career Anna,round_122,Pre-Series A,572000.0,2018-12-02,2018
Omphalos Ventures India LLP,Nagpur Wholesale,round_123,Seed,143000.0,2018-12-04,2018
Info Edge,ShopKirana,round_124,Seed,2000000.0,2018-12-06,2018
AET Fund,ShopKirana,round_124,Seed,2000000.0,2018-12-06,2018
Akatsuki and Incubate Fund from Japan and Better Capital AngelList syndicate.,ShopKirana,round_124,Seed,2000000.0,2018-12-06,2018
Venture Highway,BuildSupply,round_125,Series A,3500000.0,2018-12-06,2018
GREE Ventures,BuildSupply,round_125,Series A,3500000.0,2018-12-06,2018
Space Matrix,BuildSupply,round_125,Series A,3500000.0,2018-12-06,2018
Individual Investors,BuildSupply,round_125,Series A,3500000.0,2018-12-06,2018
Lead Angels Network,GoDesi,round_126,Seed / Angel,138995.0,2018-11-01,2018
Norwest Venture Partners,Veritas Finance Ltd.,round_127,Series D,27799000.0,2018-11-03,2018
"CDC Group, the UK\\xe2\\x80\\x99s Development Finance Institution and P Surendra Pai",Veritas Finance Ltd.,round_127,Series D,27799000.0,2018-11-03,2018
Shunwei Capital,Meesho,round_128,Series C,50000000.0,2018-11-06,2018
DST Partners and RPS Ventures,Meesho,round_128,Series C,50000000.0,2018-11-06,2018
RB Investments,A&R Bon Vivants,round_130,Equity,1000000.0,2018-11-08,2018
Singapore,A&R Bon Vivants,round_130,Equity,1000000.0,2018-11-08,2018
Tiger Global,Blackbuck,round_131,Series A,1000000.0,2018-11-12,2018
Mayfield Fund,MilkBAsket,round_132,Series B,1300000.0,2018-11-12,2018
Stevens Creek Ventures,DriveU,round_133,Other,1000000.0,2018-11-13,2018
Venture Catalysts,CleanseCar,round_134,Seed / Angel,500000.0,2018-11-14,2018
SoftBank Vision Fund,Automation Anywhere,round_135,Series B,300000000.0,2018-11-19,2018
Sistema Asia Fund,HealthifyMe,round_136,Series B,6000000.0,2018-11-20,2018
VC Samsung NEXT,HealthifyMe,round_136,Series B,6000000.0,2018-11-20,2018
Chiratae Ventures,HealthifyMe,round_136,Series B,6000000.0,2018-11-20,2018
Inventus Capital,HealthifyMe,round_136,Series B,6000000.0,2018-11-20,2018
Blume Ventures and Innoven Capital.,HealthifyMe,round_136,Series B,6000000.0,2018-11-20,2018
Individual investors,Genius Corner,round_137,Seed,278000.0,2018-11-21,2018
Teachers Insurance and Annuity Association (TIAA),Aavishkaar-Intellecap Group,round_138,Equity,31000000.0,2018-11-22,2018
Individual investors,Skillbox,round_139,Seed,,2018-11-22,2018
Stellaris Venture Partners and Kalaari Capital,Signzy,round_140,Series A,3400000.0,2018-11-23,2018
Rajan Anandan from Google,Signzy,round_140,Series A,3400000.0,2018-11-23,2018
"Dilip Khandwelwal from SAP Labs India, and Amrish Rau from PayU India",Signzy,round_140,Series A,3400000.0,2018-11-23,2018
Lakestar and Jungle Ventures,Engineer.ai,round_141,Series A,29500000.0,2018-11-24,2018
Softbank\\xe2\\x80\\x99s DeepCore.,Engineer.ai,round_141,Series A,29500000.0,2018-11-24,2018
Paragon Partners,InCred Finance,round_142,Private Equity,42000000.0,2018-11-25,2018
Individual Investors,InCred Finance,round_142,Private Equity,42000000.0,2018-11-25,2018
Bertelsmann India Investments,Roposo,round_143,Series B,1700000.0,2018-11-25,2018
Prashant Jaiswal,Northmist,round_144,Seed / Angel,,2018-10-01,2018
Cooperative Oikocredit,Origo Commodities India Pvt. Ltd,round_145,Seed / Angel,11000000.0,2018-10-02,2018
Caspian and Hivos-Triodos Fund,Origo Commodities India Pvt. Ltd,round_145,Seed / Angel,11000000.0,2018-10-02,2018
Ravi Viswanathan,Grover Zampa,round_146,Private Equity,8200000.0,2018-10-04,2018
ZigExN,Droom,round_147,Series E,3000000.0,2018-10-05,2018
Credence Family Office,Innov8,round_148,Pre-Series A,4000000.0,2018-10-11,2018
Sequoia Capital India,Blackbuck,round_149,Other,14680000.0,2018-10-12,2018
Fosun International,LetsTransport,round_150,Series C,12000000.0,2018-10-12,2018
Sistema Asia Fund,Netmeds,round_151,Private Equity,35000000.0,2018-09-01,2018
Sistema JSFC and Tanncam Investment,Netmeds,round_151,Private Equity,35000000.0,2018-09-01,2018
DST Global and Lightspeed Venture Partners\\xe2\\x80\\x99 global fund.,Udaan,round_152,Private Equity,225000000.0,2018-09-03,2018
Falcon Edge,Daily hunt,round_153,Private Equity,6390000.0,2018-09-03,2018
Korea Investment Partners (KIP),HappyGoEasy,round_155,Private Equity,,2018-09-04,2018
Samsung and China-based CITIC Capital and others,HappyGoEasy,round_155,Private Equity,,2018-09-04,2018
Lighthouse,Nykaa,round_156,Private Equity,157200000.0,2018-09-05,2018
KDDI\\xc2\\xa0,Mad Street Den,round_157,Private Equity,,2018-09-05,2018
Tencent,Dream11,round_158,Private Equity,100000000.0,2018-09-06,2018
Kalaari Capital and Private equity firm Multiples Alternate Asset Management,Dream11,round_158,Private Equity,100000000.0,2018-09-06,2018
Stellaris Ventures & Others,MamaEarth,round_159,Private Equity,4000000.0,2018-09-10,2018
CLP Holdings Group,AutoGrid,round_160,Private Equity,32000000.0,2018-09-11,2018
Innogy,AutoGrid,round_160,Private Equity,32000000.0,2018-09-11,2018
"\\xc3\\x98rstead, and Tenaska",AutoGrid,round_160,Private Equity,32000000.0,2018-09-11,2018
InnoVen Capital,Pharmeasy,round_161,Debt,5500000.0,2018-09-11,2018
Shunwei Capital,Upwards,round_162,Private Equity,5000000.0,2018-09-11,2018
Quotient,Upwards,round_162,Private Equity,5000000.0,2018-09-11,2018
Mayfield & Others,Upwards,round_162,Private Equity,5000000.0,2018-09-11,2018
Vertex Ventures Southeast Asia (SEA) and India and Sistema Asia Fund,Kissht,round_163,Private Equity,30000000.0,2018-09-12,2018
Fosun RZ Capital,Kissht,round_163,Private Equity,30000000.0,2018-09-12,2018
"Ventureast, and Endiya Partners.\\n\\n",Kissht,round_163,Private Equity,30000000.0,2018-09-12,2018
Farm To Fork,dishq,round_164,Seed / Angel,400000.0,2018-08-01,2018
Arts Alliance,dishq,round_164,Seed / Angel,400000.0,2018-08-01,2018
The Syndicate Fund,dishq,round_164,Seed / Angel,400000.0,2018-08-01,2018
Sven Hensen,dishq,round_164,Seed / Angel,400000.0,2018-08-01,2018
Zeroth and Artesian Venture Partners,dishq,round_164,Seed / Angel,400000.0,2018-08-01,2018
Axilor,HealthFin,round_165,Seed / Angel,,2018-08-01,2018
Sprout Venture Partners and others,HealthFin,round_165,Seed / Angel,,2018-08-01,2018
Xiaomi and Sequoia Capital India,Samosa Labs,round_166,Private Equity,7000000.0,2018-08-02,2018
Y Combinator,ZiffyHomes,round_167,Private Equity,120000.0,2018-08-03,2018
Fung Strategic Holdings,ShopX,round_169,Private Equity,35000000.0,2018-08-07,2018
MakeMyTrip Limited,MakeMyTrip,round_170,Private Equity,10000000.0,2018-08-07,2018
Vertex Ventures,Hansel io,round_171,Seed / Angel,4000000.0,2018-08-08,2018
Sequoia Capital India Advisors,Metro Bikes,round_172,Private Equity,12200000.0,2018-08-08,2018
Accel Partners and G Raghunandan,Metro Bikes,round_172,Private Equity,12200000.0,2018-08-08,2018
Flipkart,Phone Pe,round_173,Private Equity,66000000.0,2018-08-08,2018
Nexus Venture Partners,quizizz,round_174,Seed / Angel,3000000.0,2018-08-09,2018
Prime Venture Partners and Others,quizizz,round_174,Seed / Angel,3000000.0,2018-08-09,2018
AJ Ventures and Jain International Trade Organisation (JITO),Happy EMI,round_175,Seed / Angel,1000000.0,2018-08-09,2018
Ventureast,Inthree,round_176,Seed / Angel,4000000.0,2018-08-13,2018
Orios Venture Partners and the IAN Fund,Inthree,round_176,Seed / Angel,4000000.0,2018-08-13,2018
Nexus Venture Partners,Observe AI,round_177,Private Equity,8000000.0,2018-08-13,2018
MGV,Observe AI,round_177,Private Equity,8000000.0,2018-08-13,2018
Liquid 2 Ventures,Observe AI,round_177,Private Equity,8000000.0,2018-08-13,2018
Hack VC,Observe AI,round_177,Private Equity,8000000.0,2018-08-13,2018
Emergent Ventures and Y Combinator,Observe AI,round_177,Private Equity,8000000.0,2018-08-13,2018
Denlow Investment Trust and Beenext,EazyDiner,round_179,Private Equity,5850000.0,2018-08-17,2018
Alteria Capital,RawPressery,round_181,Debt,4800000.0,2018-08-20,2018
CDC Group plc\\xc2\\xa0,Pi Ventures,round_182,Private Equity,6000000.0,2018-08-22,2018
Hyundai,Revv,round_183,Private Equity,14270000.0,2018-08-22,2018
Edelweiss and Beenext,Revv,round_183,Private Equity,14270000.0,2018-08-22,2018
Dream Incubator,Revv,round_183,Private Equity,14270000.0,2018-08-22,2018
Sunjay Kapoor and Telama Investment,Revv,round_183,Private Equity,14270000.0,2018-08-22,2018
Xiaomi,ZestMoney,round_184,Private Equity,13400000.0,2018-08-26,2018
PayU,ZestMoney,round_184,Private Equity,13400000.0,2018-08-26,2018
Ribbit Capital and Omidyar Network,ZestMoney,round_184,Private Equity,13400000.0,2018-08-26,2018
Saama Capital,Shubh Loans,round_185,Private Equity,4200000.0,2018-08-26,2018
SRI Capital,Shubh Loans,round_185,Private Equity,4200000.0,2018-08-26,2018
"Beenext, and Pravega Ventures",Shubh Loans,round_185,Private Equity,4200000.0,2018-08-26,2018
Nexus Venture Partners,MyUpchar,round_186,Private Equity,5000000.0,2018-08-27,2018
Omidyar Network and Shunwei Capital,MyUpchar,round_186,Private Equity,5000000.0,2018-08-27,2018
Accel (formerly known as Accel Partners),Narvar,round_187,Private Equity,3000000.0,2018-08-28,2018
Y Combinator,Leena AI,round_189,Seed / Angel,,2018-07-01,2018
Ajay Relan and Vinay Mittal,Biryani By Kilo,round_190,Seed / Angel,1000000.0,2018-07-02,2018
MDI Ventures & Telkom Indonesia,Anchanto,round_191,Private Equity,4000000.0,2018-07-04,2018
Shunwei Capital,Loan Tap,round_192,Private Equity,6250000.0,,
Tuscan Ventures,Loan Tap,round_192,Private Equity,6250000.0,,
Ashish Goenka,Loan Tap,round_192,Private Equity,6250000.0,,
VC firms India Quotient and Kae Capital,Loan Tap,round_192,Private Equity,6250000.0,,
Info Edge (India) Ltd and Temasek,PolicyBazaar,round_193,Private Equity,27700000.0,2018-07-06,2018
Info Edge (India) Ltd,zippserv,round_194,Seed / Angel,440000.0,2018-07-09,2018
Insignia Ventures Partners,Groww,round_195,Seed / Angel,1100000.0,2018-07-09,2018
Lightbridge Partners & Kairos,Groww,round_195,Seed / Angel,1100000.0,2018-07-09,2018
"Avtar Monga, chief operating office at IDFC Bank",Avenue Growth,round_196,Seed / Angel,437000.0,2018-07-10,2018
Aditya Malik & Others,Avenue Growth,round_196,Seed / Angel,437000.0,2018-07-10,2018
Venture Catalysts,iNICU,round_197,Seed / Angel,,2018-07-10,2018
ResponsAbility,Kinara Capital,round_198,Private Equity,5000000.0,2018-07-10,2018
Stellaris Venture Partners,Shop 101,round_199,Private Equity,5000000.0,2018-07-10,2018
Vy Capital,Shop 101,round_199,Private Equity,5000000.0,2018-07-10,2018
"Raghunandan G, and Ramakant Sharma",Shop 101,round_199,Private Equity,5000000.0,2018-07-10,2018
Base of Pyramid Asia (BOPA) Pte Ltd,Sambandh,round_200,Private Equity,2500000.0,2018-07-11,2018
Rishi Vasudev,19th mile,round_201,Seed / Angel,180000.0,2018-07-12,2018
Excelsior Investments,19th mile,round_201,Seed / Angel,180000.0,2018-07-12,2018
Ritesh Vohra,19th mile,round_201,Seed / Angel,180000.0,2018-07-12,2018
Praveer Kumar,19th mile,round_201,Seed / Angel,180000.0,2018-07-12,2018
Prashant Gupta and Others,19th mile,round_201,Seed / Angel,180000.0,2018-07-12,2018
Brand Capital and Others,5th Vital,round_202,Seed / Angel,500000.0,2018-07-12,2018
Siddharth Agarwal,MEngage,round_203,Seed / Angel,175000.0,2018-07-13,2018
Mahavir Sharma,MEngage,round_203,Seed / Angel,175000.0,2018-07-13,2018
Amit Singal,MEngage,round_203,Seed / Angel,175000.0,2018-07-13,2018
100 Co-founders Lab and others.,MEngage,round_203,Seed / Angel,175000.0,2018-07-13,2018
Creation Investments,Ofbusiness,round_204,Private Equity,29000000.0,2018-07-17,2018
Falcon Edge,Ofbusiness,round_204,Private Equity,29000000.0,2018-07-17,2018
Matrix Partners India and Zodius Capital,Ofbusiness,round_204,Private Equity,29000000.0,2018-07-17,2018
Kingsway FCI Fund,Cars24,round_205,Private Equity,49700000.0,2018-07-17,2018
KCK Global & Others,Cars24,round_205,Private Equity,49700000.0,2018-07-17,2018
Omidyar Network & Others,The Ken,round_206,Seed / Angel,1500000.0,2018-07-18,2018
TPG Growth,Book My Show,round_207,Private Equity,100000000.0,2018-07-19,2018
The Rise Fund & Others,Book My Show,round_207,Private Equity,100000000.0,2018-07-19,2018
PayU & Others,PaySense,round_209,Private Equity,18000000.0,2018-07-21,2018
AngelList,VTION,round_211,Seed / Angel,280000.0,2018-07-23,2018
Rahul Khanna,VTION,round_211,Seed / Angel,280000.0,2018-07-23,2018
Rajeev Arora and Ram Ramsundar.,VTION,round_211,Seed / Angel,280000.0,2018-07-23,2018
Metaform Ventures,Log9 Materials,round_212,Seed / Angel,436000.0,2018-07-23,2018
Hemant Luthra,Log9 Materials,round_212,Seed / Angel,436000.0,2018-07-23,2018
Micro venture capital firm GEMS Partners and Others,Log9 Materials,round_212,Seed / Angel,436000.0,2018-07-23,2018
Gray Matters,kidovators,round_213,Seed / Angel,180000.0,2018-07-24,2018
Fairfax,Digit,round_214,Private Equity,45000000.0,2018-07-24,2018
Allcargo Logistics,Black Soil,round_215,Private Equity,17000000.0,2018-07-25,2018
Navneet Education and Mahavir Agency,Black Soil,round_215,Private Equity,17000000.0,2018-07-25,2018
BeeNext,Trell,round_216,Seed / Angel,1250000.0,2018-07-25,2018
WEH Ventures and Sprout Ventures,Trell,round_216,Seed / Angel,1250000.0,2018-07-25,2018
Ventureast and Exfinity,iqlect,round_217,Seed / Angel,2500000.0,2018-07-25,2018
Bharat Innovation,Entropik,round_218,Seed / Angel,1100000.0,2018-07-26,2018
IDFC-Parampara Capital,Entropik,round_218,Seed / Angel,1100000.0,2018-07-26,2018
Arthavida Ventures,Entropik,round_218,Seed / Angel,1100000.0,2018-07-26,2018
Jitendra Gupta & Others,Entropik,round_218,Seed / Angel,1100000.0,2018-07-26,2018
MakeMyTrip,Bitla Software,round_219,Private Equity,,2018-07-26,2018
Lindwall Family Investments LLC (LFI),TheCapitalNet,round_220,Private Equity,500000.0,2018-07-26,2018
Amazon Alexa Fund & Dentsu Ventures,Shuttl,round_221,Private Equity,11000000.0,2018-07-30,2018
IDG Ventures,Cure Fit,round_222,Private Equity,120000000.0,2018-07-30,2018
Accel Partners,Cure Fit,round_222,Private Equity,120000000.0,2018-07-30,2018
Kalaari Capital and Others,Cure Fit,round_222,Private Equity,120000000.0,2018-07-30,2018
TPG,Five Star Group,round_223,Private Equity,100000000.0,2018-07-31,2018
Norwest Venture Partners,Five Star Group,round_223,Private Equity,100000000.0,2018-07-31,2018
Sequoia Capital & Matrix Partners,Five Star Group,round_223,Private Equity,100000000.0,2018-07-31,2018
Kantilal Patel,Healthsignz,round_224,Seed / Angel,5000000.0,2018-07-31,2018
Sabre Partners,CoinTribe,round_225,Private Equity,10000000.0,2018-06-01,2018
Puneet Dalmia & Others,CoinTribe,round_225,Private Equity,10000000.0,2018-06-01,2018
Aspire Logistics LLC,Digiconectt,round_226,Seed / Angel,125000.0,2018-06-04,2018
Bhairavi Jani,Kashmir Box,round_227,Seed / Angel,,2018-06-04,2018
Alok Divatia,Kashmir Box,round_227,Seed / Angel,,2018-06-04,2018
Namrata Kaul,Kashmir Box,round_227,Seed / Angel,,2018-06-04,2018
Sohail Hashemi,Kashmir Box,round_227,Seed / Angel,,2018-06-04,2018
Aijaz Saleem,Kashmir Box,round_227,Seed / Angel,,2018-06-04,2018
Anil Advani,Crowdera,round_228,Seed / Angel,,2018-06-05,2018
Pramod Jain,Crowdera,round_228,Seed / Angel,,2018-06-05,2018
Amrendra Reddy and Manish Satnaliwala.,Crowdera,round_228,Seed / Angel,,2018-06-05,2018
NB Ventures and Others,Zoctr,round_229,Seed / Angel,,2018-06-05,2018
Oman India Joint Investment Fund (OIJIF),Annapurna Finance,round_230,Private Equity,23000000.0,2018-06-07,2018
Sequoia Capital India,Meesho,round_231,Private Equity,11500000.0,2018-06-07,2018
SAIF Partners,Meesho,round_231,Private Equity,11500000.0,2018-06-07,2018
Y Combinator and Venture Highway,Meesho,round_231,Private Equity,11500000.0,2018-06-07,2018
CapitalG,AyeFinance,round_232,Private Equity,21500000.0,2018-06-10,2018
SAIF Partners and LGT Impact Ventures,AyeFinance,round_232,Private Equity,21500000.0,2018-06-10,2018
Mumbai Angels Network,Theranosis,round_233,Seed / Angel,,2018-06-11,2018
Alpha Capital,Alpha Capital,round_234,Private Equity,14800000.0,2018-06-12,2018
Paragon Partners,eshakti,round_235,Private Equity,10100000.0,2018-06-12,2018
Saama Capital and Sequoia Capital,Daily Ninja,round_236,Seed / Angel,3000000.0,2018-06-12,2018
Spiral Ventures,NirogStreet,round_237,Seed / Angel,300000.0,2018-06-13,2018
Subho Ray and Samir Kumar,NirogStreet,round_237,Seed / Angel,300000.0,2018-06-13,2018
LetsVenture,Nivesh,round_238,Seed / Angel,450000.0,2018-06-13,2018
Rajan Anandan,Nivesh,round_238,Seed / Angel,450000.0,2018-06-13,2018
Basab Pradhan,Nivesh,round_238,Seed / Angel,450000.0,2018-06-13,2018
Vivek Khare and Bijoy George,Nivesh,round_238,Seed / Angel,450000.0,2018-06-13,2018
Rannvijay Singha,What\\xe2\\x80\\x99s Up Life,round_239,Seed / Angel,,2018-06-13,2018
Brand Capital,HomeLane,round_240,Seed / Angel,3450000.0,2018-06-14,2018
Helix Investments,Network Intelligence,round_241,Private Equity,4800000.0,2018-06-14,2018
Lighthouse Funds & Thuasne Participations,Tynor Othontics,round_242,Private Equity,21000000.0,2018-06-18,2018
Hyperplane Venture Capital and several angel investors,Elucidata,round_243,Seed / Angel,1700000.0,2018-06-18,2018
Menterra Venture & Artha Initiatives,Chrysalis,round_244,Seed / Angel,,2018-06-19,2018
Shorooq Investments,RentSher,round_245,Seed / Angel,1100000.0,2018-06-19,2018
LetsVenture & Others,RentSher,round_245,Seed / Angel,1100000.0,2018-06-19,2018
Accel Partners,Drip capital,round_246,Private Equity,15000000.0,2018-06-20,2018
Sequoia India,Drip capital,round_246,Private Equity,15000000.0,2018-06-20,2018
Y Combinator and others.,Drip capital,round_246,Private Equity,15000000.0,2018-06-20,2018
Sequoia Capital,WickedRide,round_247,Private Equity,9100000.0,2018-06-22,2018
Accel Partners & Raghunandan Gangappa,WickedRide,round_247,Private Equity,9100000.0,2018-06-22,2018
SoftBank Vision Fund & Info Edge (India) Ltd,PolicyBazaar,round_248,Private Equity,200000000.0,2018-06-25,2018
Diageo India,HipBar,round_249,Private Equity,4000000.0,2018-06-25,2018
Equanimity Venture Fund,Sqqrl,round_250,Seed / Angel,1000000.0,2018-06-25,2018
One 97 Communications,Paytm,round_251,Private Equity,8950000.0,2018-06-26,2018
Accel Partners,Sigtuple,round_252,Private Equity,19000000.0,2018-06-26,2018
IDG Venture,Sigtuple,round_252,Private Equity,19000000.0,2018-06-26,2018
"Endiya Partners, pi Ventures",Sigtuple,round_252,Private Equity,19000000.0,2018-06-26,2018
VH Capital,Sigtuple,round_252,Private Equity,19000000.0,2018-06-26,2018
Axilor Ventures and Binny Bansal,Sigtuple,round_252,Private Equity,19000000.0,2018-06-26,2018
Undisclosed Existing Investors As Well As The Tamarind Family Trust,Wow Express,round_253,Private Equity,4500000.0,2018-06-27,2018
Speciale Invest & Others,Front Desk AI,round_254,Seed / Angel,1100000.0,2018-06-28,2018
Leo Capital,Edureka,round_255,Seed / Angel,2000000.0,2018-06-28,2018
Shiva Gunapu & Others,Numeroseven,round_256,Seed / Angel,,2018-06-29,2018
Unknown High Net-Worth Individuals,OpenTap,round_257,Seed / Angel,450000.0,2018-05-02,2018
B Capital,Bizongo,round_258,Private Equity,22000000.0,2018-05-02,2018
International Finance Corporation (IFC),Bizongo,round_258,Private Equity,22000000.0,2018-05-02,2018
Accel Partners and IDG Ventures,Bizongo,round_258,Private Equity,22000000.0,2018-05-02,2018
IL&FS Private Equity,Disprz,round_259,Seed / Angel,2500000.0,2018-05-03,2018
Kae Capital & Others,Disprz,round_259,Seed / Angel,2500000.0,2018-05-03,2018
Unitus Ventures,i3sysytems,round_261,Seed / Angel,1000000.0,2018-05-09,2018
Behram Vakil and Jerxis Vandrevala,i3sysytems,round_261,Seed / Angel,1000000.0,2018-05-09,2018
Rairah Corporation,Earth Food,round_262,Seed / Angel,949000.0,2018-05-11,2018
Sunil Munjal,Nykaa,round_263,Private Equity,24000000.0,2018-05-14,2018
Harsh Mariwala,Nykaa,round_263,Private Equity,24000000.0,2018-05-14,2018
Dalip Pathak and Others,Nykaa,round_263,Private Equity,24000000.0,2018-05-14,2018
Prime Venture Partners,mfine,round_264,Private Equity,4200000.0,2018-05-16,2018
Stellaris Venture Partners and Mayur Abhaya Srisrimal,mfine,round_264,Private Equity,4200000.0,2018-05-16,2018
Blume ventures,Rocketium,round_265,Seed / Angel,300000.0,2018-05-21,2018
Kalaari Capital,MilkBasket,round_266,Private Equity,7000000.0,2018-05-21,2018
Unilever Ventures and Blume Ventures,MilkBasket,round_266,Private Equity,7000000.0,2018-05-21,2018
Credika and unnamed angel investors,Vola,round_267,Seed / Angel,500000.0,2018-05-22,2018
LetsVenture,Cashkumar,round_268,Seed / Angel,735000.0,2018-05-22,2018
RS Shanbag,Edyoo,round_269,Seed / Angel,735000.0,2018-05-23,2018
Insistor,Aashiyaan,round_270,Seed / Angel,2000000.0,2018-05-23,2018
Oikocredit,Aashiyaan,round_270,Seed / Angel,2000000.0,2018-05-23,2018
Ashish Kacholi,Smartivity,round_271,Seed / Angel,2000000.0,2018-05-24,2018
S Chand Group,Smartivity,round_271,Seed / Angel,2000000.0,2018-05-24,2018
Atul Gupta and Saurabh Rastogi,Bonphulapl,round_272,Seed / Angel,293000.0,2018-05-24,2018
Amazon,Acko,round_273,Seed / Angel,12000000.0,2018-05-27,2018
Ashish Dhawan,Acko,round_273,Seed / Angel,12000000.0,2018-05-27,2018
Catamaran Ventures,Acko,round_273,Seed / Angel,12000000.0,2018-05-27,2018
NR Narayana Murthy.,Acko,round_273,Seed / Angel,12000000.0,2018-05-27,2018
Prashant Mehta,HWell24,round_274,Seed / Angel,200000.0,2018-05-28,2018
Mitali Pawar,HWell24,round_274,Seed / Angel,200000.0,2018-05-28,2018
Nikhil G and Bhavesh P,HWell24,round_274,Seed / Angel,200000.0,2018-05-28,2018
R Ranganathan,HWell24,round_274,Seed / Angel,200000.0,2018-05-28,2018
ONCOTRUST and Medintel Services Pvt. Ltd,HWell24,round_274,Seed / Angel,200000.0,2018-05-28,2018
Kalaari Capital,Toffee,round_275,Seed / Angel,1500000.0,2018-05-29,2018
Omidyar Network and Accion Venture Labs,Toffee,round_275,Seed / Angel,1500000.0,2018-05-29,2018
Amazon Inc. and Mastercard,Tonetag,round_276,Private Equity,8000000.0,2018-05-29,2018
Treebo,Events High,round_277,Private Equity,,2018-05-30,2018
IndusAge Partners,Stellaps,round_278,Private Equity,14000000.0,2018-05-30,2018
Bill & Melinda Gates Foundation,Stellaps,round_278,Private Equity,14000000.0,2018-05-30,2018
Qualcomm Venture,Stellaps,round_278,Private Equity,14000000.0,2018-05-30,2018
ABB Technology Ventures,Stellaps,round_278,Private Equity,14000000.0,2018-05-30,2018
Omnivore,Stellaps,round_278,Private Equity,14000000.0,2018-05-30,2018
Blume Ventures,Stellaps,round_278,Private Equity,14000000.0,2018-05-30,2018
Venture Highway and BEENEXT,Stellaps,round_278,Private Equity,14000000.0,2018-05-30,2018
Accion Venture Lab,Credright,round_279,Seed / Angel,1300000.0,2018-05-31,2018
YourNest Venture Capital And Other Angel Investors,Credright,round_279,Seed / Angel,1300000.0,2018-05-31,2018
Exfinity Venture,Fitternity,round_280,Private Equity,2000000.0,2018-04-02,2018
Saha fund Partners,Fitternity,round_280,Private Equity,2000000.0,2018-04-02,2018
Arihant Patni of Patni Family Office,Fitternity,round_280,Private Equity,2000000.0,2018-04-02,2018
Anjali Bansal,Fitternity,round_280,Private Equity,2000000.0,2018-04-02,2018
Shardul Amarchand Mangaldas,Fitternity,round_280,Private Equity,2000000.0,2018-04-02,2018
Satish Khanna and Taparia family office.,Fitternity,round_280,Private Equity,2000000.0,2018-04-02,2018
Subhkam Ventures and Mohit Khadaria,Synctag,round_281,Seed / Angel,307600.0,2018-04-02,2018
Vishal Bali,Benepik,round_282,Seed / Angel,,2018-04-02,2018
Yogesh Misra,Benepik,round_282,Seed / Angel,,2018-04-02,2018
Thomas Assessments and others,Benepik,round_282,Seed / Angel,,2018-04-02,2018
ChrysCapital,Varthana,round_284,Private Equity,55000000.0,2018-04-04,2018
Existing investors,Varthana,round_284,Private Equity,55000000.0,2018-04-04,2018
Elevar Equity,Varthana,round_284,Private Equity,55000000.0,2018-04-04,2018
LGT Impact,Varthana,round_284,Private Equity,55000000.0,2018-04-04,2018
Omidyar Network and Kaizen Private Equity also participated in the round,Varthana,round_284,Private Equity,55000000.0,2018-04-04,2018
"Maheshwar Peri, founder and chairman of career information portal Careers360, and Jamshed Jeejeebhoy, director at Byramjee Jeejeebhoy Pvt. Ltd were among the angels",IndigoLearn,round_285,Seed / Angel,150000.0,2018-04-05,2018
Accel Partners,Vedantu,round_286,Private Equity,10000000.0,2018-04-05,2018
Tiger Global And Others,Vedantu,round_286,Private Equity,10000000.0,2018-04-05,2018
Omidyar Network. Blume Ventures and Professor Shlomo Ben-Haim,Kaleidofin,round_287,Seed / Angel,2800000.0,2018-04-09,2018
Fireside Ventures,Pipabella,round_288,Seed / Angel,1000000.0,2018-04-09,2018
Matrix Partner,Elemential,round_289,Seed / Angel,,2018-04-09,2018
Amrish Rau,Elemential,round_289,Seed / Angel,,2018-04-09,2018
Investopad,Elemential,round_289,Seed / Angel,,2018-04-09,2018
Digital Currency Group,Elemential,round_289,Seed / Angel,,2018-04-09,2018
Hinduja Group,Elemential,round_289,Seed / Angel,,2018-04-09,2018
Lightspeed India,Elemential,round_289,Seed / Angel,,2018-04-09,2018
Eight Innovate,Elemential,round_289,Seed / Angel,,2018-04-09,2018
Amit Ranjan,Elemential,round_289,Seed / Angel,,2018-04-09,2018
Prashant Malik and others,Elemential,round_289,Seed / Angel,,2018-04-09,2018
Kae Capital Management,Loanzen,round_291,Seed / Angel,,2018-04-10,2018
Fundamentum,TravelTriangle,round_292,Private Equity,12000000.0,2018-04-10,2018
SAIF Partners,TravelTriangle,round_292,Private Equity,12000000.0,2018-04-10,2018
Bessemer Venture Partners,TravelTriangle,round_292,Private Equity,12000000.0,2018-04-10,2018
RB investments & Others,TravelTriangle,round_292,Private Equity,12000000.0,2018-04-10,2018
SRI Capital,Letsmd,round_293,Seed / Angel,1000000.0,2018-04-12,2018
Waterbridge Ventures and ThinKuvate,Letsmd,round_293,Seed / Angel,1000000.0,2018-04-12,2018
BlueOrchard Finance Ltd,AyeFinance,round_294,Debt,4600000.0,2018-04-12,2018
Hinduja Leyland Finance and IntelleGrow,AyeFinance,round_294,Debt,4600000.0,2018-04-12,2018
Lok Capital,mintifi,round_295,Seed / Angel,2000000.0,2018-04-13,2018
Mr. Manoj Prasad,icanstay,round_296,Seed / Angel,500000.0,2018-04-16,2018
Rajan Anandan,Pregbuddy,round_297,Seed / Angel,,2018-04-16,2018
Madhusudhan Kannan,Pregbuddy,round_297,Seed / Angel,,2018-04-16,2018
Jayant Kadambi,Pregbuddy,round_297,Seed / Angel,,2018-04-16,2018
Puneet Gupta and Pradeep K Jaisingh,Pregbuddy,round_297,Seed / Angel,,2018-04-16,2018
International Finance Corporation,Coverfox,round_298,Private Equity,22000000.0,2018-04-18,2018
Transamerica and others.,Coverfox,round_298,Private Equity,22000000.0,2018-04-18,2018
TR Capital,Lenskart,round_299,Private Equity,,2018-04-19,2018
Shilpa Shetty Kundra,mamaearth,round_300,Private Equity,,2018-04-19,2018
Pravega Ventures and Beenext,Fyle Technologies,round_301,Seed / Angel,1100000.0,2018-04-19,2018
Line Ventures Corporation,True Balance,round_302,Private Equity,23000000.0,2018-04-19,2018
Line Corp,True Balance,round_302,Private Equity,23000000.0,2018-04-19,2018
Naver,True Balance,round_302,Private Equity,23000000.0,2018-04-19,2018
Shinhan Bank and TS Investment,True Balance,round_302,Private Equity,23000000.0,2018-04-19,2018
Biz Stone,Visit,round_303,Private Equity,,2018-04-22,2018
Kunal Bahl,Visit,round_303,Private Equity,,2018-04-22,2018
Rohit Bansal,Visit,round_303,Private Equity,,2018-04-22,2018
Alagu Periyannan and Karthee Madasamy,Visit,round_303,Private Equity,,2018-04-22,2018
Vidal Healthcare,Doxper,round_304,Seed / Angel,1900000.0,2018-04-22,2018
Sunil Munjal,Nykaa,round_305,Private Equity,11000000.0,2018-04-22,2018
Harsh Mariwala,Nykaa,round_305,Private Equity,11000000.0,2018-04-22,2018
Dalip Pathak and Others,Nykaa,round_305,Private Equity,11000000.0,2018-04-22,2018
Amazon,Capital Float,round_307,Private Equity,22000000.0,2018-04-23,2018
GEMS Advisory,Trip shelf,round_308,Seed / Angel,246000.0,2018-04-25,2018
Alok Mittal and Sachin Bhatia,Trip shelf,round_308,Seed / Angel,246000.0,2018-04-25,2018
Neoplux,POPxo,round_309,Private Equity,5500000.0,2018-04-26,2018
OPPO,POPxo,round_309,Private Equity,5500000.0,2018-04-26,2018
IDG Ventures India,POPxo,round_309,Private Equity,5500000.0,2018-04-26,2018
Kalaari Capital,POPxo,round_309,Private Equity,5500000.0,2018-04-26,2018
GREE Ventures and Summit Media,POPxo,round_309,Private Equity,5500000.0,2018-04-26,2018
Omidyar Network,RailYatri,round_310,Private Equity,,2018-04-26,2018
Nandan Nilekani,RailYatri,round_310,Private Equity,,2018-04-26,2018
Blume Ventures,RailYatri,round_310,Private Equity,,2018-04-26,2018
Helion Venture Partners,RailYatri,round_310,Private Equity,,2018-04-26,2018
Sequoia Capital,1mg,round_311,Private Equity,10000000.0,2018-04-27,2018
Maverick Capital Ltd and HBM Healthcare Investments Ltd,1mg,round_311,Private Equity,10000000.0,2018-04-27,2018
Emery Capital,Rubique,round_312,Private Equity,,2018-04-29,2018
Blacksoil and Kalaari Capital,Rubique,round_312,Private Equity,,2018-04-29,2018
Bay Capital Investments and Others,Samco,round_313,Private Equity,7500000.0,2018-04-30,2018
SAR Group,MyLoanCare,round_314,Seed / Angel,978000.0,2018-04-30,2018
Bessemer Venture Partners and Orios Venture Partners,PharmEasy,round_315,Private Equity,,2018-03-01,2018
JM Financials and MEMG,PharmEasy,round_315,Private Equity,,2018-03-01,2018
CBA Capital and others,Buddy4studdy,round_316,Private Equity,3000000.0,2018-03-01,2018
Sequoia Capital,Urban Ladder,round_317,Private Equity,12000000.0,2018-03-01,2018
SAIF Partners and Kalaari capital,Urban Ladder,round_317,Private Equity,12000000.0,2018-03-01,2018
Baskar Subramanian,Kuvera,round_318,Seed / Angel,250000.0,2018-03-03,2018
Saket Kumar,Kuvera,round_318,Seed / Angel,250000.0,2018-03-03,2018
Gaurav Suri and Ankit Kesarwani,Kuvera,round_318,Seed / Angel,250000.0,2018-03-03,2018
InfoEdge,Gramophone,round_319,Seed / Angel,1000000.0,2018-03-04,2018
Ranjan Pai,Wellthy,round_320,Private Equity,2100000.0,2018-03-05,2018
Apoorva Patni,Wellthy,round_320,Private Equity,2100000.0,2018-03-05,2018
Beenext Ventures,Wellthy,round_320,Private Equity,2100000.0,2018-03-05,2018
GrowX Ventures,Wellthy,round_320,Private Equity,2100000.0,2018-03-05,2018
HDFC Life,MedGenome,round_321,Private Equity,10000000.0,2018-03-05,2018
HDFC Asset Management,MedGenome,round_321,Private Equity,10000000.0,2018-03-05,2018
Sequoia Capital,Finova Capital,round_322,Private Equity,6000000.0,2018-03-05,2018
Vertex Ventures,Hotelogix,round_323,Private Equity,5000000.0,2018-03-05,2018
Accel Partners and Saama Capital,Hotelogix,round_323,Private Equity,5000000.0,2018-03-05,2018
Nexus Venture Partners,Livehealth,round_324,Seed / Angel,1100000.0,2018-03-04,2018
Avendus Finance Pvt. Ltd,Ad2pro,round_325,Debt,9700000.0,2018-03-06,2018
Aegon NV,Coverfox,round_326,Private Equity,7600000.0,2018-03-06,2018
State Street Global Advisors,Pepperfry,round_327,Private Equity,38400000.0,2018-03-08,2018
Trifecta Capital,Magicpin,round_328,Debt,1000000.0,2018-03-08,2018
HR Fund,HealthCare,round_329,Seed / Angel,1000000.0,2018-03-12,2018
Actis,PineLabs,round_330,Private Equity,82000000.0,2018-03-13,2018
Altimeter Capital,PineLabs,round_330,Private Equity,82000000.0,2018-03-13,2018
Venkat Subramanian,Stumagz,round_331,Seed / Angel,,2018-03-14,2018
"Sudhakar Pennam, and other tech investors from Silicon Valley",Stumagz,round_331,Seed / Angel,,2018-03-14,2018
Matrix Partners,AvailFinance,round_332,Private Equity,17200000.0,2018-03-14,2018
Bhavish Aggarwal,AvailFinance,round_332,Private Equity,17200000.0,2018-03-14,2018
Ankit Bhati,AvailFinance,round_332,Private Equity,17200000.0,2018-03-14,2018
Binny Bansal,AvailFinance,round_332,Private Equity,17200000.0,2018-03-14,2018
Kunal Shah and Manish Patel.,AvailFinance,round_332,Private Equity,17200000.0,2018-03-14,2018
SoftBank,Grofers,round_333,Private Equity,62000000.0,2018-03-15,2018
Tiger Global and Apoletto Managers.,Grofers,round_333,Private Equity,62000000.0,2018-03-15,2018
Alteria Capital,Fingerlix,round_334,Debt,1310000.0,2018-03-19,2018
1Crowd,Karma Healthcare,round_335,Seed / Angel,500000.0,2018-03-19,2018
Ankur Capital,Karma Healthcare,round_335,Seed / Angel,500000.0,2018-03-19,2018
Amit Burman,Zappfresh,round_336,Seed / Angel,3000000.0,2018-03-19,2018
SIDBI Venture Capital,Zappfresh,round_336,Seed / Angel,3000000.0,2018-03-19,2018
Pi Ventures,CustomerSucessBox,round_337,Seed / Angel,1000000.0,2018-03-19,2018
Axilor Ventures,CustomerSucessBox,round_337,Seed / Angel,1000000.0,2018-03-19,2018
Micromax Informatics Ltd,One Labs,round_338,Private Equity,,2018-03-20,2018
Jessica Wong,GigIndia,round_339,Seed / Angel,,2018-03-21,2018
Hiro Mashita,GigIndia,round_339,Seed / Angel,,2018-03-21,2018
Xue Manzi and Yiyun Zhang.,GigIndia,round_339,Seed / Angel,,2018-03-21,2018
Insight Venture Partners,Chargebee,round_340,Private Equity,18000000.0,2018-03-22,2018
Accel Partners and Tiger Global Management.,Chargebee,round_340,Private Equity,18000000.0,2018-03-22,2018
SucSEED Venture Partners,i2i Funding,round_341,Seed / Angel,768000.0,2018-03-22,2018
Endiya Partners,Slang Labs,round_342,Seed / Angel,1240000.0,2018-03-22,2018
Kumar Vembu,UrbanPiper,round_343,Seed / Angel,,2018-03-22,2018
Axilor Ventures,UrbanPiper,round_343,Seed / Angel,,2018-03-22,2018
Initia Holdings,Cash Suvidha,round_344,Seed / Angel,1000000.0,2018-03-26,2018
Vipin Agarwal and others.,Cash Suvidha,round_344,Seed / Angel,1000000.0,2018-03-26,2018
Accion Venture Lab,Smartcoin,round_346,Seed / Angel,2000000.0,2018-03-28,2018
Unicorn India Ventures and ISME ACE.,Smartcoin,round_346,Seed / Angel,2000000.0,2018-03-28,2018
Ratan Tata,The Print,round_347,Seed / Angel,535000.0,2018-03-27,2018
Amit Singhal and Unitus Seed Fund,DriveU,round_348,Private Equity,3000000.0,2018-03-27,2018
Google,Fynd,round_349,Seed / Angel,,2018-03-29,2018
Kae Capital,Fynd,round_349,Seed / Angel,,2018-03-29,2018
IIFL,Fynd,round_349,Seed / Angel,,2018-03-29,2018
Singularity Ventures,Fynd,round_349,Seed / Angel,,2018-03-29,2018
GrowX,Fynd,round_349,Seed / Angel,,2018-03-29,2018
Tracxn Labs,Fynd,round_349,Seed / Angel,,2018-03-29,2018
Venture Catalyst,Fynd,round_349,Seed / Angel,,2018-03-29,2018
Patni family office and Axis Capital.,Fynd,round_349,Seed / Angel,,2018-03-29,2018
Alibaba,BigBasket,round_350,Private Equity,300000000.0,2018-02-01,2018
Helion Venture Partners,BigBasket,round_350,Private Equity,300000000.0,2018-02-01,2018
Bessemer Venture Partners,BigBasket,round_350,Private Equity,300000000.0,2018-02-01,2018
Ascent Capital,BigBasket,round_350,Private Equity,300000000.0,2018-02-01,2018
Ant Financials,Zomato,round_351,Private Equity,200000000.0,2018-02-01,2018
Omidyar Network,Pratilipi,round_352,Private Equity,4300000.0,2018-02-05,2018
CDC Group Plc,Asia Institute Of Medical Science,round_353,Private Equity,21000000.0,2018-02-05,2018
Man Capital LLP,CollegeDekho,round_354,Private Equity,2000000.0,2018-02-05,2018
Girnar Software,CollegeDekho,round_354,Private Equity,2000000.0,2018-02-05,2018
Others,CollegeDekho,round_354,Private Equity,2000000.0,2018-02-05,2018
Bhavesh Manglani,Foodmemories,round_355,Seed,,2018-02-06,2018
Suraj Saharan,Foodmemories,round_355,Seed,,2018-02-06,2018
Darshan Upadhyay,Foodmemories,round_355,Seed,,2018-02-06,2018
Sanjay Notani & Others,Foodmemories,round_355,Seed,,2018-02-06,2018
Montane Ventures,Healthi,round_356,Private Equity,3100000.0,2018-02-06,2018
Naspers,Swiggy,round_357,Private Equity,100000000.0,2018-02-07,2018
Sandeep Mathur,Shape,round_358,Seed,100000000.0,2018-02-08,2018
Meritech Capital Partners,Icertis,round_359,Private Equity,50000000.0,2018-02-08,2018
Sistema Asia Fund,healthifyme,round_360,Private Equity,12000000.0,2018-02-09,2018
British and Indian Governments,MedTel,round_361,Private Equity,,2018-02-09,2018
Accel Partners,Rupeek,round_362,Private Equity,6830000.0,2018-02-09,2018
Sequoia Capital,Rupeek,round_362,Private Equity,6830000.0,2018-02-09,2018
Social Capital,WebEngage,round_363,Private Equity,,2018-02-09,2018
Fullerton Financial Holdings Pte Ltd & Others,Lendingkart,round_364,Private Equity,87000000.0,2018-02-12,2018
Bessemer Venture Partners,Wydr,round_365,Private Equity,,2018-02-12,2018
Stellaris Venture Partners,Wydr,round_365,Private Equity,,2018-02-12,2018
Axis Capital,Wydr,round_365,Private Equity,,2018-02-12,2018
Singapore,Wydr,round_365,Private Equity,,2018-02-12,2018
Jungle Venture Partners,Wydr,round_365,Private Equity,,2018-02-12,2018
Trifecta Capital,Cashify,round_366,Debt,935089.0,2018-02-12,2018
Ashok Kumar Gajera,holachef,round_367,Seed,311200.0,2018-02-13,2018
Tribe Impact Capital LLP,Awaaz De,round_368,Seed,,2018-02-13,2018
Michael & Susan Dell Foundation,IMAX Program,round_369,Private Equity,13500000.0,2018-02-13,2018
LGT Impact Ventures,IMAX Program,round_369,Private Equity,13500000.0,2018-02-13,2018
Kalpavriksh,Littlemore,round_370,Private Equity,3000000.0,2018-02-14,2018
Axis Capital Partners,Toppr,round_371,Private Equity,100000.0,2018-02-14,2018
Dewang Neralla,Shirsa Labs,round_372,Private Equity,500000.0,2018-02-14,2018
Mahesh Kothurkar,Shirsa Labs,round_372,Private Equity,500000.0,2018-02-14,2018
Atul Agarwal,Shirsa Labs,round_372,Private Equity,500000.0,2018-02-14,2018
S7 Group,MoneyOnMobile,round_373,Private Equity,5000000.0,2018-02-14,2018
Michael Patrick Hickey,PetSutra,round_374,Seed / Angel,148434.0,2018-02-15,2018
Network 18,Infibeam,round_375,Private Equity,6230000.0,2018-02-15,2018
Sequoia and Jerry Yang,happay,round_376,Seed / Angel,250000.0,2018-02-16,2018
Mohammed Khan,Fincash,round_377,Seed / Angel,150000.0,2018-02-16,2018
Sameer Narayan & Others,Fincash,round_377,Seed / Angel,150000.0,2018-02-16,2018
Hinduja Leyland Finance,AyeFinance,round_378,Private Equity,3800000.0,2018-02-19,2018
IntelleGrow,AyeFinance,round_378,Private Equity,3800000.0,2018-02-19,2018
Ankur Capital,Agricxlab,round_379,Seed / Angel,500000.0,2018-02-20,2018
Lightspeed & Yuri Milner,Udaan,round_380,Private Equity,50000000.0,2018-02-21,2018
Wargburg Pincus,Capillary,round_381,Private Equity,20000000.0,2018-02-21,2018
Sequoia,Capillary,round_381,Private Equity,20000000.0,2018-02-21,2018
Blume Ventures,The Healthy Billions,round_382,Private Equity,2100000.0,2018-02-21,2018
HealthQuad and Fireside Ventures,The Healthy Billions,round_382,Private Equity,2100000.0,2018-02-21,2018
PNC,HighRadius,round_383,Private Equity,,2018-02-21,2018
Citi Ventures,HighRadius,round_383,Private Equity,,2018-02-21,2018
Auxano Deals,Avishkaar Box,round_384,Private Equity,772500.0,2018-02-26,2018
Kris Gopalakrishnan,Planys Technologies,round_385,Private Equity,1040000.0,2018-02-26,2018
Pratithi Investment Trust,Planys Technologies,round_385,Private Equity,1040000.0,2018-02-26,2018
MEMG Family Office,Planys Technologies,round_385,Private Equity,1040000.0,2018-02-26,2018
S Gopal,Planys Technologies,round_385,Private Equity,1040000.0,2018-02-26,2018
Dr Devi Shetty,Lollypop,round_386,Seed / Angel,,2018-02-27,2018
Startup Buddy,Trilyo,round_387,Seed / Angel,250000.0,2018-02-27,2018
Amit Manocha and others,Trilyo,round_387,Seed / Angel,250000.0,2018-02-27,2018
Tencent Holdings Ltd,Gaana,round_388,Private Equity,115000000.0,2018-02-28,2018
Times Internet,Gaana,round_388,Private Equity,115000000.0,2018-02-28,2018
Y Combinator,Credy,round_389,Seed / Angel,1400000.0,2018-02-28,2018
Khosla Ventures,Credy,round_389,Seed / Angel,1400000.0,2018-02-28,2018
Vy Capital and others,Credy,round_389,Seed / Angel,1400000.0,2018-02-28,2018
Unitus Seed Fund,Predible Health,round_390,Seed / Angel,,2018-02-28,2018
Recruit Holdings,CleverTap,round_391,Seed / Angel,,2018-01-02,2018
Sequoia Capital India,CleverTap,round_391,Seed / Angel,,2018-01-02,2018
Accel Partners,CleverTap,round_391,Seed / Angel,,2018-01-02,2018
Eight Roads Ventures India,EarlySalary,round_392,Other,15700000.0,2018-01-04,2018
Claris Capital,WOTU,round_393,Seed / Angel,,2018-01-05,2018
Mumbai Angels Network,WOTU,round_393,Seed / Angel,,2018-01-05,2018
Rohan Agila,DAAKI,round_394,Seed / Angel,,2018-01-08,2018
Nederlandse Financierings-Maatschappij voor Ontwikkelingslanden N.V.,Lendingkart,round_395,Debt,4700000.0,2018-01-09,2018
RuNet & Other,Tapzo,round_397,Private Equity,1930000.0,2018-01-10,2018
Amazon-Patni JV,Appario Retail Pvt Ltd.,round_398,Private Equity,18840000.0,2018-01-10,2018
responsAbility,Samunnati,round_399,Private Equity,23500000.0,2018-01-10,2018
Elevar Equity and Accel Partners,Samunnati,round_399,Private Equity,23500000.0,2018-01-10,2018
Morgan Stanley Private Equity Asia,Sahajanand Medical Technologies,round_400,Private Equity,36230000.0,2018-01-10,2018
Pankaj Chopra,Kuants,round_401,Seed / Angel,80000.0,2018-01-12,2018
Ankush Gupta,Kuants,round_401,Seed / Angel,80000.0,2018-01-12,2018
Tiger Global,Razorpay,round_402,Private Equity,20000000.0,2018-01-12,2018
Y Combinator,Razorpay,round_402,Private Equity,20000000.0,2018-01-12,2018
Indian fintech fund,Streak,round_403,Seed / Angel,354600.0,2018-01-15,2018
Rainmatter,Streak,round_403,Seed / Angel,354600.0,2018-01-15,2018
Sunil Kant Munjal,pi Ventures,round_404,Private Equity,25000000.0,2018-01-15,2018
Hero Electronix\\xe2\\x80\\x99s corporate financing arm,pi Ventures,round_404,Private Equity,25000000.0,2018-01-15,2018
Electronic Development Fund,pi Ventures,round_404,Private Equity,25000000.0,2018-01-15,2018
"Goldman Sachs, hedge fund & Others",Newgen Software,round_405,Private Equity,20000000.0,2018-01-15,2018
Polaris Fund,Rubix,round_406,Private Equity,1000000.0,2018-01-17,2018
Xiaomi Singapore,ShareChat,round_407,Private Equity,18200000.0,2018-01-18,2018
Shunwei Capital,ShareChat,round_407,Private Equity,18200000.0,2018-01-18,2018
The Chennai Angels,Paperflite,round_408,Seed / Angel,400000.0,2018-01-22,2018
Lionrock Capital,HungerBox,round_409,Private Equity,2500000.0,2018-01-22,2018
Incubate Fund India,Skillate,round_410,Private Equity,,2018-01-22,2018
Anuj Agrawal,Skillate,round_410,Private Equity,,2018-01-22,2018
DMI Finance,OptaCredit,round_411,Private Equity,4000000.0,2018-01-22,2018
Dr. Ranjan Pai,AEON Learning,round_412,Private Equity,3200000.0,2018-01-22,2018
Unilever Ventures,Milkbasket,round_413,Private Equity,3000000.0,2018-01-23,2018
LeapFrog Investments,NeoGrowth Credit,round_414,Private Equity,47000000.0,2018-01-24,2018
Aspada Investment,NeoGrowth Credit,round_414,Private Equity,47000000.0,2018-01-24,2018
Quona Capital,NeoGrowth Credit,round_414,Private Equity,47000000.0,2018-01-24,2018
Avendus Finance,Rao IIT Academy,round_415,Debt,8600000.0,2018-01-24,2018
IFMR Capital,Aye Finance,round_416,Debt,6240000.0,2018-01-24,2018
Chennai Angels,Glassic,round_417,Seed / Angel,,2018-01-25,2018
Lead Angels,Glassic,round_417,Seed / Angel,,2018-01-25,2018
LetsVenture,Glassic,round_417,Seed / Angel,,2018-01-25,2018
Pravega Ventures,GreyAtom,round_418,Private Equity,1000000.0,2018-01-25,2018
RNT Capital,Axio,round_419,Private Equity,7400000.0,2018-01-26,2018
Ventureast,eKincare,round_420,Private Equity,1500000.0,2018-01-29,2018
Endiya Partners,eKincare,round_420,Private Equity,1500000.0,2018-01-29,2018
Eight Roads Ventures,eKincare,round_420,Private Equity,1500000.0,2018-01-29,2018
Touchstone Equities,eKincare,round_420,Private Equity,1500000.0,2018-01-29,2018
BVR Mohan Reddy,eKincare,round_420,Private Equity,1500000.0,2018-01-29,2018
Blume Ventures,The Wedding Brigade,round_421,Private Equity,1000000.0,2018-01-29,2018
Shivani Singh,PeeSafe,round_422,Private Equity,1000000.0,2018-01-30,2018
Rahul Maroli,PeeSafe,round_422,Private Equity,1000000.0,2018-01-30,2018
Mitesh Shah,PeeSafe,round_422,Private Equity,1000000.0,2018-01-30,2018
Venture Catalysts,PeeSafe,round_422,Private Equity,1000000.0,2018-01-30,2018
Alfa Capital,PeeSafe,round_422,Private Equity,1000000.0,2018-01-30,2018
Green Shots Capital,PeeSafe,round_422,Private Equity,1000000.0,2018-01-30,2018
Real Time Ventures.,PeeSafe,round_422,Private Equity,1000000.0,2018-01-30,2018
Accel Partners,BrowserStack,round_423,Private Equity,50000000.0,2018-01-30,2018
Axilor Ventures,Scapic,round_424,Seed / Angel,500000.0,2018-01-30,2018
Newfort Capital,Scapic,round_424,Seed / Angel,500000.0,2018-01-30,2018
HDFC Bank,CureFit,round_426,Debt,10000000.0,2018-01-30,2018
Axis Bank,CureFit,round_426,Debt,10000000.0,2018-01-30,2018
Ventureast,iNurture,round_427,Private Equity,4400000.0,2018-01-31,2018
Scale Minds,Strata Enviro,round_428,Private Equity,,2017-12-01,2017
Google,Dunzo,round_429,Private Equity,12300000.0,2017-12-05,2017
Hines,Tata Housing,round_430,Private Equity,23000000.0,2017-12-05,2017
NB Ventures,HandyTrain,round_431,Private Equity,1000000.0,2017-12-05,2017
Apis Partner,Greenlight Planet,round_433,Private Equity,60000000.0,2017-12-06,2017
Eight Roads Ventures,Greenlight Planet,round_433,Private Equity,60000000.0,2017-12-06,2017
Bamboo Capital Partners,Greenlight Planet,round_433,Private Equity,60000000.0,2017-12-06,2017
Lightbox,Fintobox,round_434,Private Equity,7000000.0,2017-12-06,2017
Eduardo Saverin,Mswipe,round_435,Private Equity,10000000.0,2017-12-07,2017
Kalpvriksh,The Label Life,round_436,Private Equity,3100000.0,2017-12-07,2017
Somerset Indus Capital Ventures,Cygnus Hospitals,round_437,Seed / Angel,750000.0,2017-12-07,2017
IDG Ventures,eShakti,round_438,Debt,2300000.0,2017-12-07,2017
Tiger Global,Inshorts,round_439,Private Equity,5000000.0,2017-12-08,2017
Singapore Angel Network,Vahdam Tea,round_440,Private Equity,1500000.0,2017-12-11,2017
Mumbai Angel,Vahdam Tea,round_440,Private Equity,1500000.0,2017-12-11,2017
Village Capital,Logic Roots,round_441,Seed / Angel,50000.0,2017-12-11,2017
Village Capital,Project Mudra,round_442,Seed / Angel,50000.0,2017-12-11,2017
Aamir Khan,Furlenco,round_443,Debt,1200000.0,2017-12-11,2017
HT Media,I Can Stay,round_444,Private Equity,1800000.0,2017-12-12,2017
Hyderabad Angels,Fracktal Works,round_445,Seed / Angel,,2017-12-12,2017
Accel Partners,Simility,round_446,Private Equity,17500000.0,2017-12-12,2017
Munesh Khanna,Shopholix,round_447,Seed / Angel,233000.0,2017-12-12,2017
Canaan Partners,MindTickle,round_448,Private Equity,27000000.0,2017-12-13,2017
Rakesh Jhunjhunwala,Nazara Technologies,round_449,Private Equity,27000000.0,2017-12-13,2017
Bessemer Venture Partners,DocsApp,round_450,Private Equity,7200000.0,2017-12-13,2017
Mohan Tanksale,Capita World,round_451,Private Equity,,2017-12-13,2017
Kiran Shetty,Capita World,round_451,Private Equity,,2017-12-13,2017
Darshak Shah,Capita World,round_451,Private Equity,,2017-12-13,2017
Mandar Mhatre,Capita World,round_451,Private Equity,,2017-12-13,2017
RB Investments,Tea Box,round_452,Private Equity,7000000.0,2017-12-14,2017
Matrix Partners,Transversal Technologies,round_453,Private Equity,6000000.0,2017-12-14,2017
RoundGlass Partners LLC,Curofy,round_454,Seed / Angel,250000.0,2017-12-14,2017
Accel Partners,HomeLane,round_455,Private Equity,10000000.0,2017-12-14,2017
Sequoia Capital,HomeLane,round_455,Private Equity,10000000.0,2017-12-14,2017
RB Investments,HomeLane,round_455,Private Equity,10000000.0,2017-12-14,2017
Mumbai Angels Network,WeDoSky,round_456,Private Equity,,2017-12-14,2017
Mountain Pain Capital,Purplle,round_457,Seed / Angel,537000.0,2017-12-15,2017
Suncoast Investments,Purplle,round_457,Seed / Angel,537000.0,2017-12-15,2017
InsuResillience Investment Fund,Sky Met Weather,round_459,Private Equity,,2017-12-18,2017
Costanoa,Springboard,round_460,Private Equity,9500000.0,2017-12-19,2017
Learn Capital,Springboard,round_460,Private Equity,9500000.0,2017-12-19,2017
Jyoti Bansal,Springboard,round_460,Private Equity,9500000.0,2017-12-19,2017
Unilever Ventures,Peel Works,round_461,Private Equity,,2017-12-19,2017
Swati Gupta,9Stacks,round_462,Private Equity,1500000.0,2017-12-19,2017
Purnima Khandelwal,9Stacks,round_462,Private Equity,1500000.0,2017-12-19,2017
Maheshwar Peri,9Stacks,round_462,Private Equity,1500000.0,2017-12-19,2017
Sanjay Singh,9Stacks,round_462,Private Equity,1500000.0,2017-12-19,2017
Axilor Ventures,Your Quote,round_463,Private Equity,1000000.0,2017-12-20,2017
E-City VEntures Atul Goel,Your Quote,round_463,Private Equity,1000000.0,2017-12-20,2017
"""Kedaraa Capital",Spandana Sphoorty,round_464,Private Equity,19500000.0,2017-12-20,2017
"Ontario Teachers\\'""",Spandana Sphoorty,round_464,Private Equity,19500000.0,2017-12-20,2017
Omidyar Network,Indus OS,round_465,Private Equity,4000000.0,2017-12-21,2017
Ambarish Gupta,EasyEcom,round_466,Seed / Angel,150000.0,2017-12-21,2017
Aneesh Reddy,EasyEcom,round_466,Seed / Angel,150000.0,2017-12-21,2017
Bold Ventures,EasyEcom,round_466,Seed / Angel,150000.0,2017-12-21,2017
Vona Investments,EasyEcom,round_466,Seed / Angel,150000.0,2017-12-21,2017
Venture Catalysts,IGP.com,round_467,Private Equity,,2017-12-21,2017
Eight Roads Ventures India,Specsmakers,round_468,Private Equity,10000000.0,2017-12-26,2017
Gaurav Gupta,Garage On Road,round_469,Private Equity,,2017-12-27,2017
Jones Lang LaSalle,Foyr.com,round_470,Private Equity,3800000.0,2017-12-27,2017
Manish Poddar,Prest Loans,round_471,Seed,570000.0,2017-11-02,2017
Arun Garg,Prest Loans,round_471,Seed,570000.0,2017-11-02,2017
Parmeshwar Sharma,Prest Loans,round_471,Seed,570000.0,2017-11-02,2017
CIO Angel Network,AadharAPI.com,round_472,Seed,,2017-11-02,2017
Jayant Humbarwadi,FreshBoxx,round_473,Seed,,2017-11-02,2017
Kae Capital Management,HalaPlay,round_475,Seed,,2017-11-03,2017
Nazara Technologies,HalaPlay,round_475,Seed,,2017-11-03,2017
Venture Catalysts,Kalpnik Technologies,round_476,Seed,500000.0,2017-11-03,2017
IDG Ventures India,Hevo Data,round_477,Private Equity,1000000.0,2017-11-04,2017
IDG Ventures India,Smart Karma,round_478,Private Equity,,2017-11-06,2017
Alok Mittal,Leverage Edu,round_479,Seed,,2017-11-06,2017
Deepak Jain,Leverage Edu,round_479,Seed,,2017-11-06,2017
Ritesh Malik,Leverage Edu,round_479,Seed,,2017-11-06,2017
Jim Schimdktke,Leverage Edu,round_479,Seed,,2017-11-06,2017
Infosys co-founder Kris Gopalakrishnan,Crayon Data,round_480,Seed,,2017-11-07,2017
Matrix Partners India,DocTalk,round_481,Private Equity,5000000.0,2017-11-07,2017
Khosla Ventures,DocTalk,round_481,Private Equity,5000000.0,2017-11-07,2017
Titan Co Ltd,CoveIoT,round_482,Private Equity,5000000.0,2017-11-07,2017
Tata Group\\xe2\\x80\\x99s watch and jewellery retailing firm,CoveIoT,round_482,Private Equity,5000000.0,2017-11-07,2017
Lumis Partners,TalentEdge,round_483,Private Equity,7600000.0,2017-11-08,2017
Quona Capital Management,Fisdom,round_484,Private Equity,3000000.0,2017-11-08,2017
Pioneering Ventures,FarmLink,round_485,Private Equity,3000000.0,2017-11-08,2017
Syngenta AG,FarmLink,round_485,Private Equity,3000000.0,2017-11-08,2017
Axilor Ventures,OpenApp,round_486,Private Equity,3600000.0,2017-11-08,2017
Kumar Vembu,OpenApp,round_486,Private Equity,3600000.0,2017-11-08,2017
Info Edge,NoPaperForms,round_487,Seed,872000.0,2017-11-09,2017
Matrix Partners,Tilite Technologies Pvt. Ltd,round_488,Seed,,2017-11-09,2017
IDG Ventures,Mobiliz AR,round_489,Private Equity,,2017-11-09,2017
IDFC-Parampara Fund,Mobiliz AR,round_489,Private Equity,,2017-11-09,2017
Singtel,Qubole,round_490,Private Equity,25000000.0,2017-11-10,2017
Innov8,Qubole,round_490,Private Equity,25000000.0,2017-11-10,2017
Harmony Partners,Qubole,round_490,Private Equity,25000000.0,2017-11-10,2017
Wipro Consumer Care,Happily Unmarried,round_491,Private Equity,,2017-11-10,2017
Accel Partners,Universal Sportsbiz Pvt. Ltd,round_492,Equity,15000000.0,2017-11-13,2017
GAIL India Ltd,Hungry Foal,round_493,Seed,,2017-11-14,2017
Vertex Ventures,Active AI,round_494,Private Equity,8250000.0,2017-11-14,2017
Rugmini Menon,ElderAid Wellness,round_496,Angel,,2017-11-15,2017
Omidyar Network,Omnia Information,round_497,Private Equity,3000000.0,2017-11-15,2017
Girish Mathrubootham,Josh Talks,round_498,Private Equity,,2017-11-15,2017
Apurva Chamaria,Josh Talks,round_498,Private Equity,,2017-11-15,2017
Rohit Chanana,Josh Talks,round_498,Private Equity,,2017-11-15,2017
Nishit Sharma,Reniso,round_499,Seed,,2017-11-15,2017
Alok Srivastava,Reniso,round_499,Seed,,2017-11-15,2017
SSCBS Innovation,Perspectico,round_501,Seed / Angel,,2017-11-17,2017
Incubation Foundation (SIIF),Perspectico,round_501,Seed / Angel,,2017-11-17,2017
Z Nation Lab,ONN Bikes,round_502,Seed / Angel,692000.0,2017-11-20,2017
Skycatcher Fund,Rapido,round_503,Seed / Angel,329230.0,2017-11-21,2017
Aravind Sanka,Rapido,round_503,Seed / Angel,329230.0,2017-11-21,2017
Notion Capital,Heckyl,round_504,Private Equity,2700000.0,2017-11-21,2017
IDG Ventures,Heckyl,round_504,Private Equity,2700000.0,2017-11-21,2017
1Crowd,Nuvepro,round_505,Seed / Angel,400000.0,2017-11-21,2017
Vida Ventures,RedBook,round_506,Seed / Angel,250000.0,2017-11-21,2017
Dr. Aniruddha Malpani,RedBook,round_506,Seed / Angel,250000.0,2017-11-21,2017
Sabre Partners,Portea,round_507,Private Equity,26000000.0,2017-11-21,2017
MEMG CDC,Portea,round_507,Private Equity,26000000.0,2017-11-21,2017
Paytm,Credit Mate,round_508,Private Equity,,2017-11-21,2017
Global Institutional Investors,Epiq Capital,round_509,Private Equity,200000000.0,2017-11-21,2017
Axilor Ventures,MiStay,round_510,Seed / Angel,,2017-11-22,2017
Sandeep Aggarwal,WittyFeed,round_511,Seed / Angel,,2017-11-23,2017
Uniliver Ventures,IDG Ventures,round_512,Private Equity,10000000.0,2017-11-24,2017
Javelin StartupO Victory Fund,TempGo,round_513,Seed / Angel,250000.0,2017-11-24,2017
Amit Patni,ERA,round_515,Seed / Angel,39000.0,2017-11-27,2017
Sixth Sense Ventures,Smaaash,round_516,Private Equity,3800000.0,2017-11-27,2017
Gaja Capital,Chumbak,round_517,Private Equity,13000000.0,2017-11-28,2017
IFMR Capital,FR8,round_518,Debt,1500000.0,2017-11-28,2017
NB Ventures,MobieFit,round_519,Seed / Angel,1350000.0,2017-11-28,2017
MediAssist,MobieFit,round_519,Seed / Angel,1350000.0,2017-11-28,2017
Matrix PArtners,Stanza Living,round_520,Private Equity,2000000.0,2017-11-28,2017
Accel,Stanza Living,round_520,Private Equity,2000000.0,2017-11-28,2017
Startup Buddy,ChqBook,round_521,Seed,,2017-10-03,2017
Apurva Chamaria,ChqBook,round_521,Seed,,2017-10-03,2017
Sachin Arora,ChqBook,round_521,Seed,,2017-10-03,2017
Bharat Gupta,ChqBook,round_521,Seed,,2017-10-03,2017
Amit Manocha,ChqBook,round_521,Seed,,2017-10-03,2017
Venture Catalysts,HomeCapital,round_522,Seed,,2017-10-03,2017
Tencent,Ola Cabs,round_523,Private Equity,110000000.0,2017-10-03,2017
Softbank Group,Ola Cabs,round_523,Private Equity,110000000.0,2017-10-03,2017
Digital Garage,Elanic,round_524,Seed,,2017-10-04,2017
Sprout Angels,CollPoll,round_525,Seed,306000.0,2017-10-04,2017
Flipkart,PhonePe,round_526,Private Equity,38700000.0,2017-10-04,2017
Blume Ventures,Little Black Book,round_527,Private Equity,1000000.0,2017-10-05,2017
IDG Ventures & Indian Angel Network,Little Black Book,round_527,Private Equity,1000000.0,2017-10-05,2017
Globevestor,Oorjan,round_528,Seed,450000.0,2017-10-05,2017
Sequoia India,Zefo,round_529,Private Equity,9200000.0,2017-10-05,2017
Helion Venture Partners,Zefo,round_529,Private Equity,9200000.0,2017-10-05,2017
Beenext,Zefo,round_529,Private Equity,9200000.0,2017-10-05,2017
Carpediem Capital,Yaantra,round_530,Private Equity,3100000.0,2017-10-06,2017
Epsilon Venture Partners,Farm Taaza,round_531,Private Equity,8000000.0,2017-10-06,2017
Tara India Fund IV and others,Farm Taaza,round_531,Private Equity,8000000.0,2017-10-06,2017
Das Capital,Drivezy,round_532,Private Equity,10000000.0,2017-10-06,2017
Axan Partners,Drivezy,round_532,Private Equity,10000000.0,2017-10-06,2017
Das Capital and IT Farm,Drivezy,round_532,Private Equity,10000000.0,2017-10-06,2017
Das Capital,Slice Pay,round_533,Private Equity,2000000.0,2017-10-06,2017
Simile Ventures,Slice Pay,round_533,Private Equity,2000000.0,2017-10-06,2017
Daffodil Software,Agrowave,round_534,Seed,,2017-10-09,2017
Firoze Irani,MyGubbi,round_535,Private Equity,2700000.0,2017-10-09,2017
Vipul Parekh,MyGubbi,round_535,Private Equity,2700000.0,2017-10-09,2017
Ananda Kallugadde,MyGubbi,round_535,Private Equity,2700000.0,2017-10-09,2017
Rajesh K Murthy,MyGubbi,round_535,Private Equity,2700000.0,2017-10-09,2017
Shailesh Haribhakti,IBSFintech,round_536,Seed,,2017-10-09,2017
Aequs Group,Letsservice,round_537,Private Equity,,2017-10-09,2017
Orient BlackSwan,OneStepUp,round_538,Seed,336000.0,2017-10-09,2017
Rahul Agarwalla,ThirdWatch,round_539,Seed,,2017-10-09,2017
Keshav Sanghi,ThirdWatch,round_539,Seed,,2017-10-09,2017
Batlivala & Karani Securities,ThirdWatch,round_539,Seed,,2017-10-09,2017
Multipoint Capital,Parallel Dots,round_540,Private Equity,1400000.0,2017-10-10,2017
Saama Capital and DSG Consumer Partners,Easy Diner,round_541,Private Equity,4500000.0,2017-10-10,2017
SAIF Partners,Meesho,round_542,Private Equity,3100000.0,2017-10-11,2017
YCombinator,Meesho,round_542,Private Equity,3100000.0,2017-10-11,2017
Venture Highway,Meesho,round_542,Private Equity,3100000.0,2017-10-11,2017
KStart Capital,StanPlus,round_543,Private Equity,1100000.0,2017-10-11,2017
Wellington Management,Policy Bazaar,round_545,Private Equity,77000000.0,2017-10-13,2017
DG Ventures India,Policy Bazaar,round_545,Private Equity,77000000.0,2017-10-13,2017
True North,Policy Bazaar,round_545,Private Equity,77000000.0,2017-10-13,2017
Vida Ventures,Gapoon,round_546,Seed,250000.0,2017-10-13,2017
Snehal Mantri,Gapoon,round_546,Seed,250000.0,2017-10-13,2017
Anshu Bahadur,Gapoon,round_546,Seed,250000.0,2017-10-13,2017
Tiger Global Management,Chaayos,round_547,Private Equity,2000000.0,2017-10-13,2017
Xiaomi Technologies,KrazyBee,round_548,Private Equity,8000000.0,2017-10-16,2017
Shunwei Capital,KrazyBee,round_548,Private Equity,8000000.0,2017-10-16,2017
Amicus Capital,Renew Buy,round_549,Private Equity,9200000.0,2017-10-16,2017
Accel Partners,Fingerlix,round_550,Private Equity,7000000.0,2017-10-17,2017
Zephyr Peacock,Fingerlix,round_550,Private Equity,7000000.0,2017-10-17,2017
Experian,Bank Bazaar,round_551,Private Equity,7000000.0,2017-10-18,2017
Nexus,Hasura,round_552,Private Equity,,2017-10-18,2017
GREE Ventures,Hasura,round_552,Private Equity,,2017-10-18,2017
Innoven Capital,BlackBuck,round_553,Private Equity,7700000.0,2017-10-18,2017
SAIF Partners,Toppr,round_555,Private Equity,7000000.0,2017-10-23,2017
Helion Ventures,Toppr,round_555,Private Equity,7000000.0,2017-10-23,2017
FIL Capital Management,Toppr,round_555,Private Equity,7000000.0,2017-10-23,2017
DSG Consumer Partners,RAW Pressery,round_556,Private Equity,6000000.0,2017-10-23,2017
Sequoia Capital,RAW Pressery,round_556,Private Equity,6000000.0,2017-10-23,2017
Saama Capital,RAW Pressery,round_556,Private Equity,6000000.0,2017-10-23,2017
IFMR Capital,Cashe,round_557,Debt,3100000.0,2017-10-23,2017
Rockstart Accelerator,Park Easy,round_558,Seed,118000.0,2017-10-23,2017
Indian Angel network,TagBox,round_559,Seed,,2017-10-24,2017
IAN Fund,TagBox,round_559,Seed,,2017-10-24,2017
Venture Catalysts,FYRE,round_560,Seed,500000.0,2017-10-24,2017
Matrix Partners India,ZipLoan,round_561,Private Equity,3000000.0,2017-10-24,2017
WaterBridge Ventures,ZipLoan,round_561,Private Equity,3000000.0,2017-10-24,2017
Whiteboard Capital,ZipLoan,round_561,Private Equity,3000000.0,2017-10-24,2017
Sarbvir Singh,ZipLoan,round_561,Private Equity,3000000.0,2017-10-24,2017
Blume Ventures,Skillenza,round_562,Seed,722000.0,2017-10-24,2017
Indian Angel Network,Skillenza,round_562,Seed,722000.0,2017-10-24,2017
Greenfield Advisory,Chevon,round_563,Private Equity,,2017-10-24,2017
Abhishek Bhatewara,PropStory,round_564,Seed,,2017-10-25,2017
Vivek Shah,PropStory,round_564,Seed,,2017-10-25,2017
Haitong Securities,PropStory,round_564,Seed,,2017-10-25,2017
Suraj Saharan,PropStory,round_564,Seed,,2017-10-25,2017
Paras Arora,PropStory,round_564,Seed,,2017-10-25,2017
Hunch Ventures,SpotDraft,round_565,Seed,550000.0,2017-10-25,2017
Spiral Ventures,SpotDraft,round_565,Seed,550000.0,2017-10-25,2017
500 Startups,SpotDraft,round_565,Seed,550000.0,2017-10-25,2017
Singapore Angel Network,SpotDraft,round_565,Seed,550000.0,2017-10-25,2017
Citrus Payments,SpotDraft,round_565,Seed,550000.0,2017-10-25,2017
Helion Ventures Partners,Big Basket,round_566,Private Equity,5000000.0,2017-10-26,2017
Kotak Mahindra Bank,OfBusiness,round_567,Debt,3800000.0,2017-10-27,2017
Incubate Fund,Olly Credit,round_568,Seed,,2017-10-27,2017
Sandesh Kirkire,Olly Credit,round_568,Seed,,2017-10-27,2017
Anand Kumar,Olly Credit,round_568,Seed,,2017-10-27,2017
Yogesh Chaudhary,Olly Credit,round_568,Seed,,2017-10-27,2017
Y Combinator,CashFree,round_569,Seed,120000.0,2017-10-28,2017
ANI Technologies Pvt. Ltd,Ola Cabs,round_570,Private Equity,7700000.0,2017-10-28,2017
Mahindra & Mahindra and Infuse Ventures,GoldFarm,round_571,Private Equity,2000000.0,2017-10-30,2017
TannCam Investment & Sistema Asia Fund,NetMeds,round_572,Private Equity,14000000.0,2017-10-31,2017
IL&FS,MSE,round_573,Private Equity,32000000.0,2017-10-31,2017
Trust Capital,MSE,round_573,Private Equity,32000000.0,2017-10-31,2017
Rosy Blue Securities,MSE,round_573,Private Equity,32000000.0,2017-10-31,2017
Radhakrishan Damani and Rakesh Jhunjhunwala,MSE,round_573,Private Equity,32000000.0,2017-10-31,2017
YourNest Angel Fund,Aahaa Stores,round_574,Private Equity,1000000.0,2017-09-01,2017
Stellaris Venture Partners,MFine,round_575,Private Equity,1500000.0,2017-09-01,2017
Mayur Abhaya,MFine,round_575,Private Equity,1500000.0,2017-09-01,2017
Rohit MA,MFine,round_575,Private Equity,1500000.0,2017-09-01,2017
InfoEdge,Canvera,round_576,Private Equity,1300000.0,2017-09-01,2017
Accel Partners,PrimaryIO,round_577,Private Equity,5600000.0,2017-09-04,2017
Exfinity Ventures,PrimaryIO,round_577,Private Equity,5600000.0,2017-09-04,2017
Partech Ventures,PrimaryIO,round_577,Private Equity,5600000.0,2017-09-04,2017
SRI Capital,Shubh Loans,round_578,Private Equity,1500000.0,2017-09-05,2017
BeeNext,Shubh Loans,round_578,Private Equity,1500000.0,2017-09-05,2017
Pravega Ventures,Shubh Loans,round_578,Private Equity,1500000.0,2017-09-05,2017
Michael and Susan Dell Foundation,Nest Education,round_579,Seed,600000.0,2017-09-05,2017
Anand Mahindra,Nest Education,round_579,Seed,600000.0,2017-09-05,2017
Bertelsmann India,Lending Kart,round_580,Private Equity,10750000.0,2017-09-06,2017
Mayfield Capital,Lending Kart,round_580,Private Equity,10750000.0,2017-09-06,2017
Saama Capital,Lending Kart,round_580,Private Equity,10750000.0,2017-09-06,2017
Darrin Capital,Lending Kart,round_580,Private Equity,10750000.0,2017-09-06,2017
HIS Co. Ltd,GoFro,round_581,Private Equity,10000000.0,2017-09-06,2017
MakeMyTrip,GoFro,round_581,Private Equity,10000000.0,2017-09-06,2017
Sequoia Capital India,OncoStem,round_582,Private Equity,6000000.0,2017-09-06,2017
Artiman Ventures,OncoStem,round_582,Private Equity,6000000.0,2017-09-06,2017
International Finance Corporation (IFC),Power2SME,round_583,Private Equity,26000000.0,2017-09-06,2017
Inventus Capital Partners,Power2SME,round_583,Private Equity,26000000.0,2017-09-06,2017
Accel Partners,Power2SME,round_583,Private Equity,26000000.0,2017-09-06,2017
"Kalaari Capital, and Nandan Nilekani",Power2SME,round_583,Private Equity,26000000.0,2017-09-06,2017
Matrix Partners,Credit Vidya,round_584,Private Equity,5000000.0,2017-09-07,2017
V Balakrishnan.,Tails Life,round_585,Private Equity,,2017-09-07,2017
SoftBank Group,OYO Rooms,round_586,Private Equity,250000000.0,2017-09-07,2017
Sequoia Capital India,OYO Rooms,round_586,Private Equity,250000000.0,2017-09-07,2017
Lightspeed Venture Partners,OYO Rooms,round_586,Private Equity,250000000.0,2017-09-07,2017
Greenoaks Capital,OYO Rooms,round_586,Private Equity,250000000.0,2017-09-07,2017
Hero Enterprise,OYO Rooms,round_586,Private Equity,250000000.0,2017-09-07,2017
IFMR Capital,Early Salary,round_587,Debt,780000.0,2017-09-07,2017
Fireside Ventures,MamaEarth,round_588,Seed,,2017-09-07,2017
RPG Enterprises,Seniority,round_589,Private Equity,1000000.0,2017-09-07,2017
Triodos Investment Management,AYE Finance,round_590,Debt,6900000.0,2017-09-08,2017
Venture Highway,Farmizen,round_591,Seed,,2017-09-08,2017
Alok Mittal,Farmizen,round_591,Seed,,2017-09-08,2017
Mohit Agarwal,Farmizen,round_591,Seed,,2017-09-08,2017
Anuj Gupta,Farmizen,round_591,Seed,,2017-09-08,2017
Warburg Pincus,Ecom Express,round_592,Private Equity,30000000.0,2017-09-11,2017
Sachin Tendulkar,Call Health,round_593,Private Equity,6200000.0,2017-09-11,2017
P.V SIndhu,Call Health,round_593,Private Equity,6200000.0,2017-09-11,2017
Pullela Gopichand,Call Health,round_593,Private Equity,6200000.0,2017-09-11,2017
Raman Roy,Sattviko,round_594,Seed,,2017-09-12,2017
Arvind Uppal,Sattviko,round_594,Seed,,2017-09-12,2017
Sonu Bhasin,Sattviko,round_594,Seed,,2017-09-12,2017
G Ravishankar,Sattviko,round_594,Seed,,2017-09-12,2017
WRV Capital,Tonbo Imaging,round_596,Private Equity,17000000.0,2017-09-12,2017
Qualcomm Ventures,Tonbo Imaging,round_596,Private Equity,17000000.0,2017-09-12,2017
Edelweiss Private Equity,Tonbo Imaging,round_596,Private Equity,17000000.0,2017-09-12,2017
Artiman Ventures,Tonbo Imaging,round_596,Private Equity,17000000.0,2017-09-12,2017
IAN Fund,Get My Parking,round_597,Private Equity,3000000.0,2017-09-12,2017
Beenext,Get My Parking,round_597,Private Equity,3000000.0,2017-09-12,2017
Indian Angel Network,Get My Parking,round_597,Private Equity,3000000.0,2017-09-12,2017
Anand Chandrasekaran,WittyFeed,round_598,Seed,,2017-09-13,2017
Apurva Chamaria,WittyFeed,round_598,Seed,,2017-09-13,2017
Ritesh Malik,WittyFeed,round_598,Seed,,2017-09-13,2017
Ashish Toshniwal,WittyFeed,round_598,Seed,,2017-09-13,2017
Ajeet Khurana,WittyFeed,round_598,Seed,,2017-09-13,2017
Accel Partners,Glowroad,round_599,Private Equity,2000000.0,2017-09-13,2017
China Lodging Group,OYO Rooms,round_600,Private Equity,10000000.0,2017-09-13,2017
Sequoia Capital India,Unacademy,round_601,Private Equity,11500000.0,2017-09-13,2017
SAIF Partners,Unacademy,round_601,Private Equity,11500000.0,2017-09-13,2017
Nexus Venture Partners and Blume Ventures,Unacademy,round_601,Private Equity,11500000.0,2017-09-13,2017
Chennai Angels,Heterogenous,round_602,Seed,780000.0,2017-09-13,2017
Keiretsu Forum & Others,Heterogenous,round_602,Seed,780000.0,2017-09-13,2017
Rohit Nanda,Gurukul,round_603,Seed,,2017-09-14,2017
Rajit Nanda,Gurukul,round_603,Seed,,2017-09-14,2017
Smarak Bhuyan,Gurukul,round_603,Seed,,2017-09-14,2017
Sashwat Brahma,Gurukul,round_603,Seed,,2017-09-14,2017
ECL Finance,Smaaash,round_604,Private Equity,44000000.0,2017-09-14,2017
Y Combinator,WheelStreet,round_605,Seed,120000.0,2017-09-14,2017
Rising Stars,Xprep,round_606,Private Equity,,2017-09-14,2017
Manish Amin,Xprep,round_606,Private Equity,,2017-09-14,2017
Pallav Pandey,Xprep,round_606,Private Equity,,2017-09-14,2017
Chavi Jafa,Xprep,round_606,Private Equity,,2017-09-14,2017
DSG Consumer Partners,The Moms Co,round_607,Private Equity,1000000.0,2017-09-18,2017
Saama Capital,The Moms Co,round_607,Private Equity,1000000.0,2017-09-18,2017
Shamik Sharma,Noticeboard,round_608,Seed,,2017-09-19,2017
Aprameya Radhakrishna,Noticeboard,round_608,Seed,,2017-09-19,2017
Susquehanna Growth Equity LLC,High Radius,round_609,Private Equity,50000000.0,2017-09-19,2017
Incofin Investment Management.,SaveBC,round_611,Private Equity,6000000.0,2017-09-21,2017
AdvantEdge,Gaming Monk,round_612,Private Equity,,2017-09-21,2017
Sandway Investment Ltd,91SpringBoard,round_613,Private Equity,,2017-09-21,2017
Pearl Brook Holdings,91SpringBoard,round_613,Private Equity,,2017-09-21,2017
Silo Holdings and Al Nour,91SpringBoard,round_613,Private Equity,,2017-09-21,2017
LG Chandrasekhar,Homergize,round_614,Private Equity,1000000.0,2017-09-21,2017
InnoVen Capital India,Yatra.com,round_615,Debt,15400000.0,2017-09-22,2017
InnoVen Capital,Ace Turtle,round_616,Private Equity,,2017-09-22,2017
AV Thomas Group,Vogo,round_617,Seed,,2017-09-25,2017
Vertex Ventures,Synup,round_618,Private Equity,6000000.0,2017-09-25,2017
Prime Venture Partners.,Synup,round_618,Private Equity,6000000.0,2017-09-25,2017
Zomato Media Pvt. Ltd,Tinmen,round_619,Private Equity,,2017-09-25,2017
Beenext,Cropin,round_620,Private Equity,,2017-09-25,2017
Battery Road Digital Holdings LLC,Rapido,round_621,Seed,422000.0,2017-09-25,2017
Mehul Shah,Sportobuddy,round_622,Seed,150000.0,2017-09-25,2017
Kae Capital,Credifiable,round_623,Private Equity,,2017-09-26,2017
Rajan Anandan,Inclov,round_624,Seed,,2017-09-26,2017
Jamil Khatri,Inclov,round_624,Seed,,2017-09-26,2017
Ravi Iyer,Inclov,round_624,Seed,,2017-09-26,2017
Raghav Bahl,Inclov,round_624,Seed,,2017-09-26,2017
Aniruddha Malpani,Multibhashi,round_625,Seed,,2017-09-26,2017
Startup Oasis,Multibhashi,round_625,Seed,,2017-09-26,2017
IL&FS Investment Managers,Transerve,round_626,Private Equity,1600000.0,2017-09-27,2017
Omidyar Network.,Transerve,round_626,Private Equity,1600000.0,2017-09-27,2017
Capillary Technologies,Fashalot,round_627,Private Equity,,2017-09-27,2017
Whiteboard Capital,Fashalot,round_627,Private Equity,,2017-09-27,2017
YourNest Angel Fund,Fashalot,round_627,Private Equity,,2017-09-27,2017
Rajul Garg,Fashalot,round_627,Private Equity,,2017-09-27,2017
Blume Ventures,Pitstop,round_628,Private Equity,1000000.0,2017-09-27,2017
Goldbell Group,Pitstop,round_628,Private Equity,1000000.0,2017-09-27,2017
Anurag Srivastava,Pitstop,round_628,Private Equity,1000000.0,2017-09-27,2017
Shailesh Rao,Pitstop,round_628,Private Equity,1000000.0,2017-09-27,2017
Amiya Pathak,Pitstop,round_628,Private Equity,1000000.0,2017-09-27,2017
Rajesh Yohanan and Rahul Garg,Pitstop,round_628,Private Equity,1000000.0,2017-09-27,2017
Rivergate Capital,GoChoppers,round_629,Seed,,2017-09-27,2017
LetsVenture,MyUpchar,round_630,Seed,300000.0,2017-09-27,2017
Keiretsu Forum,Aadyah,round_631,Private Equity,1000000.0,2017-09-28,2017
Kae Capital,TouchKin,round_632,Private Equity,1300000.0,2017-08-01,2017
Triton Investment Advisors,Ethinos,round_633,Private Equity,,2017-08-02,2017
Kashyap Deorah,Leverage Edu,round_634,Seed,,2017-08-02,2017
Anand Sankeshwar,Leverage Edu,round_634,Seed,,2017-08-02,2017
Deepak Jain,Leverage Edu,round_634,Seed,,2017-08-02,2017
Sadashiva NT,Leverage Edu,round_634,Seed,,2017-08-02,2017
Arjun Mehta,Leverage Edu,round_634,Seed,,2017-08-02,2017
Satish Kaul,Leverage Edu,round_634,Seed,,2017-08-02,2017
Anindya Ghose,Leverage Edu,round_634,Seed,,2017-08-02,2017
Kunal Shah,Zepo,round_635,Seed,500000.0,2017-08-02,2017
LetsVenture,Zepo,round_635,Seed,500000.0,2017-08-02,2017
Anupam Mittal,Zepo,round_635,Seed,500000.0,2017-08-02,2017
Hetal Sonpal,Zepo,round_635,Seed,500000.0,2017-08-02,2017
Narottam Thudi,Click2Clinic,round_636,Seed,850000.0,2017-08-02,2017
Shireesh Palle,Click2Clinic,round_636,Seed,850000.0,2017-08-02,2017
Cismat Cargo Services Pvt. Ltd.,SpeedBox,round_637,Seed,300000.0,2017-08-03,2017
Rajasthan Angel Investor Network,Skill Connect,round_638,Seed,,2017-08-03,2017
DSG Consumer Partners,Chai Point,round_639,Private Equity,,2017-08-03,2017
Eight Roads Ventures India,Chai Point,round_639,Private Equity,,2017-08-03,2017
SIDBI,Zoctr,round_640,Private Equity,,2017-08-03,2017
JSW Ventures,Lime Tray,round_641,Private Equity,,2017-08-04,2017
Anuj Puri,CoutLoot,round_642,Seed,,2017-08-04,2017
Redcliffe Capital,CoutLoot,round_642,Seed,,2017-08-04,2017
Artha India Ventures,CoutLoot,round_642,Seed,,2017-08-04,2017
Siddharth Kothari,CoutLoot,round_642,Seed,,2017-08-04,2017
Apoorv Ranjan Sharma,CoutLoot,round_642,Seed,,2017-08-04,2017
R. Jayakumar,Box My Space,round_643,Seed,,2017-08-04,2017
Vaibhav Vohra,Box My Space,round_643,Seed,,2017-08-04,2017
Aditya Vazirani,Box My Space,round_643,Seed,,2017-08-04,2017
Rhea Vazirani,Box My Space,round_643,Seed,,2017-08-04,2017
AVN Business Solutions,Box My Space,round_643,Seed,,2017-08-04,2017
Dreamweaver Investments,Box My Space,round_643,Seed,,2017-08-04,2017
Anicut Capital,Curatio,round_644,Private Equity,,2017-08-05,2017
Rahul Dev Kumar,My Forex Eye,round_646,Seed,220000.0,2017-08-08,2017
Rajesh Mahajan,My Forex Eye,round_646,Seed,220000.0,2017-08-08,2017
Ankit Sharma and others,My Forex Eye,round_646,Seed,220000.0,2017-08-08,2017
Venugopal Dhoot,TruxApp,round_647,Seed,3100000.0,2017-08-09,2017
Ajay Bhatia,TruxApp,round_647,Seed,3100000.0,2017-08-09,2017
Tarun Khandelwal,TruxApp,round_647,Seed,3100000.0,2017-08-09,2017
Ganpat Singhvi,TruxApp,round_647,Seed,3100000.0,2017-08-09,2017
Mandhian family & Others,TruxApp,round_647,Seed,3100000.0,2017-08-09,2017
Factor[e] Ventures,CroFarm,round_648,Seed,783000.0,2017-08-09,2017
Tom Varkey,DoodhWala,round_649,Seed,,2017-08-09,2017
Incubate Fund,Stayabode,round_650,Private Equity,,2017-08-10,2017
Sanjay Shenoy,Stayabode,round_650,Private Equity,,2017-08-10,2017
Mridul Upreti,Stayabode,round_650,Private Equity,,2017-08-10,2017
Softbank,Flipkart,round_651,Private Equity,2500000000.0,2017-08-11,2017
Nazara Games,Moong Labs,round_652,Private Equity,,2017-08-11,2017
Tekne Capital Management,Ola Cabs,round_653,Private Equity,36000000.0,2017-08-11,2017
Bennett,Sports Flashes,round_654,Private Equity,,2017-08-14,2017
Coleman and Company Ltd (BCCL),Sports Flashes,round_654,Private Equity,,2017-08-14,2017
InCred Finance,Digilend,round_655,Seed,312000.0,2017-08-14,2017
Fullerton India Credit Company Ltd,Digilend,round_655,Seed,312000.0,2017-08-14,2017
InCred,KNAB Finance,round_656,Seed,385000.0,2017-08-15,2017
Krishnakumar Natarajan,KNAB Finance,round_656,Seed,385000.0,2017-08-15,2017
Ravi Bhardwaj,KNAB Finance,round_656,Seed,385000.0,2017-08-15,2017
Green Visor Capital LP II,Get Simpl,round_657,Seed,,2017-08-17,2017
IA Venture Strategies Fund II LP,Get Simpl,round_657,Seed,,2017-08-17,2017
Boillot Family Trust,Get Simpl,round_657,Seed,,2017-08-17,2017
Russell M Byrne,Get Simpl,round_657,Seed,,2017-08-17,2017
The Oliver R. Grace,Get Simpl,round_657,Seed,,2017-08-17,2017
Jr. Millennium Trust,Get Simpl,round_657,Seed,,2017-08-17,2017
SF Capital Investments LP,Get Simpl,round_657,Seed,,2017-08-17,2017
Abhinav Gupta,Rootefy,round_658,Seed,187000.0,2017-08-20,2017
IDG Ventures,Uniphore,round_659,Private Equity,6800000.0,2017-08-21,2017
Undisclosed HNI\\xe2\\x80\\x99s,Cerebroz,round_660,Seed,734000.0,2017-08-21,2017
iSquare Global,Flochat,round_661,Seed,,2017-08-22,2017
Social Alpha,EasyGov,round_662,Seed,,2017-08-22,2017
Rajan Anandan,EasyGov,round_662,Seed,,2017-08-22,2017
Rajeev Ahuja,EasyGov,round_662,Seed,,2017-08-22,2017
Kshitij Arora,EasyGov,round_662,Seed,,2017-08-22,2017
Blume Ventures. Lenovo Capital and Incubator Group (LCIG),Milk Basket,round_663,Seed,,2017-08-23,2017
Riverwood Capital,Dhruva,round_664,Private Equity,80000000.0,2017-08-23,2017
Sequoia Capital India,Dhruva,round_664,Private Equity,80000000.0,2017-08-23,2017
Nexus Venture Partners,Dhruva,round_664,Private Equity,80000000.0,2017-08-23,2017
Tenaya Capital,Dhruva,round_664,Private Equity,80000000.0,2017-08-23,2017
Fireside Ventures,Bombay Shaving Company,round_665,Private Equity,2300000.0,2017-08-23,2017
IIT Ropar,Awign,round_666,Seed,,2017-08-23,2017
Imanpreet Singh Arora,Awign,round_666,Seed,,2017-08-23,2017
Sidharth Rozario,Awign,round_666,Seed,,2017-08-23,2017
Saurabh Abichandani,Awign,round_666,Seed,,2017-08-23,2017
Shikhar Gupta,Awign,round_666,Seed,,2017-08-23,2017
Haresh Chawla,Indiez,round_667,Seed,500000.0,2017-08-23,2017
JS Capital Management,Ezetap,round_668,Private Equity,16000000.0,2017-08-24,2017
Social Capital,Ezetap,round_668,Private Equity,16000000.0,2017-08-24,2017
Horizons Ventures,Ezetap,round_668,Private Equity,16000000.0,2017-08-24,2017
VAMM Ventures,Ink Monk,round_669,Seed,750000.0,2017-08-25,2017
Raksul,Ink Monk,round_669,Seed,750000.0,2017-08-25,2017
Dena,Ink Monk,round_669,Seed,750000.0,2017-08-25,2017
PBS Srinivas,Medinfi,round_670,Seed,125000.0,2017-08-25,2017
Vinod Martin,Medinfi,round_670,Seed,125000.0,2017-08-25,2017
Sistema Asia Fund,Mobikon,round_671,Private Equity,7000000.0,2017-08-28,2017
C31 Ventures,Mobikon,round_671,Private Equity,7000000.0,2017-08-28,2017
Qualgro.,Mobikon,round_671,Private Equity,7000000.0,2017-08-28,2017
Accel Partners,CureFit,round_672,Private Equity,25000000.0,2017-08-29,2017
IDG Ventures,CureFit,round_672,Private Equity,25000000.0,2017-08-29,2017
Kalaari Capital,CureFit,round_672,Private Equity,25000000.0,2017-08-29,2017
\\xc2\\xa0 UC-RNT fund,CureFit,round_672,Private Equity,25000000.0,2017-08-29,2017
"idal Health, growx ventures",Doxper,round_673,Seed,750000.0,2017-08-29,2017
Capier Investments,Doxper,round_673,Seed,750000.0,2017-08-29,2017
Globevestor & others,Doxper,round_673,Seed,750000.0,2017-08-29,2017
Small Industries Development Bank of India (SIDBI),Fieldassist,round_674,Debt,,2017-08-29,2017
Ward Ferry Management and Karst Peak Capital,Treebo,round_675,Private Equity,34000000.0,2017-08-30,2017
Sequoia India,MedGenome,round_676,Private Equity,30000000.0,2017-08-30,2017
Sofina s.a.,MedGenome,round_676,Private Equity,30000000.0,2017-08-30,2017
Zodius Capital,MedGenome,round_676,Private Equity,30000000.0,2017-08-30,2017
Kris Gopalakrishnan,MedGenome,round_676,Private Equity,30000000.0,2017-08-30,2017
Lakshmi Narayanan,MedGenome,round_676,Private Equity,30000000.0,2017-08-30,2017
Reliance Corporate Advisory Services Ltd,Billion Loans,round_677,Seed,1000000.0,2017-07-01,2017
Infuse Ventures,Ecolibriumenergy,round_678,Private Equity,2600000.0,2017-07-03,2017
JLL,Ecolibriumenergy,round_678,Private Equity,2600000.0,2017-07-03,2017
Asset Management (Asia) Ltd,Droom,round_679,Private Equity,20000000.0,2017-07-04,2017
Digital Garage Inc,Droom,round_679,Private Equity,20000000.0,2017-07-04,2017
Kalaari Capital,Jumbotail,round_680,Private Equity,8500000.0,2017-07-05,2017
Nexus India Capital Advisors,Jumbotail,round_680,Private Equity,8500000.0,2017-07-05,2017
International Finance Corporation,Moglix,round_681,Private Equity,12000000.0,2017-07-05,2017
Rocketship,Moglix,round_681,Private Equity,12000000.0,2017-07-05,2017
Accel Partners,Moglix,round_681,Private Equity,12000000.0,2017-07-05,2017
Jungle Ventures,Moglix,round_681,Private Equity,12000000.0,2017-07-05,2017
Shailesh Rao,Moglix,round_681,Private Equity,12000000.0,2017-07-05,2017
Venture Highway,Moglix,round_681,Private Equity,12000000.0,2017-07-05,2017
BCCL,Timesaverz,round_682,Private Equity,1000000.0,2017-07-05,2017
Blume Ventures,Minjar,round_683,Seed,,2017-07-06,2017
Contrarian Capital India Partners,Minjar,round_683,Seed,,2017-07-06,2017
Emergent Ventures India,Minjar,round_683,Seed,,2017-07-06,2017
Pallav Nadhani,Minjar,round_683,Seed,,2017-07-06,2017
Ashish Gupta,Minjar,round_683,Seed,,2017-07-06,2017
Sharad Sharma,Minjar,round_683,Seed,,2017-07-06,2017
Sirion Labs,Minjar,round_683,Seed,,2017-07-06,2017
India Quotient,Clip App,round_685,Seed,1000000.0,2017-07-07,2017
Shunwei Capital,Clip App,round_685,Seed,1000000.0,2017-07-07,2017
Sreeram Iyer,Upwardly.in,round_686,Seed,,2017-07-07,2017
Suvo Sarkar,Upwardly.in,round_686,Seed,,2017-07-07,2017
Anita Gupta,Upwardly.in,round_686,Seed,,2017-07-07,2017
Likemind Ventures,Upwardly.in,round_686,Seed,,2017-07-07,2017
Mitsui & Co.,Autorox.co,round_687,Private Equity,3000000.0,2017-07-10,2017
Dunamis Ventures Pte Ltd,Fabogo,round_688,Private Equity,2250000.0,2017-07-11,2017
Venture Catalysts,Flickstree,round_689,Seed,464000.0,2017-07-11,2017
Sourav Ganguly,Flickstree,round_689,Seed,464000.0,2017-07-11,2017
Ankit Aditya,Flickstree,round_689,Seed,464000.0,2017-07-11,2017
Moksh Sports Ventures,Flickstree,round_689,Seed,464000.0,2017-07-11,2017
Fireside Ventures,Design Cafe,round_690,Seed,,2017-07-11,2017
Apurva Salarpuria,Design Cafe,round_690,Seed,,2017-07-11,2017
Sidharth Pansari,Design Cafe,round_690,Seed,,2017-07-11,2017
Sprout Capital,Design Cafe,round_690,Seed,,2017-07-11,2017
SBI-FMO Fund,Innoviti,round_691,Private Equity,18500000.0,2017-07-12,2017
Bessemer Venture Partners,Innoviti,round_691,Private Equity,18500000.0,2017-07-12,2017
Catamaran Ventures,Innoviti,round_691,Private Equity,18500000.0,2017-07-12,2017
Corvus Ventures,VDeliver,round_692,Private Equity,,2017-07-12,2017
MAPE Advisory Group,VDeliver,round_692,Private Equity,,2017-07-12,2017
500 Startups,Bottr.me,round_693,Seed,,2017-07-12,2017
Purvi Capital,Bottr.me,round_693,Seed,,2017-07-12,2017
Rajan Anandan,Bottr.me,round_693,Seed,,2017-07-12,2017
Abhishek Gupta,Bottr.me,round_693,Seed,,2017-07-12,2017
Indian Angel Network,Arcatron,round_694,Seed,,2017-07-12,2017
Brigade Innovations LLP,QwikSpec,round_695,Seed,540000.0,2017-07-14,2017
TV Mohandas Pai,QwikSpec,round_695,Seed,540000.0,2017-07-14,2017
Suhail Rahman,QwikSpec,round_695,Seed,540000.0,2017-07-14,2017
Bobby Reddy,QwikSpec,round_695,Seed,540000.0,2017-07-14,2017
M George Oommen,QwikSpec,round_695,Seed,540000.0,2017-07-14,2017
Blacksoil Capital Pvt. Ltd,Chumbak,round_696,Private Equity,1700000.0,2017-07-14,2017
Sequoia Capital,Increff,round_697,Seed,2000000.0,2017-07-17,2017
Grey Orange,Increff,round_697,Seed,2000000.0,2017-07-17,2017
Rajesh Ramaiah,Increff,round_697,Seed,2000000.0,2017-07-17,2017
Anshuman Das,Increff,round_697,Seed,2000000.0,2017-07-17,2017
Rishi Das,Increff,round_697,Seed,2000000.0,2017-07-17,2017
IDG Ventures India Advisors,Vayana,round_698,Private Equity,4000000.0,2017-07-17,2017
Jungle Ventures,Vayana,round_698,Private Equity,4000000.0,2017-07-17,2017
One97 Communication Ltd,MObiquest,round_699,Private Equity,,2017-07-18,2017
Uber Technologies Inc,Ambee,round_700,Seed,,2017-07-18,2017
Amaya Capital LLP,Ambee,round_700,Seed,,2017-07-18,2017
Xelpmoc,Ideal Insurance,round_701,Seed,,2017-07-18,2017
Kae Capital,Hypernova Interactive,round_702,Seed,,2017-07-18,2017
ain Capital Ventures,Rentomojo,round_703,Private Equity,10000000.0,2017-07-19,2017
Renaud Laplanche,Rentomojo,round_703,Private Equity,10000000.0,2017-07-19,2017
Francesco Cara,AirCTO,round_704,Seed,,2017-07-19,2017
ABI-Showatech (India) Ltd,Playablo,round_705,Seed,600000.0,2017-07-19,2017
Kae Capital,Trupay,round_706,Seed,700000.0,2017-07-20,2017
M&S Partners,Trupay,round_706,Seed,700000.0,2017-07-20,2017
Subramani Somasundaram,Brick2Wall,round_707,Seed,200000.0,2017-07-21,2017
Sundeep Sahni,Brick2Wall,round_707,Seed,200000.0,2017-07-21,2017
Mayank Mittal & Others,Brick2Wall,round_707,Seed,200000.0,2017-07-21,2017
Harmeet Bajaj,FableStreet,round_708,Seed,,2017-07-21,2017
Pameela P,FableStreet,round_708,Seed,,2017-07-21,2017
Fusiontech Ventures & Others,FableStreet,round_708,Seed,,2017-07-21,2017
Sunil Kalra,Monsoon Fintech,round_709,Seed,,2017-07-21,2017
Aditya Singh,Monsoon Fintech,round_709,Seed,,2017-07-21,2017
Rishi Srivastava,Monsoon Fintech,round_709,Seed,,2017-07-21,2017
Rajan Anandan,Monsoon Fintech,round_709,Seed,,2017-07-21,2017
Blume Ventures,MonkeyBox,round_710,Seed,,2017-07-21,2017
NB Ventures,MonkeyBox,round_710,Seed,,2017-07-21,2017
Nspira,MonkeyBox,round_710,Seed,,2017-07-21,2017
Stellaris Venture Partners,Noticeboard,round_711,Private Equity,1200000.0,2017-07-25,2017
Tencent Holdings,Byju\\xe2\\x80\\x99s,round_712,Private Equity,35000000.0,2017-07-25,2017
Yuvraj Singh,Creator\\xe2\\x80\\x99s Gurukul,round_713,Seed,,2017-07-26,2017
Goldman Sachs,Fab Hotels,round_714,Private Equity,25000000.0,2017-07-26,2017
Indian Angel Network,ThinkerBell,round_715,Seed,200000.0,2017-07-26,2017
Anand Mahindra,ThinkerBell,round_715,Seed,200000.0,2017-07-26,2017
HBM Healthcare Investments,1mg,round_716,Private Equity,15000000.0,2017-07-27,2017
Maverick Capital Ventures,1mg,round_716,Private Equity,15000000.0,2017-07-27,2017
Sequoia India,1mg,round_716,Private Equity,15000000.0,2017-07-27,2017
Omidyar Network and Kae Capital,1mg,round_716,Private Equity,15000000.0,2017-07-27,2017
Amen Dhyllon,Jhakaas,round_717,Seed,,2017-07-28,2017
Info Edge (India) Ltd,BigStylist,round_718,Private Equity,1250000.0,2017-07-28,2017
RoundGlass Partners,Gympik.com,round_719,Seed,,2017-07-28,2017
Grace Grace Techno Ventures LLP,Tripeur,round_720,Seed,,2017-06-01,2017
Rajul Garg & Other undisclosed investors,Tripeur,round_720,Seed,,2017-06-01,2017
TVS Motor Company,RentOnGo,round_721,Seed,234000.0,2017-06-02,2017
Emerging India,Goomo,round_722,Private Equity,50000000.0,2017-06-05,2017
lockchain ecosystem Global Advisors,MaxMyWealth,round_723,Private Equity,,2017-06-05,2017
Horseferry,MaxMyWealth,round_723,Private Equity,,2017-06-05,2017
Blume Ventures,Spinny,round_724,Private Equity,1000000.0,2017-06-06,2017
Indian Angel Network,Spinny,round_724,Private Equity,1000000.0,2017-06-06,2017
Kunal Shah,Spinny,round_724,Private Equity,1000000.0,2017-06-06,2017
Sandeep Tandon,Spinny,round_724,Private Equity,1000000.0,2017-06-06,2017
Arun Patodia,Healthbuds,round_725,Seed,,2017-06-06,2017
Bharat Kedia,Healthbuds,round_725,Seed,,2017-06-06,2017
500 Startups,Ftcash,round_726,Private Equity,,2017-06-06,2017
IvyCap Ventures,Ftcash,round_726,Private Equity,,2017-06-06,2017
Blume Ventures,BHIVE Workspace,round_727,Private Equity,1200000.0,2017-06-06,2017
Harsh Mahajan,wayForward,round_728,Seed,1000000.0,2017-06-06,2017
Farhan Naqvi,wayForward,round_728,Seed,1000000.0,2017-06-06,2017
Sreepathy Viswanathan,wayForward,round_728,Seed,1000000.0,2017-06-06,2017
Sundaram Finance Holdings,GyanDhan,round_729,Private Equity,,2017-06-06,2017
SBI (Stand Up India Scheme),Hungry Foal,round_730,Private Equity,,2017-06-06,2017
WaterBridge Ventures,ZipLoan,round_731,Seed,650000.0,2017-06-07,2017
SQue Capital,GrowFitter,round_732,Seed,600000.0,2017-06-07,2017
Bodhtree Consulting Limited,Stratfit,round_733,Seed,232000.0,2017-06-08,2017
Norwest Venture Partners,Multiplier Solutions,round_734,Private Equity,1500000.0,2017-06-08,2017
Norwest Venture Partners,ABI Health,round_735,Private Equity,1500000.0,2017-06-08,2017
Mohan Alexander,Stockal,round_736,Seed,350000.0,2017-06-08,2017
R. Natarajan,Stockal,round_736,Seed,350000.0,2017-06-08,2017
Vikrant Varshney,Stockal,round_736,Seed,350000.0,2017-06-08,2017
Amit Sinha,Stockal,round_736,Seed,350000.0,2017-06-08,2017
Pawan Borle,Guidoo,round_737,Seed,300000.0,2017-06-09,2017
Nirmal Singh,Guidoo,round_737,Seed,300000.0,2017-06-09,2017
Manish Prasad,Guidoo,round_737,Seed,300000.0,2017-06-09,2017
Vineet Varma,Guidoo,round_737,Seed,300000.0,2017-06-09,2017
Nick Haulkoury,Guidoo,round_737,Seed,300000.0,2017-06-09,2017
Abhai S. Rao,Guidoo,round_737,Seed,300000.0,2017-06-09,2017
Dr Ramesh Ayyala,eSahai.in,round_738,Seed,250000.0,2017-06-09,2017
Satya Muthyala,eSahai.in,round_738,Seed,250000.0,2017-06-09,2017
Cao Yibin,Loanmeet,round_739,Seed,,2017-06-12,2017
Huang Wei,Loanmeet,round_739,Seed,,2017-06-12,2017
Madhusudan E,Loanmeet,round_739,Seed,,2017-06-12,2017
Yes Bank,LendingKart,round_740,Debt,7800000.0,2017-06-12,2017
Unicorn India Ventures,Boxx.ai,round_741,Private Equity,500000.0,2017-06-12,2017
Venky Krishnakumar,Boxx.ai,round_741,Private Equity,500000.0,2017-06-12,2017
Suresh Shankar,Boxx.ai,round_741,Private Equity,500000.0,2017-06-12,2017
Vivek Bhargava,Boxx.ai,round_741,Private Equity,500000.0,2017-06-12,2017
Venture Catalysts,PeeSafe.in,round_742,Private Equity,1000000.0,2017-06-12,2017
Alfa Capital,PeeSafe.in,round_742,Private Equity,1000000.0,2017-06-12,2017
Green Shots Capital,PeeSafe.in,round_742,Private Equity,1000000.0,2017-06-12,2017
Real Time Ventures,PeeSafe.in,round_742,Private Equity,1000000.0,2017-06-12,2017
Artha India Ventures,Vista Rooms,round_743,Seed,776000.0,2017-06-12,2017
Singularity Holdings,Vista Rooms,round_743,Seed,776000.0,2017-06-12,2017
Rajan Anandan,Vista Rooms,round_743,Seed,776000.0,2017-06-12,2017
Girish Mathrubootham,Vista Rooms,round_743,Seed,776000.0,2017-06-12,2017
Transamerica,CoverFox,round_744,Private Equity,15000000.0,2017-06-12,2017
Nexus Venture Partners,HyperTrack,round_745,Private Equity,,2017-06-13,2017
Founders Fund,HyperTrack,round_745,Private Equity,,2017-06-13,2017
Nexus Venture Partners,Goodera,round_746,Private Equity,5500000.0,2017-06-13,2017
Omidyar Network,Goodera,round_746,Private Equity,5500000.0,2017-06-13,2017
Fairfax Holdings,Digit,round_747,Private Equity,,2017-06-13,2017
Tekne Capital Management LLC,Ola,round_748,Private Equity,50000000.0,2017-06-14,2017
RB Investments,Vanitycask,round_749,Seed,,2017-06-14,2017
Sequoia India,MoneyTap,round_751,Private Equity,12300000.0,2017-06-15,2017
NEA,MoneyTap,round_751,Private Equity,12300000.0,2017-06-15,2017
Prime Venture Partners,MoneyTap,round_751,Private Equity,12300000.0,2017-06-15,2017
Nexus Venture Partners,Goodbox,round_752,Private Equity,1000000.0,2017-06-16,2017
Mekin Maheshwari,Goodbox,round_752,Private Equity,1000000.0,2017-06-16,2017
Mohammed Khan,Fincash,round_753,Seed,100000.0,2017-06-16,2017
Sameer Narayan & Others,Fincash,round_753,Seed,100000.0,2017-06-16,2017
Alphard Maritime Group,PortDesk,round_754,Seed,2000000.0,2017-06-16,2017
Cross Border Angels & Experts,EdgeFx,round_755,Seed,,2017-06-16,2017
Rajasthan Angel Innovators Network,EdgeFx,round_755,Seed,,2017-06-16,2017
The Chennai Angels,EdgeFx,round_755,Seed,,2017-06-16,2017
YouWeCan Ventures,EazyDiner,round_756,Seed,,2017-06-16,2017
BLIP Initiatives,HealthIntel,round_757,Seed,,2017-06-16,2017
Eight Roads Ventures,Unbxd,round_758,Private Equity,12500000.0,2017-06-19,2017
Lightspeed India Partners,DarwinBox,round_759,Private Equity,4000000.0,2017-06-19,2017
Endiya Partners,DarwinBox,round_759,Private Equity,4000000.0,2017-06-19,2017
3one4 Capital Advisors LLP,DarwinBox,round_759,Private Equity,4000000.0,2017-06-19,2017
Startupxseed Ventures LLP,DarwinBox,round_759,Private Equity,4000000.0,2017-06-19,2017
91maker.com,ForeverShop,round_760,Seed,300000.0,2017-06-20,2017
Paytm,Insider.in,round_761,Private Equity,5200000.0,2017-06-20,2017
IIFL Seed Ventures,Fynd,round_762,Private Equity,2400000.0,2017-06-21,2017
Kae Capital,Fynd,round_762,Private Equity,2400000.0,2017-06-21,2017
FJ Labs,Fynd,round_762,Private Equity,2400000.0,2017-06-21,2017
Singularity Ventures,Fynd,round_762,Private Equity,2400000.0,2017-06-21,2017
GrowX,Fynd,round_762,Private Equity,2400000.0,2017-06-21,2017
Tracxn Labs,Fynd,round_762,Private Equity,2400000.0,2017-06-21,2017
Axis Capital,Fynd,round_762,Private Equity,2400000.0,2017-06-21,2017
Manipal Education and Medical Group (MEMG),Grow Fit,round_763,Private Equity,4500000.0,2017-06-21,2017
SAR Group,Grow Fit,round_763,Private Equity,4500000.0,2017-06-21,2017
The Grover Trust,Grow Fit,round_763,Private Equity,4500000.0,2017-06-21,2017
iBhubs,Fabulyst,round_764,Seed,215000.0,2017-06-21,2017
UC-RNT Fund,mSwipe,round_765,Private Equity,31000000.0,2017-06-21,2017
"Matrix Partners, alcon Edge Capital",mSwipe,round_765,Private Equity,31000000.0,2017-06-21,2017
DSG Consumer Partners,mSwipe,round_765,Private Equity,31000000.0,2017-06-21,2017
Sequoia Capital,OneAssist,round_766,Private Equity,,2017-06-21,2017
General Catalyst,Julia Computing,round_767,Private Equity,4600000.0,2017-06-22,2017
Founder Collective,Julia Computing,round_767,Private Equity,4600000.0,2017-06-22,2017
Endiya Partners,Kissht,round_768,Private Equity,2000000.0,2017-06-22,2017
Ventureast,Kissht,round_768,Private Equity,2000000.0,2017-06-22,2017
Mekin Maheshwari,Explore Life traveling,round_769,Seed,500000.0,2017-06-22,2017
Bharat Vijay,Explore Life traveling,round_769,Seed,500000.0,2017-06-22,2017
Krish Seshadri,Explore Life traveling,round_769,Seed,500000.0,2017-06-22,2017
Amar Arsikere,Explore Life traveling,round_769,Seed,500000.0,2017-06-22,2017
Kae Capital,Loantap,round_770,Private Equity,4000000.0,2017-06-23,2017
India Quotient,Loantap,round_770,Private Equity,4000000.0,2017-06-23,2017
"IFMR, and MAS Financial Services Ltd",Loantap,round_770,Private Equity,4000000.0,2017-06-23,2017
Mohit Srivastav,HUG Innovations,round_772,Private Equity,5000000.0,2017-06-26,2017
Kishore Ganji,HUG Innovations,round_772,Private Equity,5000000.0,2017-06-26,2017
Venkat Vallabhaneni,HUG Innovations,round_772,Private Equity,5000000.0,2017-06-26,2017
Rajeev Menon,HUG Innovations,round_772,Private Equity,5000000.0,2017-06-26,2017
Naspers,Flipkart,round_773,Private Equity,71000000.0,2017-06-26,2017
Seedfund,V Resorts,round_774,Private Equity,4000000.0,2017-06-26,2017
RB International,V Resorts,round_774,Private Equity,4000000.0,2017-06-26,2017
Snow Leopard Ventures,Stashfin,round_775,Private Equity,5000000.0,2017-06-27,2017
Alto Partners,Stashfin,round_775,Private Equity,5000000.0,2017-06-27,2017
Gujarat Venture Finance Ltd,Formcept,round_776,Private Equity,,2017-06-27,2017
The Chennai Angels,Spares Hub,round_777,Seed,311000.0,2017-06-27,2017
Anthill Scale Ventures,Spares Hub,round_777,Seed,311000.0,2017-06-27,2017
Esvee Technologies Inc,Spares Hub,round_777,Seed,311000.0,2017-06-27,2017
Inc95 Consulting,Spares Hub,round_777,Seed,311000.0,2017-06-27,2017
Aparup Sengupta,FiTraQ,round_778,Seed,,2017-06-28,2017
Devendra Reddy,FiTraQ,round_778,Seed,,2017-06-28,2017
Kalaari Capital,Rubique,round_779,Private Equity,3000000.0,2017-06-28,2017
Udayan Goyal,Rubique,round_779,Private Equity,3000000.0,2017-06-28,2017
SAP.iO,Niki.ai,round_780,Private Equity,2000000.0,2017-06-28,2017
Unilazer Ventures,Niki.ai,round_780,Private Equity,2000000.0,2017-06-28,2017
Abhinav Bindra,Fitpass,round_781,Private Equity,1000000.0,2017-06-29,2017
Gaurav Marya,Fitpass,round_781,Private Equity,1000000.0,2017-06-29,2017
Zeta,ZingHR,round_782,Private Equity,,2017-06-29,2017
Vy Capital,UrbanClap,round_784,Private Equity,21000000.0,2017-06-30,2017
SAIF Partners,UrbanClap,round_784,Private Equity,21000000.0,2017-06-30,2017
Accel Partner,UrbanClap,round_784,Private Equity,21000000.0,2017-06-30,2017
Bessemer Venture Partners,UrbanClap,round_784,Private Equity,21000000.0,2017-06-30,2017
Clairvest Group,Ace2three,round_785,Private Equity,73700000.0,2017-05-01,2017
International Finance Corporation,Power2SME,round_786,Private Equity,10000000.0,2017-05-01,2017
Hyderabad Angels,Innovapptive,round_787,Seed,1500000.0,2017-05-02,2017
Accel Partners,4tigo,round_788,Private Equity,10000000.0,2017-05-02,2017
Nandan Nilekani,4tigo,round_788,Private Equity,10000000.0,2017-05-02,2017
Dutch government fund,SMECorner,round_789,Private Equity,,2017-05-02,2017
Falcon Edge Capital,Ola,round_791,Private Equity,104500000.0,2017-05-03,2017
\\xc2\\xa0 Capital Advisers,Ola,round_791,Private Equity,104500000.0,2017-05-03,2017
Asuka Holdings,Healthians,round_793,Private Equity,,2017-05-04,2017
YouWeCan Ventures,Healthians,round_793,Private Equity,,2017-05-04,2017
Beenext,Healthians,round_793,Private Equity,,2017-05-04,2017
Beenos,Healthians,round_793,Private Equity,,2017-05-04,2017
M&S Partners,Healthians,round_793,Private Equity,,2017-05-04,2017
Nimit Panigrahi,HealthMir,round_794,Seed,,2017-05-05,2017
Hinduja family,Uactive,round_795,Seed,,2017-05-05,2017
50K Ventures,i-lend,round_796,Seed,,2017-05-05,2017
Accel Partners,Good Methods Global,round_797,Private Equity,,2017-05-05,2017
Rainmatter,Balance App,round_798,Seed,233000.0,2017-05-05,2017
Rainbow Digital Services Pvt. Ltd,YepMe,round_799,Private Equity,700000.0,2017-05-08,2017
ILearnFinance Academy Pvt. Ltd.,YepMe,round_799,Private Equity,700000.0,2017-05-08,2017
Indian Angels Network,Nightstay,round_800,Seed,,2017-05-08,2017
LetsVenture,Nightstay,round_800,Seed,,2017-05-08,2017
Deepak Nathani,Devourin,round_801,Seed,,2017-05-08,2017
Ajay Relan,MyGreens,round_802,Seed,1000000.0,2017-05-08,2017
LetsVenture,MyGreens,round_802,Seed,1000000.0,2017-05-08,2017
Vertex Ventures,Ace Turtle,round_803,Private Equity,5000000.0,2017-05-08,2017
C31 Ventures,Ace Turtle,round_803,Private Equity,5000000.0,2017-05-08,2017
Trifecta Capital Advisors LLP,CureFit,round_804,Private Equity,3200000.0,2017-05-08,2017
Prathithi Investment Trust,CureFit,round_804,Private Equity,3200000.0,2017-05-08,2017
RNT Capital,CureFit,round_804,Private Equity,3200000.0,2017-05-08,2017
Gokul Rajaram,CureFit,round_804,Private Equity,3200000.0,2017-05-08,2017
Aditya Agarwal,CureFit,round_804,Private Equity,3200000.0,2017-05-08,2017
Ruchi Sanghvi & others,CureFit,round_804,Private Equity,3200000.0,2017-05-08,2017
Satoshi Studios,Curie Labs,round_805,Seed,50000.0,2017-05-09,2017
Anand Chandrasekaran,Uncanny Vision,round_806,Seed,,2017-05-09,2017
Luxasia Group,Anchanto,round_807,Private Equity,,2017-05-09,2017
GVFL,Sequretek,round_808,Private Equity,,2017-05-09,2017
Unicorn India Ventures,Sequretek,round_808,Private Equity,,2017-05-09,2017
Vellayan Subbiah,Lucideus,round_809,Seed,,2017-05-10,2017
Jonathan Boutelle,Lucideus,round_809,Seed,,2017-05-10,2017
Rajan Anandan,Lucideus,round_809,Seed,,2017-05-10,2017
\\xc2\\xa0 Rahul Chawla,Lucideus,round_809,Seed,,2017-05-10,2017
Salil Donde,Lucideus,round_809,Seed,,2017-05-10,2017
Amit Ranjan,Lucideus,round_809,Seed,,2017-05-10,2017
Govind Rajan & Others,Lucideus,round_809,Seed,,2017-05-10,2017
Times Internet,Vidooly,round_810,Private Equity,1400000.0,2017-05-10,2017
GVFL,Vidooly,round_810,Private Equity,1400000.0,2017-05-10,2017
InnoVen Capital,Shopclues,round_811,Private Equity,7700000.0,2017-05-10,2017
1Crowd,Fourth Ambit,round_812,Seed,600000.0,2017-05-10,2017
Varsha Rao,Chymera VR,round_813,Seed,,2017-05-10,2017
Surojit Chatterjee,Chymera VR,round_813,Seed,,2017-05-10,2017
Nirav Choksi & Others,Chymera VR,round_813,Seed,,2017-05-10,2017
DG Ventures India,Early Salary,round_814,Private Equity,4000000.0,2017-05-11,2017
Dewan Housing Finance Corp,Early Salary,round_814,Private Equity,4000000.0,2017-05-11,2017
Chirag Nikunj Sheth & Others,Book My Diamond,round_815,Seed,,2017-05-11,2017
Aakrit Vaish,ION Energy,round_816,Seed,,2017-05-11,2017
Swapan Rajdev,ION Energy,round_816,Seed,,2017-05-11,2017
Sushill Jiwarajka,ION Energy,round_816,Seed,,2017-05-11,2017
Impanix Capital,Legal Raasta,round_817,Private Equity,5000000.0,2017-05-12,2017
GEMs,Log 9 Materials,round_818,Seed,,2017-05-12,2017
Infibeam,Remit Guru,round_819,Private Equity,466000.0,2017-05-12,2017
CCavenue,Remit Guru,round_819,Private Equity,466000.0,2017-05-12,2017
IdeaSpring Capital,Zapty,round_821,Seed,500000.0,2017-05-15,2017
Kstart Capital,Vernacular.ai,round_822,Seed,,2017-05-15,2017
SAP,Niki.ai,round_823,Private Equity,,2017-05-16,2017
Innovations East,Telr,round_824,Private Equity,3000000.0,2017-05-16,2017
Rocketship,Fynd,round_825,Private Equity,500000.0,2017-05-16,2017
Jungle Ventures,Paysense,round_827,Private Equity,5300000.0,2017-05-17,2017
Ayesha Takia Azmi,The Good Life,round_828,Seed,1000000.0,2017-05-18,2017
Abu Farhan Azmi,The Good Life,round_828,Seed,1000000.0,2017-05-18,2017
Dr. Ritesh Malik,PumpKart,round_829,Seed,,2017-05-18,2017
SoftBank Group,Paytm,round_830,Private Equity,1400000000.0,2017-05-18,2017
Dheeraj Pandey,EzCred,round_831,Seed,1000000.0,2017-05-19,2017
Rajesh Yohannan,EzCred,round_831,Seed,1000000.0,2017-05-19,2017
Akash Garg,EzCred,round_831,Seed,1000000.0,2017-05-19,2017
Ankur Capital,HealthSutra,round_832,Seed,,2017-05-19,2017
Hyderabad Angels,HealthSutra,round_832,Seed,,2017-05-19,2017
Gokaldas Exports Ltd,YepMe,round_833,Private Equity,,2017-05-20,2017
Fosun International,Delhivery,round_834,Private Equity,30000000.0,2017-05-22,2017
JLL,ZipGrid,round_835,Seed,500000.0,2017-05-22,2017
1Crowd,ZipGrid,round_835,Seed,500000.0,2017-05-22,2017
Eagle10 Ventures,TravelSpice,round_836,Seed,,2017-05-23,2017
Lightspeed Venture Partners,Magicpin,round_837,Private Equity,6600000.0,2017-05-23,2017
Vy Capital,Magicpin,round_837,Private Equity,6600000.0,2017-05-23,2017
Ratan Tata,The Print,round_838,Seed,,2017-05-23,2017
Nandan Nilekani,The Print,round_838,Seed,,2017-05-23,2017
Uday Kotak,The Print,round_838,Seed,,2017-05-23,2017
Vijay Shekhar Sharma,The Print,round_838,Seed,,2017-05-23,2017
Kiran Mazumdar-Shaw,The Print,round_838,Seed,,2017-05-23,2017
Rajiv C Mody,The Print,round_838,Seed,,2017-05-23,2017
Trifecta Capital,Box8,round_839,Private Equity,1000000.0,2017-05-23,2017
Blue Orchard,Aye Finance,round_841,Private Equity,8000000.0,2017-05-25,2017
Lahiri Music\\xe2\\x80\\x99s family office,WhatsLoan,round_842,Seed,,2017-05-26,2017
PV Sahad,Nivesh,round_844,Seed,,2017-05-29,2017
Sandeep Shroff,Nivesh,round_844,Seed,,2017-05-29,2017
Rahul Gupta,Nivesh,round_844,Seed,,2017-05-29,2017
Carpediem Capital,Collateral Medical,round_846,Private Equity,3500000.0,2017-05-29,2017
Matrix Partners,Loadshare,round_847,Seed,,2017-05-30,2017
Soma Capital,Supr Daily,round_849,Private Equity,1500000.0,2017-05-30,2017
Great Oaks Ventures,Supr Daily,round_849,Private Equity,1500000.0,2017-05-30,2017
122 West Ventures,Supr Daily,round_849,Private Equity,1500000.0,2017-05-30,2017
Nasper,Swiggy,round_850,Private Equity,80000000.0,2017-05-30,2017
Accel India,Swiggy,round_850,Private Equity,80000000.0,2017-05-30,2017
SAIF Partners,Swiggy,round_850,Private Equity,80000000.0,2017-05-30,2017
Bessemer Venture Partners,Swiggy,round_850,Private Equity,80000000.0,2017-05-30,2017
Harmony Partners,Swiggy,round_850,Private Equity,80000000.0,2017-05-30,2017
Norwest Venture Partners,Swiggy,round_850,Private Equity,80000000.0,2017-05-30,2017
Rohto Pharmaceutical,SastaSundar,round_851,Private Equity,5000000.0,2017-05-31,2017
Lightspeed India Partners,Magicpin,round_852,Private Equity,7000000.0,2017-05-31,2017
Waterbridge Ventures,Magicpin,round_852,Private Equity,7000000.0,2017-05-31,2017
Mathew Cyriac,Cashe,round_853,Private Equity,3800000.0,2017-04-01,2017
Florintree Advisors,Cashe,round_853,Private Equity,3800000.0,2017-04-01,2017
Bertelsmann India,Eruditus,round_854,Private Equity,8200000.0,2017-04-03,2017
Matrix Partners India,TestBook,round_855,Private Equity,,2017-04-03,2017
Quadria Capital Advisors,Healthcare at Home,round_856,Private Equity,40000000.0,2017-04-03,2017
Rohitash Gupta,Tyre Express,round_857,Seed,,2017-04-03,2017
Unicorn India Ventures & Others,SmartCoin,round_858,Private Equity,,2017-04-03,2017
Aspada Investments,WayCool,round_859,Private Equity,2700000.0,2017-04-04,2017
Bessemer Venture Partners,Perfios,round_860,Private Equity,6100000.0,2017-04-04,2017
Stellaris Venture Partners,Whatfix,round_861,Private Equity,3690000.0,2017-04-04,2017
Helion Venture Partners,Whatfix,round_861,Private Equity,3690000.0,2017-04-04,2017
Powerhouse Ventures,Whatfix,round_861,Private Equity,3690000.0,2017-04-04,2017
Gokul Rajaram,Whatfix,round_861,Private Equity,3690000.0,2017-04-04,2017
Girish Mathrubootham,Whatfix,round_861,Private Equity,3690000.0,2017-04-04,2017
Aneesh Reddy,Whatfix,round_861,Private Equity,3690000.0,2017-04-04,2017
Vispi Daver,Whatfix,round_861,Private Equity,3690000.0,2017-04-04,2017
Kalaari Capital,ElastiRun,round_862,Private Equity,7000000.0,2017-04-04,2017
Norwest Venture Partners,ElastiRun,round_862,Private Equity,7000000.0,2017-04-04,2017
Keyur Joshi,Trukky,round_863,Seed,500000.0,2017-04-04,2017
Pavan Bakeri,Trukky,round_863,Seed,500000.0,2017-04-04,2017
Koen Bouwers,Konsult App,round_864,Seed,500000.0,2017-04-04,2017
Lomesh Agarwal,Konsult App,round_864,Seed,500000.0,2017-04-04,2017
Jeroen Mensen,Konsult App,round_864,Seed,500000.0,2017-04-04,2017
Pablo van den Bosch & Others,Konsult App,round_864,Seed,500000.0,2017-04-04,2017
Deepak Kulkarni,Credit Sudhaar,round_865,Seed,,2017-04-05,2017
Sandeep Pangal,Credit Sudhaar,round_865,Seed,,2017-04-05,2017
Zephyr Peacock India,Fingerlix,round_866,Private Equity,3000000.0,2017-04-05,2017
FreakOut Group,DataWeave,round_867,Private Equity,,2017-04-05,2017
Blume Ventures,DataWeave,round_867,Private Equity,,2017-04-05,2017
Herb Madan,DataWeave,round_867,Private Equity,,2017-04-05,2017
WaterBridge Ventures,DataWeave,round_867,Private Equity,,2017-04-05,2017
Mahindra Partners,Medwell Ventures,round_868,Private Equity,21000000.0,2017-04-06,2017
Eight Roads Ventures,Medwell Ventures,round_868,Private Equity,21000000.0,2017-04-06,2017
F-Prime Capital Partners,Medwell Ventures,round_868,Private Equity,21000000.0,2017-04-06,2017
Accel Partners,Mech Mocha,round_869,Private Equity,5000000.0,2017-04-06,2017
Shunwei Capital,Mech Mocha,round_869,Private Equity,5000000.0,2017-04-06,2017
YouWeCan Ventures,Startup Buddy,round_870,Seed,,2017-04-07,2017
Paytm,QorQI,round_871,Seed,,2017-04-07,2017
Ishwar Singh,Twenty Two Motors,round_872,Seed,,2017-04-07,2017
Farhaan Shabbir,Twenty Two Motors,round_872,Seed,,2017-04-07,2017
Bessemer Venture Partners,PharmEasy,round_873,Private Equity,18000000.0,2017-04-07,2017
Orios Venture Partners,PharmEasy,round_873,Private Equity,18000000.0,2017-04-07,2017
Trifecta Capital,PharmEasy,round_873,Private Equity,18000000.0,2017-04-07,2017
Labruyere Eberl\\xc3\\xa9,WonderChef,round_874,Private Equity,,2017-04-08,2017
Lightspeed India Partners,FastFox,round_875,Private Equity,4600000.0,2017-04-08,2017
Blume Ventures,FastFox,round_875,Private Equity,4600000.0,2017-04-08,2017
CyberAgent Ventures,FastFox,round_875,Private Equity,4600000.0,2017-04-08,2017
GrowX Ventures,FastFox,round_875,Private Equity,4600000.0,2017-04-08,2017
IMJ Investment Partners,FastFox,round_875,Private Equity,4600000.0,2017-04-08,2017
Rajan Anandan,Omnify,round_876,Seed,150000.0,2017-04-10,2017
L.D Sharma,Omnify,round_876,Seed,150000.0,2017-04-10,2017
Saurabh Arora,Omnify,round_876,Seed,150000.0,2017-04-10,2017
Mahindra and Mahindra Financial Services,Capital Float,round_877,Private Equity,2300000.0,2017-04-10,2017
Accel Partners,Ninjacart,round_878,Private Equity,5500000.0,2017-04-11,2017
Nandan Nilekani\\xe2\\x80\\x99s NRJN Trust,Ninjacart,round_878,Private Equity,5500000.0,2017-04-11,2017
Mistletoe,Ninjacart,round_878,Private Equity,5500000.0,2017-04-11,2017
Qualcomm Ventures,Ninjacart,round_878,Private Equity,5500000.0,2017-04-11,2017
M&S Partners,Ninjacart,round_878,Private Equity,5500000.0,2017-04-11,2017
Philippe Bouchet,MergerWare,round_879,Seed,100000.0,2017-04-11,2017
Sushil Kumar,Sports Flashes,round_880,Seed,,2017-04-11,2017
Sandeep Singh,Sports Flashes,round_880,Seed,,2017-04-11,2017
Ivycap Ventures Advisors,Clovia,round_881,Private Equity,4000000.0,2017-04-12,2017
Singularity Ventures and Ravi Dhariwal,Clovia,round_881,Private Equity,4000000.0,2017-04-12,2017
Mayfield,Emiza,round_882,Private Equity,4500000.0,2017-04-12,2017
Nishant Rao,Emiza,round_882,Private Equity,4500000.0,2017-04-12,2017
Dileep Nath,Emiza,round_882,Private Equity,4500000.0,2017-04-12,2017
DHI Group Inc,HackerEarth,round_883,Private Equity,4500000.0,2017-04-12,2017
Prime Venture Partners,HackerEarth,round_883,Private Equity,4500000.0,2017-04-12,2017
Beenext,HackerEarth,round_883,Private Equity,4500000.0,2017-04-12,2017
Beenos,HackerEarth,round_883,Private Equity,4500000.0,2017-04-12,2017
Digital Garage,HackerEarth,round_883,Private Equity,4500000.0,2017-04-12,2017
BizReach,HackerEarth,round_883,Private Equity,4500000.0,2017-04-12,2017
Blume Ventures,Squadrun,round_884,Private Equity,2100000.0,2017-04-12,2017
Contrarian Capital,Squadrun,round_884,Private Equity,2100000.0,2017-04-12,2017
91springboard,Squadrun,round_884,Private Equity,2100000.0,2017-04-12,2017
Emergent Ventures,Squadrun,round_884,Private Equity,2100000.0,2017-04-12,2017
Abstract Ventures,Squadrun,round_884,Private Equity,2100000.0,2017-04-12,2017
Anthill Ventures,Squadrun,round_884,Private Equity,2100000.0,2017-04-12,2017
Axilor Ventures,Squadrun,round_884,Private Equity,2100000.0,2017-04-12,2017
MAPE Advisory Group,Tinmen,round_885,Seed,,2017-04-12,2017
R Ramaraj,Tinmen,round_885,Seed,,2017-04-12,2017
Corvus Ventures,Tinmen,round_885,Seed,,2017-04-12,2017
Z Nation Lab,ScoutMyTrip,round_886,Seed,,2017-04-12,2017
Redcliffe Capital,SafetyKart,round_887,Private Equity,,2017-04-13,2017
Urrshila Kerkar,WeAreHolidays,round_888,Private Equity,7700000.0,2017-04-13,2017
SIMI Pacific Pte,Ola Cabs,round_889,Private Equity,260000000.0,2017-04-14,2017
mall Industries Development Bank of India (SIDBI),Myly,round_890,Seed,310000.0,2017-04-15,2017
Tolaram Inc,CrediHealth,round_891,Private Equity,1500000.0,2017-04-17,2017
Mountain Pine Capital,CrediHealth,round_891,Private Equity,1500000.0,2017-04-17,2017
Benori Ventures LLP,Navia Life Care,round_892,Seed,,2017-04-17,2017
Jacqueline Fernandez,Raw Pressery,round_893,Seed,,2017-04-17,2017
Nibhrant Shah,Snackible,round_894,Seed,175000.0,2017-04-17,2017
Anandbir Singh,Snackible,round_894,Seed,175000.0,2017-04-17,2017
Anirudh Sheth,Snackible,round_894,Seed,175000.0,2017-04-17,2017
Pratik Singhi,Snackible,round_894,Seed,175000.0,2017-04-17,2017
Vikram Mehta,Snackible,round_894,Seed,175000.0,2017-04-17,2017
Murali Nair,Snackible,round_894,Seed,175000.0,2017-04-17,2017
Gaurav Kachru,Be U Salons,round_895,Seed,620000.0,2017-04-17,2017
Sundeep Singh Sahni,Be U Salons,round_895,Seed,620000.0,2017-04-17,2017
Jatin Aneja,Be U Salons,round_895,Seed,620000.0,2017-04-17,2017
Arun Malhotra,Be U Salons,round_895,Seed,620000.0,2017-04-17,2017
Village Capital,Simulanis,round_896,Seed,,2017-04-17,2017
Anicut Capital,LendingKart,round_897,Private Equity,4650000.0,2017-04-17,2017
IndiaNivesh Venture Capital Fund,Innefu Security Consulting,round_898,Private Equity,2000000.0,2017-04-18,2017
Ideaspring Capital,Whodat,round_899,Private Equity,600000.0,2017-04-18,2017
Exfinity Venture Partners,Absentia VR,round_900,Private Equity,1250000.0,2017-04-18,2017
SIDBI Venture Capital Ltd,HolaChef,round_902,Private Equity,3000000.0,2017-04-20,2017
Kalaari Capital,HolaChef,round_902,Private Equity,3000000.0,2017-04-20,2017
Ankit Nagori,Wooplr,round_903,Private Equity,,2017-04-20,2017
Ravi Garikipati,Video Ken,round_904,Seed,1000000.0,2017-04-21,2017
Surot Chatterjee,Video Ken,round_904,Seed,1000000.0,2017-04-21,2017
Ashish Agrawal,Video Ken,round_904,Seed,1000000.0,2017-04-21,2017
LG Chandrasekhar,Video Ken,round_904,Seed,1000000.0,2017-04-21,2017
Sashi Reddi,Video Ken,round_904,Seed,1000000.0,2017-04-21,2017
Ligthbox Ventures II,Faasos,round_905,Private Equity,6300000.0,2017-04-24,2017
Lightbox Expansion Fund,Faasos,round_905,Private Equity,6300000.0,2017-04-24,2017
Sequoia Capital India,Faasos,round_905,Private Equity,6300000.0,2017-04-24,2017
RuNet South Asia,Faasos,round_905,Private Equity,6300000.0,2017-04-24,2017
RB Investments,Faasos,round_905,Private Equity,6300000.0,2017-04-24,2017
SoftBank Vision Fund,Oyo Rooms,round_906,Private Equity,250000000.0,2017-04-24,2017
Lightspeed Venture Partners,Oyo Rooms,round_906,Private Equity,250000000.0,2017-04-24,2017
Sequoia Capital India Advisors,Oyo Rooms,round_906,Private Equity,250000000.0,2017-04-24,2017
Greenoaks Capital Partners,Oyo Rooms,round_906,Private Equity,250000000.0,2017-04-24,2017
WGG International,Toppr,round_907,Private Equity,3200000.0,2017-04-24,2017
pi Ventures,Niramai,round_908,Seed,,2017-04-24,2017
Axilor Ventures,Niramai,round_908,Seed,,2017-04-24,2017
500 Startups,Niramai,round_908,Seed,,2017-04-24,2017
Binny Bansal,Niramai,round_908,Seed,,2017-04-24,2017
Arun Tadanki,The Office Pass,round_909,Seed,245000.0,2017-04-25,2017
Aditya Verma,The Office Pass,round_909,Seed,245000.0,2017-04-25,2017
Trifecta Capital,UrbanClap,round_910,Private Equity,3100000.0,2017-04-25,2017
Sequoia India,Awfis,round_911,Private Equity,20000000.0,2017-04-26,2017
Times Internet,Myra,round_912,Private Equity,,2017-04-26,2017
Matrix Partners,Myra,round_912,Private Equity,,2017-04-26,2017
DAH Beteiligungs GmbH,Flytxt,round_913,Private Equity,11000000.0,2017-04-26,2017
S. Xavier Britto,Howdy Ventures,round_914,Seed,1500000.0,2017-04-26,2017
Trifecta Capital,StalkBuyLove,round_915,Private Equity,1000000.0,2017-04-26,2017
Orios Ventures Partners,ZipGo,round_916,Private Equity,,2017-04-26,2017
Team Builder Ventures,ZipGo,round_916,Private Equity,,2017-04-26,2017
Omidyar Networks,ZipGo,round_916,Private Equity,,2017-04-26,2017
Agnus Capital,Scootsy,round_917,Private Equity,3600000.0,2017-04-27,2017
Khattar Holdings,Scootsy,round_917,Private Equity,3600000.0,2017-04-27,2017
GardX International,Autobix,round_918,Seed,,2017-04-27,2017
Cross Border Angels & Experts,eShiksha,round_919,Seed,,2017-04-27,2017
BlackSoil Capital Pvt. Ltd,iNurture,round_920,Private Equity,1500000.0,2017-04-27,2017
Accel Partners,Sepalika,round_921,Seed,750000.0,2017-04-28,2017
Poshika Financial Ecosystem,Mintwalk,round_922,Seed,,2017-04-28,2017
NB Ventures,Qriyo,round_923,Private Equity,,2017-04-29,2017
SoftBank Group Corp,Ola,round_924,Private Equity,330000000.0,2017-03-01,2017
Sequoia Capital India,Belong,round_925,Private Equity,10000000.0,2017-03-01,2017
Calcutta Angels Network (CAN),Seenit,round_926,Seed,,2017-03-01,2017
Augment Ventures,Seenit,round_926,Seed,,2017-03-01,2017
Vishwadeep Bajaj,Paalak,round_927,Seed,,2017-03-01,2017
Harsh Kundra,Paalak,round_927,Seed,,2017-03-01,2017
Nandkumar Rane,Paalak,round_927,Seed,,2017-03-01,2017
LN Buddharaju,Paalak,round_927,Seed,,2017-03-01,2017
Anupam Tyagi,Paalak,round_927,Seed,,2017-03-01,2017
Ventureast,Celes Care,round_928,Private Equity,1500000.0,2017-03-02,2017
Endiya Partners,Celes Care,round_928,Private Equity,1500000.0,2017-03-02,2017
Eight Roads Ventures,Celes Care,round_928,Private Equity,1500000.0,2017-03-02,2017
F-Prime Capital Partners,Celes Care,round_928,Private Equity,1500000.0,2017-03-02,2017
Ideaspring Capital,Karomi,round_929,Seed,500000.0,2017-03-02,2017
Lightspeed Venture Partners,Red Carpet,round_930,Private Equity,2500000.0,2017-03-02,2017
Langoor,Kreate Konnect,round_931,Seed,,2017-03-02,2017
Quona Capital,CreditMantri,round_932,Private Equity,7600000.0,2017-03-02,2017
Chandigarh Angels Network,Lets Endorse,round_933,Seed,,2017-03-03,2017
Social Alpha and other unnamed angel investors,Lets Endorse,round_933,Seed,,2017-03-03,2017
Bhupen Shah,Tydy,round_934,Seed,275000.0,2017-03-03,2017
Jayesh Parekh,Tydy,round_934,Seed,275000.0,2017-03-03,2017
Sanjay Sathe,Tydy,round_934,Seed,275000.0,2017-03-03,2017
Sandeep Aggarwal,Nactus,round_935,Seed,,2017-03-03,2017
Gautam Chhaochharia,Nactus,round_935,Seed,,2017-03-03,2017
R Balachandar,Nactus,round_935,Seed,,2017-03-03,2017
Bennett,Oho Shop,round_936,Private Equity,6700000.0,2017-03-03,2017
Coleman and Company Ltd,Oho Shop,round_936,Private Equity,6700000.0,2017-03-03,2017
Undisclosed angel investors,Emojifi,round_937,Seed,,2017-03-03,2017
Alibaba,Paytm Marketplace,round_938,Private Equity,200000000.0,2017-03-03,2017
CDC Group Plc,iGenetics,round_939,Private Equity,19500000.0,2017-03-04,2017
Atul Nishar,Juno Clinic,round_940,Seed,1200000.0,2017-03-06,2017
Aneesh Seth,Summerlabel,round_941,Seed,150000.0,2017-03-06,2017
Tushar Mittal,Summerlabel,round_941,Seed,150000.0,2017-03-06,2017
SIDBI Venture Capital Fund,PickMe,round_942,Private Equity,1790000.0,2017-03-06,2017
Accel Partners,Agrostar,round_943,Private Equity,10000000.0,2017-03-07,2017
Star India Pvt Ltd,Zapr,round_944,Private Equity,10000000.0,2017-03-07,2017
IDFC Parampara Early Stage Opportunities Fund,Data Resolve,round_945,Private Equity,1000000.0,2017-03-07,2017
National Science and Technology Entrepreneurship Development Board,Book Servicing,round_946,Seed,30000.0,2017-03-07,2017
IDG Ventures India,Blowhorn,round_947,Private Equity,3650000.0,2017-03-07,2017
Michael & Susan Dell Foundation,Blowhorn,round_947,Private Equity,3650000.0,2017-03-07,2017
Draper Associates,Blowhorn,round_947,Private Equity,3650000.0,2017-03-07,2017
Unitus Seed Fund,Blowhorn,round_947,Private Equity,3650000.0,2017-03-07,2017
Private Sector Banks (Debt Funding),Rivigo,round_948,Private Equity,15000000.0,2017-03-08,2017
IDG ventures,PipeCandy,round_949,Seed,1100000.0,2017-03-08,2017
Axilor Ventures,PipeCandy,round_949,Seed,1100000.0,2017-03-08,2017
Emergent Ventures,PipeCandy,round_949,Seed,1100000.0,2017-03-08,2017
Indian Angel Network,PipeCandy,round_949,Seed,1100000.0,2017-03-08,2017
Y Combinator,Supr Daily,round_950,Seed,120000.0,2017-03-08,2017
Kae Capital,Parentune,round_951,Private Equity,,2017-03-08,2017
SEGNEL Ventures,Parentune,round_951,Private Equity,,2017-03-08,2017
Deepak Gurnani,AppBrowzer,round_952,Seed,500000.0,2017-03-09,2017
Times Internet Ltd,MagicBricks,round_953,Private Equity,4500000.0,2017-03-09,2017
Indian Angel Network,PeeBuddy,round_954,Seed,443000.0,2017-03-10,2017
Singapore Angel Network,iOrderFresh,round_955,Seed,,2017-03-10,2017
Ideaspring Capital,Lavelle Networks,round_956,Seed,600000.0,2017-03-10,2017
Asuka,PropertyShare,round_957,Seed,,2017-03-10,2017
Pravega Ventures,PropertyShare,round_957,Seed,,2017-03-10,2017
BEENEXT,PropertyShare,round_957,Seed,,2017-03-10,2017
Cyber Carrier,MyDermacy,round_958,Private Equity,,2017-03-14,2017
Florintree,LatestOne,round_959,Private Equity,3350000.0,2017-03-15,2017
Mathew Cyriac,LatestOne,round_959,Private Equity,3350000.0,2017-03-15,2017
Chidambaram Palaniappan,LatestOne,round_959,Private Equity,3350000.0,2017-03-15,2017
Bharat Sheth,LatestOne,round_959,Private Equity,3350000.0,2017-03-15,2017
IDG Ventures,mPaani,round_961,Private Equity,1350000.0,2017-03-16,2017
Blume Ventures,mPaani,round_961,Private Equity,1350000.0,2017-03-16,2017
Saha Fund,mPaani,round_961,Private Equity,1350000.0,2017-03-16,2017
Puneet Gupta,ShilpMIS,round_962,Seed,,2017-03-16,2017
Nimitt Desai & Others,ShilpMIS,round_962,Seed,,2017-03-16,2017
GREE Ventures,POPxo,round_963,Private Equity,3100000.0,2017-03-16,2017
Kalaari Capital and IDG Ventures India,POPxo,round_963,Private Equity,3100000.0,2017-03-16,2017
Summit Media,POPxo,round_963,Private Equity,3100000.0,2017-03-16,2017
"Atul Goel, and Gurpreet Singh",POPxo,round_963,Private Equity,3100000.0,2017-03-16,2017
Sujeet Kumar,Fitso,round_964,Seed,200000.0,2017-03-16,2017
Bhupender Singh,Fitso,round_964,Seed,200000.0,2017-03-16,2017
Yashish Dhaiya,Fitso,round_964,Seed,200000.0,2017-03-16,2017
Indian Angel Network,FarMart,round_965,Seed,,2017-03-17,2017
"Microsoft, eBay",Flipkart,round_966,Private Equity,1400000000.0,2017-03-21,2017
Tencent Holdings,Flipkart,round_966,Private Equity,1400000000.0,2017-03-21,2017
Kalaari Capital,Airpay,round_967,Private Equity,3670000.0,2017-03-21,2017
Rakesh and Rajesh Jhunjhunwala,Airpay,round_967,Private Equity,3670000.0,2017-03-21,2017
L\\xe2\\x80\\x99Occitane,MyGlamm,round_968,Private Equity,5300000.0,2017-03-21,2017
Shripad Nadkarni,The Mons Co.,round_969,Seed,,2017-03-22,2017
Nandu Nandkishore,The Mons Co.,round_969,Seed,,2017-03-22,2017
Ravi Saxena,Haqdarshak,round_970,Seed,191000.0,2017-03-22,2017
Sandeep Raju,Haqdarshak,round_970,Seed,191000.0,2017-03-22,2017
Sequoia Capital,Ixigo,round_971,Private Equity,15000000.0,2017-03-23,2017
Kinzon Capital,Ixigo,round_971,Private Equity,15000000.0,2017-03-23,2017
FTV Capital,Markets and Markets,round_972,Private Equity,56000000.0,2017-03-23,2017
Zodius Capital,Markets and Markets,round_972,Private Equity,56000000.0,2017-03-23,2017
Ojas Ventures,Bizom,round_973,Seed,382000.0,2017-03-24,2017
Mahavir Sharma,BabyonBoard,round_974,Seed,,2017-03-24,2017
Vishal Jain,BabyonBoard,round_974,Seed,,2017-03-24,2017
Rohit Sethi,BabyonBoard,round_974,Seed,,2017-03-24,2017
Gaurav Luniya,BabyonBoard,round_974,Seed,,2017-03-24,2017
Carlyle Group,Delhivery,round_975,Private Equity,100000000.0,2017-03-24,2017
Tiger Global,Delhivery,round_975,Private Equity,100000000.0,2017-03-24,2017
Vikas Bajaj,Sport Flashes,round_976,Seed,,2017-03-27,2017
Amit Kharbanda,Sport Flashes,round_976,Seed,,2017-03-27,2017
Venture Catalysts,Fynd,round_977,Private Equity,500000.0,2017-03-28,2017
3one4 capital,Wigzo,round_978,Private Equity,,2017-03-28,2017
Brand Capital,DoneThing,round_979,Private Equity,300000.0,2017-03-28,2017
Ankit Gupta,Ithaka,round_981,Seed,325000.0,2017-03-29,2017
Puneet Motihar,Ithaka,round_981,Seed,325000.0,2017-03-29,2017
KStart Capital,perpule,round_982,Seed,650000.0,2017-03-29,2017
Verlinvest,Byju\\xe2\\x80\\x99s,round_983,Private Equity,,2017-03-29,2017
Mayfield India,Licious,round_984,Private Equity,10000000.0,2017-03-29,2017
3one4 Capital,Licious,round_984,Private Equity,10000000.0,2017-03-29,2017
Sistema Asia Fund,Licious,round_984,Private Equity,10000000.0,2017-03-29,2017
Neoplux Technology Fund,Licious,round_984,Private Equity,10000000.0,2017-03-29,2017
Vinod Martin,Medinfi,round_985,Seed,50000.0,2017-03-29,2017
Hemant Kaul,Medinfi,round_985,Seed,50000.0,2017-03-29,2017
Prof. Ram Kumar Kakani & Others,Medinfi,round_985,Seed,50000.0,2017-03-29,2017
JSW Ventures,Indus OS,round_986,Private Equity,,2017-03-30,2017
VenturEast,Indus OS,round_986,Private Equity,,2017-03-30,2017
Meher Roy,Emflux Motors,round_987,Seed,,2017-03-30,2017
Nikhil Arora,Emflux Motors,round_987,Seed,,2017-03-30,2017
Meet Kanodia,Emflux Motors,round_987,Seed,,2017-03-30,2017
Krit Sankalp,Emflux Motors,round_987,Seed,,2017-03-30,2017
Nitish Singh,Emflux Motors,round_987,Seed,,2017-03-30,2017
Risabh Gupta,Emflux Motors,round_987,Seed,,2017-03-30,2017
Om Chaudhry,Klinic App,round_988,Seed,,2017-03-30,2017
Malini Patel,Jhakaas,round_989,Seed,155000.0,2017-03-31,2017
Stelcore Management Services,Jhakaas,round_989,Seed,155000.0,2017-03-31,2017
Anjani Prasad,Jhakaas,round_989,Seed,155000.0,2017-03-31,2017
Samridhi Fund,Oriano Solar,round_990,Private Equity,3000000.0,2017-03-31,2017
Trifecta Capital,BigBasket,round_991,Private Equity,7000000.0,2017-03-31,2017
Intex Technologies,Rooter,round_992,Private Equity,,2017-03-31,2017
Satveer Thakral,FalconBrick,round_993,Seed,,2017-03-31,2017
LetsVenture,FalconBrick,round_993,Seed,,2017-03-31,2017
Mumbai Angels,FalconBrick,round_993,Seed,,2017-03-31,2017
B Capital Group,Icertis,round_994,Private Equity,25000000.0,2017-03-31,2017
Ignition Partners,Icertis,round_994,Private Equity,25000000.0,2017-03-31,2017
"Greycroft, e.ventures",Icertis,round_994,Private Equity,25000000.0,2017-03-31,2017
\\xc2\\xa0 Eight Roads Ventures,Icertis,round_994,Private Equity,25000000.0,2017-03-31,2017
Satya D Sinha,Stockroom.io,round_996,Seed,,2017-02-03,2017
Gyanendra Singh,Stockroom.io,round_996,Seed,,2017-02-03,2017
IFMR Capital Finance,Capital Float,round_997,Private Equity,2500000.0,2017-02-06,2017
Jaarvis Accelerator,iManageMyHotel,round_998,Seed,,2017-02-06,2017
Batlivala & Karani Securities,Inner Hour,round_999,Seed,450000.0,2017-02-07,2017
Venture Works,Inner Hour,round_999,Seed,450000.0,2017-02-07,2017
RB Investments,Travel Triangle,round_1000,Private Equity,10000000.0,2017-02-07,2017
SAIF Partners,Travel Triangle,round_1000,Private Equity,10000000.0,2017-02-07,2017
Bessemer Venture Partners,Travel Triangle,round_1000,Private Equity,10000000.0,2017-02-07,2017
Earlsfield Capital,Wandertrails,round_1001,Seed,1000000.0,2017-02-08,2017
pi Ventures,Zenatix,round_1002,Private Equity,1200000.0,2017-02-08,2017
Blume Ventures,Zenatix,round_1002,Private Equity,1200000.0,2017-02-08,2017
Temasek Holdings,Cartrade,round_1003,Private Equity,55000000.0,2017-02-08,2017
Japan Vyas,MindYourFleet,round_1004,Seed,,2017-02-08,2017
Tarun Adlakha,MindYourFleet,round_1004,Seed,,2017-02-08,2017
Facebook FB Start programme,Edurev,round_1005,Seed,40000.0,2017-02-08,2017
RB Investments,Voonik,round_1006,Private Equity,6000000.0,2017-02-09,2017
Sequoia Capital,Voonik,round_1006,Private Equity,6000000.0,2017-02-09,2017
Ganesh Natarajan,1Crowd,round_1007,Seed,,2017-02-09,2017
Sistema Asia Fund,Wooplr,round_1008,Private Equity,8000000.0,2017-02-09,2017
Amereus Group,Wooplr,round_1008,Private Equity,8000000.0,2017-02-09,2017
Helion Ventures,Wooplr,round_1008,Private Equity,8000000.0,2017-02-09,2017
Al Dhaheri family,48East,round_1009,Private Equity,500000.0,2017-02-10,2017
ThinQbate,Redesyn,round_1010,Seed,,2017-02-10,2017
Accel Partners,Sigtuple,round_1011,Private Equity,5800000.0,2017-02-13,2017
IDG Ventures,Sigtuple,round_1011,Private Equity,5800000.0,2017-02-13,2017
"Endiya Partners, pi Ventures",Sigtuple,round_1011,Private Equity,5800000.0,2017-02-13,2017
VH Capital,Sigtuple,round_1011,Private Equity,5800000.0,2017-02-13,2017
Axilor Partners,Sigtuple,round_1011,Private Equity,5800000.0,2017-02-13,2017
Vertex Ventures,Flutura,round_1012,Private Equity,7500000.0,2017-02-13,2017
Lumis Partners,Flutura,round_1012,Private Equity,7500000.0,2017-02-13,2017
Anil Jain & other HNIs,Wassup,round_1013,Private Equity,3200000.0,2017-02-13,2017
Kleiner Perkins,Better Mortgage,round_1014,Private Equity,15000000.0,2017-02-13,2017
Goldman Sachs,Better Mortgage,round_1014,Private Equity,15000000.0,2017-02-13,2017
Pine Brook,Better Mortgage,round_1014,Private Equity,15000000.0,2017-02-13,2017
Mohit Joshi & Others,Nurturey,round_1015,Seed,330000.0,2017-02-13,2017
Pravega Ventures,Fyle,round_1016,Seed,400000.0,2017-02-13,2017
Mahalingam K,GoBumpr,round_1017,Seed,300000.0,2017-02-14,2017
Girish Mathrubootham,GoBumpr,round_1017,Seed,300000.0,2017-02-14,2017
Infibeam,CCAvenue,round_1018,Private Equity,22400000.0,2017-02-14,2017
Vikram Sud,Connaizen,round_1019,Seed,,2017-02-14,2017
Vijay Shekhar Sharma,Innov8,round_1020,Seed,,2017-02-15,2017
Rajan Anandan,Innov8,round_1020,Seed,,2017-02-15,2017
Kunal Shah,Innov8,round_1020,Seed,,2017-02-15,2017
Girish Mathrubootham,Innov8,round_1020,Seed,,2017-02-15,2017
Punit Soni,Innov8,round_1020,Seed,,2017-02-15,2017
Anand Chandrasekaran,Innov8,round_1020,Seed,,2017-02-15,2017
Sunil Kalra,Innov8,round_1020,Seed,,2017-02-15,2017
Utsav Somani,Innov8,round_1020,Seed,,2017-02-15,2017
Vishal Gondal,Innov8,round_1020,Seed,,2017-02-15,2017
Vikram Limaye,Innov8,round_1020,Seed,,2017-02-15,2017
PayU,ZestMoney,round_1021,Private Equity,6500000.0,2017-02-15,2017
Ribbit Capital,ZestMoney,round_1021,Private Equity,6500000.0,2017-02-15,2017
Omidyar Network,ZestMoney,round_1021,Private Equity,6500000.0,2017-02-15,2017
Quake Capital,AirZaar,round_1022,Seed,350000.0,2017-02-15,2017
Shunwei Capital,Truebil,round_1023,Private Equity,3000000.0,2017-02-16,2017
Kalaari Capital Partners,YourStory,round_1024,Private Equity,3000000.0,2017-02-16,2017
Qualcomm,YourStory,round_1024,Private Equity,3000000.0,2017-02-16,2017
3ONE4 Capital Advisors,YourStory,round_1024,Private Equity,3000000.0,2017-02-16,2017
UC-RNT,YourStory,round_1024,Private Equity,3000000.0,2017-02-16,2017
SRI Capital,Imaginate,round_1025,Seed,500000.0,2017-02-17,2017
Aprameya Radhakrishna,The Ken,round_1026,Seed,400000.0,2017-02-17,2017
Deepak Natraj,The Ken,round_1026,Seed,400000.0,2017-02-17,2017
Girish Mathrubootham,The Ken,round_1026,Seed,400000.0,2017-02-17,2017
Mahesh Murthy,The Ken,round_1026,Seed,400000.0,2017-02-17,2017
Pallav Nadhani,The Ken,round_1026,Seed,400000.0,2017-02-17,2017
Pavan Ongole,The Ken,round_1026,Seed,400000.0,2017-02-17,2017
Sandeep Mathur,The Ken,round_1026,Seed,400000.0,2017-02-17,2017
Vijay Shekhar Sharma & Others,The Ken,round_1026,Seed,400000.0,2017-02-17,2017
Kalaari Capital,Urban Ladder,round_1027,Private Equity,15200000.0,2017-02-17,2017
SAIF Partners,Urban Ladder,round_1027,Private Equity,15200000.0,2017-02-17,2017
Steadview Capital,Urban Ladder,round_1027,Private Equity,15200000.0,2017-02-17,2017
Sequoia Capital,Urban Ladder,round_1027,Private Equity,15200000.0,2017-02-17,2017
Konglo Ventures,Aisle,round_1028,Seed,,2017-02-17,2017
White Unicorn Ventures,Aisle,round_1028,Seed,,2017-02-17,2017
LetsVenture,Aisle,round_1028,Seed,,2017-02-17,2017
BookMyShow,TownScript,round_1029,Private Equity,,2017-02-17,2017
Facebook FBStart,Leopetra,round_1030,Seed,40000.0,2017-02-17,2017
Facebook FBStart,Blood n Care,round_1031,Seed,40000.0,2017-02-18,2017
Bennett,Flipkart,round_1032,Private Equity,38700000.0,2017-02-20,2017
Coleman and Co. Ltd (BCCL),Flipkart,round_1032,Private Equity,38700000.0,2017-02-20,2017
Softbank Ventures Korea,True Balance,round_1033,Private Equity,15000000.0,2017-02-21,2017
IMM Investment,True Balance,round_1033,Private Equity,15000000.0,2017-02-21,2017
Facebook FBStart,Vebbler,round_1034,Seed,40000.0,2017-02-22,2017
Indian Angel Network (IAN),Get My Parking,round_1035,Private Equity,1100000.0,2017-02-23,2017
BEENEXT,Get My Parking,round_1035,Private Equity,1100000.0,2017-02-23,2017
The Chennai Angels,Get My Parking,round_1035,Private Equity,1100000.0,2017-02-23,2017
Sunil Munjal,Get My Parking,round_1035,Private Equity,1100000.0,2017-02-23,2017
Kunal Shah,Lets Reap,round_1036,Seed,,2017-02-23,2017
Sandeep Tandon,Lets Reap,round_1036,Seed,,2017-02-23,2017
Nitin Saluja,Lets Reap,round_1036,Seed,,2017-02-23,2017
Gagan Goyal,Lets Reap,round_1036,Seed,,2017-02-23,2017
Pankaj Rungta,Oglas,round_1037,Seed,,2017-02-24,2017
Yogesh Agarwal,Oglas,round_1037,Seed,,2017-02-24,2017
Ishan Manaktala,Staydobe,round_1038,Seed,,2017-02-27,2017
Chandigarh Angels,Biryani By Kilo,round_1039,Seed,375000.0,2017-02-27,2017
Ashish Gupta,Biryani By Kilo,round_1039,Seed,375000.0,2017-02-27,2017
Rohit,Biryani By Kilo,round_1039,Seed,375000.0,2017-02-27,2017
Ashish Chand,Biryani By Kilo,round_1039,Seed,375000.0,2017-02-27,2017
Sunil Singh & Others,Biryani By Kilo,round_1039,Seed,375000.0,2017-02-27,2017
Brand Capital,NeoStencil,round_1041,Private Equity,1000000.0,2017-02-28,2017
Paragon Trust,NeoStencil,round_1041,Private Equity,1000000.0,2017-02-28,2017
Sands Capital,Blackbuck,round_1042,Private Equity,70000000.0,2017-02-28,2017
IFC,Blackbuck,round_1042,Private Equity,70000000.0,2017-02-28,2017
Accel Partners,Blackbuck,round_1042,Private Equity,70000000.0,2017-02-28,2017
Flipkart,Blackbuck,round_1042,Private Equity,70000000.0,2017-02-28,2017
Sanjiv Rangrass,Blackbuck,round_1042,Private Equity,70000000.0,2017-02-28,2017
TV Mohandas Pai,TaxSutra,round_1043,Seed,366000.0,2017-01-02,2017
V Balakrishnan,TaxSutra,round_1043,Seed,366000.0,2017-01-02,2017
PV Srinivasan,TaxSutra,round_1043,Seed,366000.0,2017-01-02,2017
K2 Capital,TempoGo,round_1044,Seed,825000.0,2017-01-03,2017
Anand Chandrasekaran,GoFynd,round_1045,Seed,,2017-01-03,2017
Rajiv Mehta,GoFynd,round_1045,Seed,,2017-01-03,2017
Ramakant Sharma,GoFynd,round_1045,Seed,,2017-01-03,2017
Vishal Malik,Vow Car Clinic,round_1046,Seed,,2017-01-03,2017
Kae Capital,LearnTron,round_1047,Seed,,2017-01-04,2017
DanGold Investment Corp,MobiDent,round_1048,Private Equity,,2017-01-05,2017
Marico Innovation Foundation (MIF),Yostra,round_1049,Private Equity,,2017-01-05,2017
Villgro,Yostra,round_1049,Private Equity,,2017-01-05,2017
India Nivesh Growth Fund,Leap India,round_1050,Private Equity,13000000.0,2017-01-06,2017
Sixth Sense,Leap India,round_1050,Private Equity,13000000.0,2017-01-06,2017
TCI Ventures,Leap India,round_1050,Private Equity,13000000.0,2017-01-06,2017
Jasper Infotech Pvt Ltd,FreeCharge,round_1051,Private Equity,57000000.0,2017-01-07,2017
Alibaba Pictures,TicketNew,round_1052,Private Equity,35000000.0,2017-01-09,2017
BlackSoil Capital Pvt Ltd,Intelligence Node,round_1053,Private Equity,800000.0,2017-01-10,2017
Mayfield India,Securens,round_1054,Private Equity,5000000.0,2017-01-10,2017
Trifecta Capital,Securens,round_1054,Private Equity,5000000.0,2017-01-10,2017
Vedanta Capital,Loan Frame,round_1055,Private Equity,2250000.0,2017-01-10,2017
William Campbell,Loan Frame,round_1055,Private Equity,2250000.0,2017-01-10,2017
Toos N Daruvala,Loan Frame,round_1055,Private Equity,2250000.0,2017-01-10,2017
Aavya Ventures,DriveSkool,round_1056,Seed,,2017-01-10,2017
Vinod Martin,Medinfi,round_1057,Seed,100000.0,2017-01-10,2017
Evan Lim,Medinfi,round_1057,Seed,100000.0,2017-01-10,2017
Kanchan Ghoshal,Medinfi,round_1057,Seed,100000.0,2017-01-10,2017
Ram Kumar Kakani,Medinfi,round_1057,Seed,100000.0,2017-01-10,2017
Ronnie Screwvala,LensKart,round_1058,Private Equity,3500000.0,2017-01-10,2017
Zishaan Hayath,InstaOffice,round_1059,Seed,,2017-01-11,2017
Karan Chellani,InstaOffice,round_1059,Seed,,2017-01-11,2017
Mohit Satyan,InstaOffice,round_1059,Seed,,2017-01-11,2017
IDG Ventures,Hansel.io,round_1060,Private Equity,1350000.0,2017-01-12,2017
Endiya Partners,Hansel.io,round_1060,Private Equity,1350000.0,2017-01-12,2017
Lohia Group,Square Yards,round_1061,Private Equity,10000000.0,2017-01-12,2017
Andre Hoffman,Square Yards,round_1061,Private Equity,10000000.0,2017-01-12,2017
Deutsche Telekom Strategic Investments & Others,Roambee,round_1062,Private Equity,4100000.0,2017-01-13,2017
Vividhity Ventures,PaisaWapas,round_1063,Seed,,2017-01-13,2017
Blume Ventures,iService,round_1064,Seed,440000.0,2017-01-13,2017
Girish Mathrubootham,iService,round_1064,Seed,440000.0,2017-01-13,2017
Aprameya Radhakrishna,iService,round_1064,Seed,440000.0,2017-01-13,2017
Nexus Venture Partners,Unacademy,round_1065,Private Equity,4500000.0,2017-01-14,2017
Blume Ventures,Unacademy,round_1065,Private Equity,4500000.0,2017-01-14,2017
Axilor Ventures,SecururAX,round_1066,Private Equity,,2017-01-14,2017
Parampara Early Stage Opportunities Fund & Others,SecururAX,round_1066,Private Equity,,2017-01-14,2017
Harsh V. Pant,Leadburg,round_1067,Seed,,2017-01-16,2017
Ratheesh Raveendran,Leadburg,round_1067,Seed,,2017-01-16,2017
Nexus Venture Partners,ZoloStays,round_1068,Private Equity,5000000.0,2017-01-16,2017
Innoven Capital,ZoloStays,round_1068,Private Equity,5000000.0,2017-01-16,2017
Quarizon,Oi Media,round_1069,Seed,,2017-01-16,2017
Menterra Social Impact Fund,Curiositi,round_1071,Private Equity,800000.0,2017-01-17,2017
Unitus Seed Fund,Curiositi,round_1071,Private Equity,800000.0,2017-01-17,2017
Flipkart,TinyStep,round_1072,Private Equity,2000000.0,2017-01-17,2017
Tencent,Practo,round_1073,Private Equity,55000000.0,2017-01-17,2017
\\xc2\\xa0 ru-Net,Practo,round_1073,Private Equity,55000000.0,2017-01-17,2017
RSI Fund,Practo,round_1073,Private Equity,55000000.0,2017-01-17,2017
Thrive Capital,Practo,round_1073,Private Equity,55000000.0,2017-01-17,2017
India Quotient and others,Ketchupp,round_1074,Seed,441000.0,2017-01-17,2017
Ajith Nair,Ezytruk,round_1076,Seed,147000.0,2017-01-17,2017
Anish K,Ezytruk,round_1076,Seed,147000.0,2017-01-17,2017
Amajit Gupta,Kratikal,round_1077,Seed,,2017-01-18,2017
Praveen Dubey,Kratikal,round_1077,Seed,,2017-01-18,2017
J.P. Bhatt,Kratikal,round_1077,Seed,,2017-01-18,2017
Rajasthan Venture Capital Fund,Direct Create,round_1078,Seed,,2017-01-18,2017
Mumbai Angels Network,Vahdam Teas,round_1079,Seed,650000.0,2017-01-18,2017
Fireside Ventures,Vahdam Teas,round_1079,Seed,650000.0,2017-01-18,2017
Singapore Angel Network,Vahdam Teas,round_1079,Seed,650000.0,2017-01-18,2017
SB Ventures,PParke,round_1081,Seed,,2017-01-19,2017
Singularity Ventures,Weddingz.in,round_1082,Private Equity,1000000.0,2017-01-19,2017
Indian Angel Network,Native Special,round_1083,Seed,,2017-01-19,2017
Native Angels Network,Native Special,round_1083,Seed,,2017-01-19,2017
SD Group,Fitnapp,round_1084,Private Equity,,2017-01-19,2017
Deepak Nathani,Ethosh,round_1085,Seed,,2017-01-20,2017
Bessemer Venture Partners,Wydr,round_1086,Private Equity,,2017-01-20,2017
Stellaris Venture Partners,Wydr,round_1086,Private Equity,,2017-01-20,2017
Jungle Venture Partners,Wydr,round_1086,Private Equity,,2017-01-20,2017
Axis Capital,Wydr,round_1086,Private Equity,,2017-01-20,2017
IvyCamp Ventures,Tyre Express,round_1087,Seed,,2017-01-20,2017
Umang Moondra,Connaizen,round_1088,Seed,,2017-01-20,2017
Singapore based investor,SmartHi,round_1090,Seed,,2017-01-23,2017
YourNest Fund II,CRON Systems,round_1091,Seed,,2017-01-23,2017
CapitalG,CueMath,round_1092,Private Equity,15000000.0,2017-01-23,2017
Sequoia India,CueMath,round_1092,Private Equity,15000000.0,2017-01-23,2017
India Educational Investment Fund,ChipperSage,round_1093,Seed,,2017-01-23,2017
India Educational Investment Fund,SelectJobs,round_1094,Seed,,2017-01-24,2017
Indochine International,Khel Now,round_1095,Private Equity,500000.0,2017-01-24,2017
Iron Pillar and IIFL,NowFloats,round_1096,Private Equity,10000000.0,2017-01-24,2017
Blume Ventures,NowFloats,round_1096,Private Equity,10000000.0,2017-01-24,2017
Omidyar Network,NowFloats,round_1096,Private Equity,10000000.0,2017-01-24,2017
GMO Japan,Lets Transport,round_1097,Private Equity,4000000.0,2017-01-24,2017
Neelesh Bhatnagar,Lets Transport,round_1097,Private Equity,4000000.0,2017-01-24,2017
East Ventures & Others,BetaOut,round_1098,Private Equity,,2017-01-24,2017
Sharad Sharma,Wishberry,round_1099,Seed,,2017-01-25,2017
Rajan Anandan,Wishberry,round_1099,Seed,,2017-01-25,2017
\\xc2\\xa0 Amit Ranjan,Wishberry,round_1099,Seed,,2017-01-25,2017
Alok Mittal & others,Wishberry,round_1099,Seed,,2017-01-25,2017
IvyCap Ventures,RML Agtech,round_1100,Private Equity,4000000.0,2017-01-25,2017
Senovo,LoyaltyPrime,round_1101,Private Equity,,2017-01-25,2017
Unternehmertum Venture Capital,LoyaltyPrime,round_1101,Private Equity,,2017-01-25,2017
Alexander Bruehl,LoyaltyPrime,round_1101,Private Equity,,2017-01-25,2017
ABM Knowledgeware,InstaSafe,round_1102,Private Equity,2200000.0,2017-01-25,2017
Bennett,Infibeam,round_1103,Private Equity,8800000.0,2017-01-25,2017
Coleman and Company Ltd,Infibeam,round_1103,Private Equity,8800000.0,2017-01-25,2017
Dream Incubator,99Games,round_1104,Seed,,2017-01-02,2017
Brand Capital,AirMed Labs,round_1105,Private Equity,1400000.0,2017-01-26,2017
V Aanand R,99PerHour,round_1106,Seed,300000.0,2017-01-26,2017
Rajesh Yohannan,Kochi Post,round_1107,Seed,,2017-01-26,2017
Puthen & Cole,Kochi Post,round_1107,Seed,,2017-01-26,2017
Sanjay Mehta & Others ( The Ten Minute Million),Intuit Things,round_1108,Seed,106000.0,2017-01-30,2017
The Ten Minute Million,Cloudrino,round_1109,Seed,22500.0,2017-01-30,2017
The Ten Minute Million,FabX,round_1110,Seed,68000.0,2017-01-30,2017
The Ten Minute Million,Maptags,round_1111,Seed,18000.0,2017-01-30,2017
Chandigarh Angels Network (CAN),YOLO Health,round_1112,Seed,,2017-01-30,2017
Mumbai Angels,Register My Marriage,round_1114,Seed,,2017-01-31,2017
SQue Capital,SidQam,round_1115,Private Equity,1200000.0,2016-12-01,2016
Grace Capital Ventures,SidQam,round_1115,Private Equity,1200000.0,2016-12-01,2016
Soham Vencaps,SidQam,round_1115,Private Equity,1200000.0,2016-12-01,2016
DSG Consumer Partners,India Lends,round_1116,Private Equity,4000000.0,2016-12-01,2016
American Express Ventures,India Lends,round_1116,Private Equity,4000000.0,2016-12-01,2016
Cyber Carrier VC,India Lends,round_1116,Private Equity,4000000.0,2016-12-01,2016
AdvantEdge Partners,India Lends,round_1116,Private Equity,4000000.0,2016-12-01,2016
Songhyun Investment,Slide App,round_1117,Private Equity,3600000.0,2016-12-01,2016
GEMs Advisory,Streo,round_1119,Seed,,2016-12-02,2016
Quarizon,Streo,round_1119,Seed,,2016-12-02,2016
Franchise India,TYGR,round_1120,Private Equity,3000000.0,2016-12-02,2016
IvyCamp Ventures,Mr Hot Foods,round_1121,Seed,,2016-12-05,2016
Lakshmi Vilas Bank & undisclosed HNIs,UrDoorStep,round_1122,Private Equity,1400000.0,2016-12-05,2016
Grace Capital Ventures,ONN Bikes,round_1123,Seed,,2016-12-05,2016
Info Edge (India),Diro Labs,round_1124,Seed,147000.0,2016-12-06,2016
Ajith Sukumaran,THB,round_1125,Seed,,2016-12-06,2016
Currae Healthtech Fund,THB,round_1125,Seed,,2016-12-06,2016
Eros Labs,LookAtMe,round_1126,Seed,,2016-12-07,2016
The Chennai Angels,Netree,round_1127,Seed,,2016-12-07,2016
LetsVenture,Netree,round_1127,Seed,,2016-12-07,2016
Investors from Mumbai Angels & LetsVenture,BookEventz,round_1128,Seed,,2016-12-07,2016
Mohan Kumar,Tailslife,round_1129,Seed,,2016-12-07,2016
V. Balakrishnan,Tailslife,round_1129,Seed,,2016-12-07,2016
Edelweiss Private Equity,Revv,round_1130,Private Equity,9000000.0,2016-12-07,2016
Venk Krishnan,WealthApp,round_1131,Seed,440000.0,2016-12-07,2016
MJ Aravind,WealthApp,round_1131,Seed,440000.0,2016-12-07,2016
Vikram Kotak,WealthApp,round_1131,Seed,440000.0,2016-12-07,2016
Jayant Davar,WealthApp,round_1131,Seed,440000.0,2016-12-07,2016
\\xc2\\xa0 Ramkumar Nishtal,WealthApp,round_1131,Seed,440000.0,2016-12-07,2016
Arjun Sharmaa,WealthApp,round_1131,Seed,440000.0,2016-12-07,2016
Calcutta Angel Network,Vehico,round_1132,Seed,,2016-12-07,2016
Appliyifi,Vehico,round_1132,Seed,,2016-12-07,2016
PayU,Zest Money,round_1133,Private Equity,6500000.0,2016-12-08,2016
Venture Catalysts,GoMechanic,round_1134,Seed,250000.0,2016-12-08,2016
Kalaari Capital,Stalk Buy Love,round_1135,Private Equity,6000000.0,2016-12-09,2016
Max Ventures and Industries,Nykaa,round_1136,Private Equity,,2016-12-09,2016
Mumbai Angels,Wittyparot,round_1137,Seed,450000.0,2016-12-09,2016
Unicorn India Ventures,NeuroEquilibrium,round_1138,Seed,250000.0,2016-12-09,2016
Verlinvest SA,Xseed Education,round_1139,Private Equity,10000000.0,2016-12-12,2016
RoundGlass Partners,Doctor Insta,round_1141,Private Equity,2000000.0,2016-12-12,2016
"Axilor, undisclosed investors",UrbanPiper,round_1142,Seed,,2016-12-12,2016
Siddhartha Gupta,Fresh Food Concepts,round_1143,Seed,2000000.0,2016-12-12,2016
Ashvin Chadha,Fresh Food Concepts,round_1143,Seed,2000000.0,2016-12-12,2016
Omidyar Network,Indifi,round_1144,Private Equity,10000000.0,2016-12-13,2016
India Quotient,GoComet,round_1145,Seed,,2016-12-13,2016
Rajul Garg,GoComet,round_1145,Seed,,2016-12-13,2016
Rajesh Yabaji,GoComet,round_1145,Seed,,2016-12-13,2016
Chanakya Hridaya,GoComet,round_1145,Seed,,2016-12-13,2016
Ramasubramaniam B,GoComet,round_1145,Seed,,2016-12-13,2016
Vishwanathan,GoComet,round_1145,Seed,,2016-12-13,2016
Nobel House,GoComet,round_1145,Seed,,2016-12-13,2016
Sunstone Capital,GoComet,round_1145,Seed,,2016-12-13,2016
Zodius Technology Opportunities Fund,OfBusiness,round_1146,Private Equity,11100000.0,2016-12-13,2016
Matrix Partners,OfBusiness,round_1146,Private Equity,11100000.0,2016-12-13,2016
FiNC,Fitmein,round_1147,Seed,,2016-12-14,2016
GHV,Fitmein,round_1147,Seed,,2016-12-14,2016
Lead Angels Network,Qacco,round_1148,Seed,150000.0,2016-12-14,2016
Anbu Pandian,Qacco,round_1148,Seed,150000.0,2016-12-14,2016
Prabhakar MR & Others,Qacco,round_1148,Seed,150000.0,2016-12-14,2016
Mumbai Angels,Fitpass,round_1149,Seed,1000000.0,2016-12-14,2016
Anand Chandrasekaran,MoEngage,round_1150,Seed,,2016-12-14,2016
V. Krishna Prasad,Ten3t Health,round_1151,Seed,,2016-12-14,2016
Bhupen Shah & Others,Ten3t Health,round_1151,Seed,,2016-12-14,2016
Swastika Investmart Ltd,Trading Bells,round_1152,Seed,297000.0,2016-12-14,2016
Digital Financial Service Lab,SERV\\xe2\\x80\\x99D,round_1153,Seed,100000.0,2016-12-15,2016
WRV Capital and IndusAge Partners,IdeaForge,round_1154,Private Equity,10000000.0,2016-12-15,2016
Infosys Innovation Fund,IdeaForge,round_1154,Private Equity,10000000.0,2016-12-15,2016
Emerald Media,Amagi Media Labs,round_1155,Private Equity,35000000.0,2016-12-15,2016
Premji Invest,Amagi Media Labs,round_1155,Private Equity,35000000.0,2016-12-15,2016
Sequoia Capital India,Pocket Aces,round_1156,Private Equity,3000000.0,2016-12-15,2016
North Base Media,Pocket Aces,round_1156,Private Equity,3000000.0,2016-12-15,2016
Aarin Capital,Pocket Aces,round_1156,Private Equity,3000000.0,2016-12-15,2016
3one4 Capital,Pocket Aces,round_1156,Private Equity,3000000.0,2016-12-15,2016
Axilor Ventures,Pocket Aces,round_1156,Private Equity,3000000.0,2016-12-15,2016
Kunal Shah,Pocket Aces,round_1156,Private Equity,3000000.0,2016-12-15,2016
Sandeep Tandon,Pocket Aces,round_1156,Private Equity,3000000.0,2016-12-15,2016
Epsilon Venture Partners,Pi Data Centers,round_1157,Private Equity,23000000.0,2016-12-16,2016
GEMS Advisory,TripShelf,round_1158,Seed,123000.0,2016-12-16,2016
Quarizon,TripShelf,round_1158,Seed,123000.0,2016-12-16,2016
Axilor Ventures,Events High,round_1159,Private Equity,,2016-12-19,2016
KTB Network,NoBroker,round_1160,Private Equity,7400000.0,2016-12-19,2016
SAIF Partners,NoBroker,round_1160,Private Equity,7400000.0,2016-12-19,2016
BEENEXT,NoBroker,round_1160,Private Equity,7400000.0,2016-12-19,2016
Digital Garage,NoBroker,round_1160,Private Equity,7400000.0,2016-12-19,2016
Ajith Nair,Tiyo,round_1162,Seed,,2016-12-20,2016
Cyber Carrier CL,Zoomcar,round_1163,Private Equity,,2016-12-20,2016
International Financial Corporation,BYJU\\xe2\\x80\\x99s,round_1164,Private Equity,15000000.0,2016-12-20,2016
Dr. Apoorv Ranjan Sharma,Supr Daily,round_1165,Seed,,2016-12-21,2016
Anil Jain,Supr Daily,round_1165,Seed,,2016-12-21,2016
Anuj Golecha,Supr Daily,round_1165,Seed,,2016-12-21,2016
Krishna Jhunjhunwala,Supr Daily,round_1165,Seed,,2016-12-21,2016
Anirudh Damani,Supr Daily,round_1165,Seed,,2016-12-21,2016
Indian Angel Network,The BlueBook,round_1166,Seed,500000.0,2016-12-21,2016
Let\\xe2\\x80\\x99s Venture,The BlueBook,round_1166,Seed,500000.0,2016-12-21,2016
Fireside Ventures & Others,MamaEarth,round_1167,Seed,,2016-12-21,2016
The Chennai Angels,Vegetall,round_1168,Seed,162000.0,2016-12-21,2016
HCS Venture capital fund,Innoplexus,round_1169,Private Equity,,2016-12-22,2016
Taxmann,Mindler,round_1170,Seed,324000.0,2016-12-22,2016
Kaushal Agarwal,MCaffeine,round_1171,Seed,300000.0,2016-12-22,2016
Harminder Sahani,MCaffeine,round_1171,Seed,300000.0,2016-12-22,2016
KK Mehra,MCaffeine,round_1171,Seed,300000.0,2016-12-22,2016
Pranay Jivrajka,MCaffeine,round_1171,Seed,300000.0,2016-12-22,2016
Navjot Saini,MCaffeine,round_1171,Seed,300000.0,2016-12-22,2016
Ivy League Alumni Angel Network,enKast,round_1172,Private Equity,2000000.0,2016-12-23,2016
Incubate Fund,ShopKirana,round_1173,Private Equity,,2016-12-23,2016
Lead Angels Group & Others,ShopKirana,round_1173,Private Equity,,2016-12-23,2016
Pradyumna Dalmia,MyAdvo,round_1174,Seed,,2016-12-23,2016
S. Somasegar & Others,MyAdvo,round_1174,Seed,,2016-12-23,2016
Quarizon,Asocon,round_1175,Seed,,2016-12-23,2016
Ajay Relan,LexComply,round_1176,Seed,,2016-12-23,2016
The Chennai Angels,The Postbox,round_1177,Seed,,2016-12-26,2016
Ritesh Mehta,The Postbox,round_1177,Seed,,2016-12-26,2016
Aruna Ganesh Ram,The Postbox,round_1177,Seed,,2016-12-26,2016
Sachin Bansal,Pandorum Technologies,round_1178,Seed,,2016-12-26,2016
Binny Bansal,Pandorum Technologies,round_1178,Seed,,2016-12-26,2016
Eight Roads Ventures,Shadowfox,round_1180,Private Equity,10000000.0,2016-12-26,2016
Nandan Nilekani,ShopX,round_1181,Private Equity,5000000.0,2016-12-27,2016
Lead Angels,BookEventz,round_1182,Seed,,2016-12-28,2016
Mumbai Angels,BookEventz,round_1182,Seed,,2016-12-28,2016
LetsVenture,BookEventz,round_1182,Seed,,2016-12-28,2016
Girish Mathrubootham,BookEventz,round_1182,Seed,,2016-12-28,2016
Anbu Pandian,BookEventz,round_1182,Seed,,2016-12-28,2016
NB Ventures,Healthifyme,round_1183,Private Equity,1000000.0,2016-12-29,2016
WaterBridge Ventures,LetsMD,round_1184,Seed,,2016-12-29,2016
CoCreate Ventures,Justbooks,round_1185,Seed,,2016-12-29,2016
RB Investments,InstantPay,round_1186,Private Equity,,2016-12-30,2016
\\xc2\\xa0 Kaleden Holdings,InstantPay,round_1186,Private Equity,,2016-12-30,2016
Kedar Lele,PickMyLaundry,round_1187,Seed,200000.0,2016-11-01,2016
GHV Accelerator,PickMyLaundry,round_1187,Seed,200000.0,2016-11-01,2016
Sequoia Capital India,FreshDesk,round_1188,Private Equity,55000000.0,2016-11-02,2016
Accel Partners,FreshDesk,round_1188,Private Equity,55000000.0,2016-11-02,2016
Calcutta Angels Network,LetsMD,round_1190,Seed,,2016-11-02,2016
LetsVenture,LetsMD,round_1190,Seed,,2016-11-02,2016
Anupam Mittal,LetsMD,round_1190,Seed,,2016-11-02,2016
Currae Healthtech Fund,LetsMD,round_1190,Seed,,2016-11-02,2016
Raman Roy,Sattviko,round_1191,Seed,,2016-11-02,2016
Ashish Gupta,Sattviko,round_1191,Seed,,2016-11-02,2016
Yogesh Andlay,Sattviko,round_1191,Seed,,2016-11-02,2016
Vaibhav Jain,Sattviko,round_1191,Seed,,2016-11-02,2016
Sequoia India,Zarget,round_1192,Private Equity,6000000.0,2016-11-03,2016
3one4 Capital,DoSelect,round_1193,Seed,,2016-11-03,2016
Mumbai Angels,DoSelect,round_1193,Seed,,2016-11-03,2016
Aarin Capital,DoSelect,round_1193,Seed,,2016-11-03,2016
Unilazer Ventures,EasyPolicy,round_1194,Private Equity,10000000.0,2016-11-03,2016
Gati Ltd,Browntape,round_1195,Private Equity,,2016-11-04,2016
Aavishkaar Venture Management,Connect India,round_1196,Private Equity,1000000.0,2016-11-04,2016
Ameera Shah,Corseco,round_1197,Seed,150000.0,2016-11-04,2016
Vivek Bhargava,Corseco,round_1197,Seed,150000.0,2016-11-04,2016
Chandigarh Angels Network,The Gourmet Jar,round_1199,Seed,,2016-11-04,2016
A M Sikander,Medzin,round_1200,Seed,45000.0,2016-11-05,2016
IDG Ventures,Bizongo,round_1201,Private Equity,3000000.0,2016-11-05,2016
Accel Partners,Bizongo,round_1201,Private Equity,3000000.0,2016-11-05,2016
Warburg Pincus,Rivigo,round_1202,Private Equity,75000000.0,2016-11-07,2016
Justin Kan,JustRide,round_1203,Private Equity,3000000.0,2016-11-07,2016
Qasar Younis,JustRide,round_1203,Private Equity,3000000.0,2016-11-07,2016
Paul Bucche,JustRide,round_1203,Private Equity,3000000.0,2016-11-07,2016
Susa Ventures,JustRide,round_1203,Private Equity,3000000.0,2016-11-07,2016
Kima Ventures,JustRide,round_1203,Private Equity,3000000.0,2016-11-07,2016
Axan Venture,JustRide,round_1203,Private Equity,3000000.0,2016-11-07,2016
SCM Holdings,JustRide,round_1203,Private Equity,3000000.0,2016-11-07,2016
India Quotient,IIM Jobs,round_1204,Private Equity,2000000.0,2016-11-09,2016
ADAG Reliance Private Equity,Square Yards,round_1205,Private Equity,12000000.0,2016-11-09,2016
"YourNest Angel Fund, iSON",GolfLAN,round_1206,Private Equity,1000000.0,2016-11-10,2016
Gleevoaz Ventures,Yottaasys,round_1207,Private Equity,,2016-11-10,2016
Arun Seth,Tone Tag,round_1208,Private Equity,,2016-11-10,2016
T.V. Mohandas Pai,Tone Tag,round_1208,Private Equity,,2016-11-10,2016
Anand Chandrasekaran,Tone Tag,round_1208,Private Equity,,2016-11-10,2016
Deepak Ghaisas,Tone Tag,round_1208,Private Equity,,2016-11-10,2016
RoundGlass Partners,Life in Control,round_1209,Private Equity,,2016-11-11,2016
Kalaari Capital,Active.ai,round_1210,Private Equity,3000000.0,2016-11-14,2016
IDG Ventures India,Active.ai,round_1210,Private Equity,3000000.0,2016-11-14,2016
Kalaari Capital,ElasticRun,round_1211,Private Equity,2000000.0,2016-11-14,2016
Norwest Venture Partners,ElasticRun,round_1211,Private Equity,2000000.0,2016-11-14,2016
Vijay Shekhar Sharma,NoBroker,round_1212,Seed,,2016-11-15,2016
Sequoia India,Zefo,round_1213,Private Equity,6000000.0,2016-11-15,2016
BEENEXT,Zefo,round_1213,Private Equity,6000000.0,2016-11-15,2016
Helion Ventures,Zefo,round_1213,Private Equity,6000000.0,2016-11-15,2016
SAIF Partners,PlaySimple,round_1214,Private Equity,4000000.0,2016-11-15,2016
IDG Ventures India,PlaySimple,round_1214,Private Equity,4000000.0,2016-11-15,2016
RTP-HC,Stasis Labs,round_1215,Private Equity,5000000.0,2016-11-16,2016
Wonder Ventures,Stasis Labs,round_1215,Private Equity,5000000.0,2016-11-16,2016
Techstars Ventures & Others,Stasis Labs,round_1215,Private Equity,5000000.0,2016-11-16,2016
Pramod Bhasin,Scienaptic,round_1216,Seed,,2016-11-17,2016
Times of India Group & Existing investors,Koovs,round_1217,Private Equity,13500000.0,2016-11-17,2016
Indian Angel Network,Lawrato,round_1218,Seed,,2016-11-17,2016
R.S Sharma,Trip Tap Toe,round_1219,Seed,,2016-11-17,2016
Quarizon,Pictor Imaging,round_1220,Seed,147000.0,2016-11-17,2016
Omnivore Capital,GramCover,round_1221,Seed,1000000.0,2016-11-18,2016
Hitesh Windlass,AerMed,round_1222,Seed,,2016-11-18,2016
Asuka Holdings,WorkIndia,round_1223,Seed,,2016-11-18,2016
Devdeep Singh,Bats on delivery,round_1224,Seed,90000.0,2016-11-21,2016
Kae Capital,numberz.in,round_1225,Seed,650000.0,2016-11-21,2016
Khosla Impact,numberz.in,round_1225,Seed,650000.0,2016-11-21,2016
Softbank Group,Housing.com,round_1226,Private Equity,5000000.0,2016-11-22,2016
Vivek Bhargava,Awesummly,round_1227,Seed,147000.0,2016-11-22,2016
Ameera Shah,Awesummly,round_1227,Seed,147000.0,2016-11-22,2016
YMS Mobitech,VoLT,round_1228,Seed,,2016-11-22,2016
Sequoia India,Vymo,round_1229,Private Equity,5000000.0,2016-11-22,2016
Sanjai Vohra,ShubhLoans,round_1230,Seed,,2016-11-22,2016
V. Bunty Bohra,ShubhLoans,round_1230,Seed,,2016-11-22,2016
Undisclosed multiple investors,Noddapp,round_1231,Seed,147000.0,2016-11-22,2016
Delta Partners,Knowlarity,round_1232,Private Equity,20000000.0,2016-11-23,2016
Sequoia India,Knowlarity,round_1232,Private Equity,20000000.0,2016-11-23,2016
\\xc2\\xa0 Mayfield,Knowlarity,round_1232,Private Equity,20000000.0,2016-11-23,2016
Blacksoil,Knowlarity,round_1232,Private Equity,20000000.0,2016-11-23,2016
Trifecta Capital,Knowlarity,round_1232,Private Equity,20000000.0,2016-11-23,2016
IDG Ventures,Infisecure,round_1233,Seed,600000.0,2016-11-23,2016
Axilor Ventures,Infisecure,round_1233,Seed,600000.0,2016-11-23,2016
Lightspeed Venture Partners India,Udaan,round_1234,Private Equity,10000000.0,2016-11-23,2016
Lightspeed US,Udaan,round_1234,Private Equity,10000000.0,2016-11-23,2016
Dr. Pooja Gandhi,FroyoFit,round_1235,Seed,,2016-11-24,2016
Venture Highway,Betterplace,round_1236,Seed,,2016-11-24,2016
Lightspeed India Partners,ShareChat,round_1237,Private Equity,4000000.0,2016-11-24,2016
SAIF Partners,ShareChat,round_1237,Private Equity,4000000.0,2016-11-24,2016
India Quotient,ShareChat,round_1237,Private Equity,4000000.0,2016-11-24,2016
Venture Highway,ShareChat,round_1237,Private Equity,4000000.0,2016-11-24,2016
Franchise India,UClean,round_1238,Private Equity,,2016-11-24,2016
Blume Ventures,Servify,round_1239,Private Equity,,2016-11-24,2016
BEENEXT,Servify,round_1239,Private Equity,,2016-11-24,2016
Barkawi Holdings GmbH,Servify,round_1239,Private Equity,,2016-11-24,2016
TM Service Technology Holdings Gmbh,Servify,round_1239,Private Equity,,2016-11-24,2016
Sreevathsa Prabhakar,Servify,round_1239,Private Equity,,2016-11-24,2016
Girish Mathrubootham,Hubilo,round_1240,Seed,,2016-11-25,2016
VC Karthic,Hubilo,round_1240,Seed,,2016-11-25,2016
Miten Mehta,Hubilo,round_1240,Seed,,2016-11-25,2016
Umasankar Nistala,Hubilo,round_1240,Seed,,2016-11-25,2016
Rakesh Patel,Hubilo,round_1240,Seed,,2016-11-25,2016
Akash Bhavsar,Hubilo,round_1240,Seed,,2016-11-25,2016
Jeevanandhan Rajagopal,Hubilo,round_1240,Seed,,2016-11-25,2016
Vikas Chadha & Others,Hubilo,round_1240,Seed,,2016-11-25,2016
Reliance Entertainment,FunOnGo,round_1241,Private Equity,,2016-11-25,2016
Xelpmoc,121Policy,round_1242,Seed,,2016-11-25,2016
Paytm,TapChief,round_1243,Seed,,2016-11-26,2016
Aprameya Radhakrishna,TapChief,round_1243,Seed,,2016-11-26,2016
Subramanya Venkat,TapChief,round_1243,Seed,,2016-11-26,2016
Venk Krishnan,TapChief,round_1243,Seed,,2016-11-26,2016
Manish Maheshwari,WholeSaleBox,round_1245,Private Equity,2000000.0,2016-11-28,2016
Contrarian Vriddhi Fund,WholeSaleBox,round_1245,Private Equity,2000000.0,2016-11-28,2016
Mohit Sharma,Crossahead,round_1246,Seed,,2016-11-29,2016
Prime Venture Partners,Affordplan,round_1247,Private Equity,3000000.0,2016-11-29,2016
Kalaari Capital,Affordplan,round_1247,Private Equity,3000000.0,2016-11-29,2016
Silver Range Investments,HandyTrain,round_1248,Private Equity,1000000.0,2016-11-30,2016
Lumina Datamatics,HandyTrain,round_1248,Private Equity,1000000.0,2016-11-30,2016
Shun Yoshida & Others,HandyTrain,round_1248,Private Equity,1000000.0,2016-11-30,2016
Anand Sankeshwar,ShopsUp,round_1249,Seed,963000.0,2016-11-30,2016
Yang Shu,ShopsUp,round_1249,Seed,963000.0,2016-11-30,2016
Shekhar Sahu,Indofash,round_1250,Seed,150000.0,2016-11-30,2016
Nitesh Pant,Indofash,round_1250,Seed,150000.0,2016-11-30,2016
Dileep Bhatt,Entropika,round_1251,Seed,200000.0,2016-11-30,2016
Milind Chaudhary,Entropika,round_1251,Seed,200000.0,2016-11-30,2016
Exfinity Venture Partners,MarianaIQ,round_1252,Private Equity,2000000.0,2016-11-30,2016
Quarizon,Chai Thela,round_1253,Seed,218000.0,2016-11-30,2016
Krishna Rokhale,Interviewpad,round_1254,Seed,100000.0,2016-11-30,2016
Menterra Social Impact Fund,Math Buddy,round_1255,Seed,440000.0,2016-11-30,2016
SAIF Partners,Pulse,round_1256,Private Equity,500000.0,2016-11-30,2016
Blume Ventures & Others,MonkeyBox,round_1257,Seed,,2016-11-30,2016
TVS Group,Carcrew.in,round_1258,Seed,500000.0,2016-11-30,2016
Mahindra Univeg,MeraKisan,round_1259,Seed,,2016-10-03,2016
Recruit Holdings,Mystifly,round_1260,Private Equity,5000000.0,2016-10-03,2016
American Express Ventures,HelpChat,round_1261,Private Equity,,2016-10-03,2016
Sequoia Capital,HelpChat,round_1261,Private Equity,,2016-10-03,2016
IDG Ventures,Uniphore,round_1262,Private Equity,2000000.0,2016-10-03,2016
Indian Angel Network (IAN),Uniphore,round_1262,Private Equity,2000000.0,2016-10-03,2016
YourNest Angel Fund,Uniphore,round_1262,Private Equity,2000000.0,2016-10-03,2016
Viraj Tyagi & Others,World Art Community,round_1263,Seed,200000.0,2016-10-03,2016
Mahindra Holidays & Resorts India Ltd,Giftxoxo,round_1264,Private Equity,450000.0,2016-10-04,2016
BeeNext,Bharat Bazaar,round_1265,Seed,,2016-10-04,2016
TV Mohandas Pai,Bharat Bazaar,round_1265,Seed,,2016-10-04,2016
Kunal Shah,Bharat Bazaar,round_1265,Seed,,2016-10-04,2016
Sandeep Tandon,Bharat Bazaar,round_1265,Seed,,2016-10-04,2016
Ratan Tata,GOQii,round_1266,Private Equity,,2016-10-04,2016
Naveen Arya,India Gifts Portal,round_1267,Private Equity,2000000.0,2016-10-04,2016
Tarun Joshi,India Gifts Portal,round_1267,Private Equity,2000000.0,2016-10-04,2016
Accel Partners,Moglix,round_1268,Private Equity,4200000.0,2016-10-04,2016
Jungle Ventures,Moglix,round_1268,Private Equity,4200000.0,2016-10-04,2016
SeedPlus,Moglix,round_1268,Private Equity,4200000.0,2016-10-04,2016
Xchange Investors NV,NetLinx,round_1269,Private Equity,3000000.0,2016-10-04,2016
TransGlobal FZC,NetLinx,round_1269,Private Equity,3000000.0,2016-10-04,2016
3One4 Capital,Scandid,round_1270,Private Equity,,2016-10-04,2016
Vijay Shekhar Sharma,Remitr,round_1271,Seed,1000000.0,2016-10-04,2016
Pravin Gandhi,Remitr,round_1271,Seed,1000000.0,2016-10-04,2016
\\xc2\\xa0 Smart Start Fund,Remitr,round_1271,Seed,1000000.0,2016-10-04,2016
Kunal Shah,Remitr,round_1271,Seed,1000000.0,2016-10-04,2016
\\xc2\\xa0 Sandeep Tandon,Remitr,round_1271,Seed,1000000.0,2016-10-04,2016
Vishal Gondal,Remitr,round_1271,Seed,1000000.0,2016-10-04,2016
& Others,Remitr,round_1271,Seed,1000000.0,2016-10-04,2016
Mistletoe,InnerChef,round_1272,Private Equity,2500000.0,2016-10-04,2016
M&S Partners,InnerChef,round_1272,Private Equity,2500000.0,2016-10-04,2016
Zodius Capital,AppsDaily,round_1273,Private Equity,3750000.0,2016-10-04,2016
Kalaari Capital,AppsDaily,round_1273,Private Equity,3750000.0,2016-10-04,2016
Qualcomm Ventures,AppsDaily,round_1273,Private Equity,3750000.0,2016-10-04,2016
Russian venture capital fund Ru-Net,AppsDaily,round_1273,Private Equity,3750000.0,2016-10-04,2016
Mumbai Angels,AppsDaily,round_1273,Private Equity,3750000.0,2016-10-04,2016
White Unicorn Ventures,Azuro,round_1275,Private Equity,,2016-10-05,2016
Kae Capital,Azuro,round_1275,Private Equity,,2016-10-05,2016
Mumbai Angels,Azuro,round_1275,Private Equity,,2016-10-05,2016
Indian Angel Network,NeuroSynaptic,round_1276,Private Equity,,2016-10-05,2016
Healthsquad,NeuroSynaptic,round_1276,Private Equity,,2016-10-05,2016
Axilor Ventures,NeuroSynaptic,round_1276,Private Equity,,2016-10-05,2016
Kiran Mazumdar-Shaw,UE LifeSciences,round_1277,Private Equity,1200000.0,2016-10-05,2016
Unitus Seed Fund,UE LifeSciences,round_1277,Private Equity,1200000.0,2016-10-05,2016
Ventureast Fund Advisors,FindmeaShoe,round_1278,Seed,,2016-10-06,2016
Hyderabad Angels,RealBox,round_1279,Seed,300000.0,2016-10-06,2016
Sumpoorna Group,Sportido,round_1280,Seed,,2016-10-06,2016
Helion Venture Partners,GoZefo,round_1281,Private Equity,1050000.0,2016-10-06,2016
BeeNext,GoZefo,round_1281,Private Equity,1050000.0,2016-10-06,2016
HAX Accelerator,RayIOT,round_1282,Seed,100000.0,2016-10-07,2016
HDFC,KOOH Sports,round_1283,Private Equity,2200000.0,2016-10-07,2016
Faering Capital,KOOH Sports,round_1283,Private Equity,2200000.0,2016-10-07,2016
Elevate Sports,KOOH Sports,round_1283,Private Equity,2200000.0,2016-10-07,2016
Sanjay Nayar,Flexiloans,round_1284,Private Equity,15000000.0,2016-10-07,2016
Vikram Sud,Flexiloans,round_1284,Private Equity,15000000.0,2016-10-07,2016
Anil Jaggia,Flexiloans,round_1284,Private Equity,15000000.0,2016-10-07,2016
Narayan Seshadri,Flexiloans,round_1284,Private Equity,15000000.0,2016-10-07,2016
Radhakrishnan Natarajan & Others,Sibia Analytics,round_1285,Seed,,2016-10-07,2016
Emerald Media,Yupp TV,round_1287,Private Equity,50000000.0,2016-10-11,2016
Nitin Passi,Deyor Camps,round_1288,Seed,500000.0,2016-10-11,2016
Manickam Mahalingam,Deyor Camps,round_1288,Seed,500000.0,2016-10-11,2016
Udaan Angels,Deyor Camps,round_1288,Seed,500000.0,2016-10-11,2016
Rajesh Arora,Deyor Camps,round_1288,Seed,500000.0,2016-10-11,2016
Arkas Industries,Deyor Camps,round_1288,Seed,500000.0,2016-10-11,2016
GrowX Ventures,ZipLoan,round_1289,Seed,,2016-10-12,2016
Sunil Kalra,ZipLoan,round_1289,Seed,,2016-10-12,2016
Arun Venkatachalam,ZipLoan,round_1289,Seed,,2016-10-12,2016
\\xc2\\xa0 Badal Malick,ZipLoan,round_1289,Seed,,2016-10-12,2016
India Quotient,FabAlley,round_1290,Private Equity,2000000.0,2016-10-13,2016
FAO Ventures,FabAlley,round_1290,Private Equity,2000000.0,2016-10-13,2016
Indian Angel Network,FabAlley,round_1290,Private Equity,2000000.0,2016-10-13,2016
Tushar Singh,FabAlley,round_1290,Private Equity,2000000.0,2016-10-13,2016
Ranjan Sharma,FabAlley,round_1290,Private Equity,2000000.0,2016-10-13,2016
Indian Angel Network,Shoekonnect,round_1291,Seed,,2016-10-13,2016
Rajan Anandan,Maya,round_1292,Seed,,2016-10-13,2016
Virendra Patel,RoboVac,round_1293,Seed,450000.0,2016-10-13,2016
Nexus Venture Partners,Postman,round_1295,Private Equity,7000000.0,2016-10-14,2016
Gray Matters Capital,ISFC,round_1296,Private Equity,6000000.0,2016-10-14,2016
Quarizon Consultancy Services LLP,BeatRoute,round_1297,Seed,,2016-10-14,2016
Karan Bhagat,Kidsstoppress,round_1298,Seed,,2016-10-14,2016
Punit Soni,Innov8,round_1299,Seed,,2016-10-14,2016
ByteDance,DailyHunt,round_1300,Private Equity,25000000.0,2016-10-15,2016
Arun Sarin,DailyHunt,round_1300,Private Equity,25000000.0,2016-10-15,2016
Matrix Partners,DailyHunt,round_1300,Private Equity,25000000.0,2016-10-15,2016
Sequoia Capital India,DailyHunt,round_1300,Private Equity,25000000.0,2016-10-15,2016
Omidyar Network,DailyHunt,round_1300,Private Equity,25000000.0,2016-10-15,2016
\\xc2\\xa0 Falcon Edge,DailyHunt,round_1300,Private Equity,25000000.0,2016-10-15,2016
DSG Consumer Partners,Tazzo Bikes,round_1301,Seed,227000.0,2016-10-15,2016
Mayank Shah,MyKindofJob,round_1302,Seed,1000000.0,2016-10-15,2016
Shreyans Shah,MyKindofJob,round_1302,Seed,1000000.0,2016-10-15,2016
Vishnu Bhat,Trilyo,round_1303,Seed,,2016-10-17,2016
Rajiv Lunkad,Trilyo,round_1303,Seed,,2016-10-17,2016
Naresh Ravindranath,Trilyo,round_1303,Seed,,2016-10-17,2016
Boman Irani,Rooter,round_1304,Seed,,2016-10-17,2016
Dhruv Chitgopekar,Rooter,round_1304,Seed,,2016-10-17,2016
Prantik Dasgupta,Rooter,round_1304,Seed,,2016-10-17,2016
Hemant Sahni,Yumigo,round_1305,Seed,300000.0,2016-10-17,2016
Bravia Capital,Rentalpha,round_1306,Private Equity,16000000.0,2016-10-17,2016
Newbie Promoters,3Dexter,round_1307,Seed,150000.0,2016-10-18,2016
RoundGlass Partners,BabyChakra,round_1308,Private Equity,,2016-10-18,2016
Ganesh Natarajan,Coppre,round_1309,Seed,,2016-10-18,2016
General Catalyst Partners,MySUN,round_1310,Private Equity,2500000.0,2016-10-18,2016
Hyderabad Angels,ePathsala,round_1311,Seed,,2016-10-18,2016
TLabs,ePathsala,round_1311,Seed,,2016-10-18,2016
Lightbox Ventures,Furlenco,round_1312,Private Equity,30000000.0,2016-10-19,2016
Axis Capital & Others,Furlenco,round_1312,Private Equity,30000000.0,2016-10-19,2016
Saama Capital,Fisdom,round_1313,Private Equity,1100000.0,2016-10-19,2016
Raghunandan G,Fisdom,round_1313,Private Equity,1100000.0,2016-10-19,2016
Aprameya Radhakrishna,Fisdom,round_1313,Private Equity,1100000.0,2016-10-19,2016
Next Orbit Ventures Fund,Actofit,round_1314,Private Equity,750000.0,2016-10-19,2016
Ranjan Pai,Stayology,round_1315,Seed,,2016-10-20,2016
Mobikon,Hipcask,round_1316,Seed,,2016-10-20,2016
Helion Ventures,RailYatri,round_1317,Private Equity,,2016-10-20,2016
Blume ventures,RailYatri,round_1317,Private Equity,,2016-10-20,2016
Janak Jain,ChatOnGo,round_1318,Seed,300000.0,2016-10-21,2016
KAE capital,WOTU,round_1319,Seed,,2016-10-23,2016
BEENEXT,Healthians,round_1320,Private Equity,3000000.0,2016-10-24,2016
IIFL Seed Ventures Fund,Box8,round_1321,Private Equity,7500000.0,2016-10-24,2016
Mayfield Ventures,Box8,round_1321,Private Equity,7500000.0,2016-10-24,2016
Sequoia Capital,Kredx,round_1322,Private Equity,6000000.0,2016-10-25,2016
India Quotient,CreditMate,round_1323,Seed,500000.0,2016-10-25,2016
Swastika Company Ltd,Pickrr,round_1324,Seed,,2016-10-25,2016
Nimit Panigrahi,SatvaKart,round_1325,Seed,,2016-10-25,2016
Lalit Vase,SooperMO,round_1326,Seed,100000.0,2016-10-25,2016
Astarc Ventures,Wooplr,round_1328,Seed,,2016-10-26,2016
Anand Chandrasekaran,Wooplr,round_1328,Seed,,2016-10-26,2016
hooting Starts Sports LLP,The Kettlery,round_1329,Private Equity,1000000.0,2016-10-26,2016
Franchise India Brands,The Kettlery,round_1329,Private Equity,1000000.0,2016-10-26,2016
1Crowd,Idea Bubbles,round_1330,Private Equity,700000.0,2016-10-27,2016
Eureka Forbes Ltd,Idea Bubbles,round_1330,Private Equity,700000.0,2016-10-27,2016
Shapoorji Pallonji & Co. Ltd.,Idea Bubbles,round_1330,Private Equity,700000.0,2016-10-27,2016
Omnivore Partners,FR8,round_1331,Private Equity,971000.0,2016-10-27,2016
Hero MotoCorp,Ather Energy,round_1332,Private Equity,27000000.0,2016-10-27,2016
Ajay Nanavati,Pikkol,round_1333,Seed,,2016-10-28,2016
Afsal Salu,Pikkol,round_1333,Seed,,2016-10-28,2016
Kalaari Capital,Velmenni,round_1334,Seed,100000.0,2016-10-29,2016
Kalaari Capital,Volta Motors,round_1335,Seed,100000.0,2016-10-29,2016
Kalaari Capital,Cyclops,round_1336,Seed,100000.0,2016-10-29,2016
Aarin Capital,Impact Analytics,round_1337,Private Equity,750000.0,2016-10-30,2016
Michael Herzig,Impact Analytics,round_1337,Private Equity,750000.0,2016-10-30,2016
Ashish Lakhanpal,Impact Analytics,round_1337,Private Equity,750000.0,2016-10-30,2016
Karanpal Singh & Others,Talent Next,round_1338,Seed,1000000.0,2016-10-31,2016
Sequoia India,Mad Street Den,round_1339,Private Equity,,2016-09-01,2016
"Exfinity Ventures, growX ventures",Mad Street Den,round_1339,Private Equity,,2016-09-01,2016
Accel Partners,Mihup,round_1340,Private Equity,6700000.0,2016-09-01,2016
Pradeep Dhobale,Renowala,round_1341,Seed,,2016-09-01,2016
Amit Choudhary,Lucideus,round_1342,Seed,,2016-09-01,2016
Grasshoppers,Trackbizz,round_1343,Private Equity,,2016-09-04,2016
Anita Dongre,Social Quotient,round_1344,Seed,,2016-09-05,2016
Yash Dongre,Social Quotient,round_1344,Seed,,2016-09-05,2016
Milind Sarwate,Social Quotient,round_1344,Seed,,2016-09-05,2016
William Bissel,Stalk Buy Love,round_1345,Seed,,2016-09-05,2016
Infina Finance Pvt. Ltd,eShakti,round_1346,Private Equity,1350000.0,2016-09-06,2016
Uday Kotak,eShakti,round_1346,Private Equity,1350000.0,2016-09-06,2016
PremjiInvest,Lenskart,round_1348,Private Equity,,2016-09-06,2016
Info Edge (India) Ltd,BigStylist,round_1349,Private Equity,900000.0,2016-09-06,2016
Venturra Capital,Zilingo,round_1350,Private Equity,8000000.0,2016-09-07,2016
Sequoia India,Zilingo,round_1350,Private Equity,8000000.0,2016-09-07,2016
Susquehanna International Group.\\xc2\\xa0 Wavemaker Partners,Zilingo,round_1350,Private Equity,8000000.0,2016-09-07,2016
Beenext,Zilingo,round_1350,Private Equity,8000000.0,2016-09-07,2016
Beenos,Zilingo,round_1350,Private Equity,8000000.0,2016-09-07,2016
Digital Garage,Zilingo,round_1350,Private Equity,8000000.0,2016-09-07,2016
Eros Labs,Alternacare,round_1351,Seed,500000.0,2016-09-07,2016
InnoVen Capital India,Simplilearn,round_1352,Private Equity,6000000.0,2016-09-07,2016
Earlsfield Capital,Prozo,round_1353,Seed,315000.0,2016-09-07,2016
Sailender Solanki,Prozo,round_1353,Seed,315000.0,2016-09-07,2016
Rajiv Solanki,Prozo,round_1353,Seed,315000.0,2016-09-07,2016
CareerNet Consulting Pvt. Ltd,TopRankers,round_1354,Seed,670000.0,2016-09-08,2016
Ideation Initiative Pvt. Ltd,TopRankers,round_1354,Seed,670000.0,2016-09-08,2016
Idein Ventures,BuildTraders,round_1355,Seed,200000.0,2016-09-08,2016
Chan Zuckerberg Initiative,Byju\\xe2\\x80\\x99s,round_1356,Private Equity,50000000.0,2016-09-09,2016
Times Internet Ltd,Byju\\xe2\\x80\\x99s,round_1356,Private Equity,50000000.0,2016-09-09,2016
Sequoia Capital,Byju\\xe2\\x80\\x99s,round_1356,Private Equity,50000000.0,2016-09-09,2016
Sofina,Byju\\xe2\\x80\\x99s,round_1356,Private Equity,50000000.0,2016-09-09,2016
Lightspeed Ventures,Byju\\xe2\\x80\\x99s,round_1356,Private Equity,50000000.0,2016-09-09,2016
Anand Chandrasekaran,NoBroker,round_1357,Seed,,2016-09-09,2016
Ravi Linganuri,Freshboxx,round_1358,Seed,,2016-09-10,2016
Dr. Rameshwar Kumar,CureInstant,round_1359,Seed,150000.0,2016-09-10,2016
havya Sharma,Poshtic,round_1360,Seed,450000.0,2016-09-10,2016
Amit Nagar,Poshtic,round_1360,Seed,450000.0,2016-09-10,2016
Harinder Takhar,KarmaCircles,round_1361,Seed,,2016-09-10,2016
Zain Raj,KarmaCircles,round_1361,Seed,,2016-09-10,2016
Dr. Prasad Kaipa,KarmaCircles,round_1361,Seed,,2016-09-10,2016
Abaran Deep,KarmaCircles,round_1361,Seed,,2016-09-10,2016
Aseem Sood,KarmaCircles,round_1361,Seed,,2016-09-10,2016
Mustafa Patni,KarmaCircles,round_1361,Seed,,2016-09-10,2016
Augment Ventures,Purple Style Labs,round_1362,Seed,448000.0,2016-09-12,2016
Rahul Kayan,Purple Style Labs,round_1362,Seed,448000.0,2016-09-12,2016
Nikhil Golcha,Purple Style Labs,round_1362,Seed,448000.0,2016-09-12,2016
Shubham Gupta,Purple Style Labs,round_1362,Seed,448000.0,2016-09-12,2016
Roy Kwan,Purple Style Labs,round_1362,Seed,448000.0,2016-09-12,2016
Fork Media,Inuxu,round_1363,Private Equity,3000000.0,2016-09-12,2016
Sunil Munjal,Nykaa,round_1364,Private Equity,12300000.0,2016-09-12,2016
Mariwala family,Nykaa,round_1364,Private Equity,12300000.0,2016-09-12,2016
Pradeep Mirani,Glam Studios,round_1365,Seed,300000.0,2016-09-12,2016
Aqeel Ahmed,Glam Studios,round_1365,Seed,300000.0,2016-09-12,2016
Anand Ladsariya,Glam Studios,round_1365,Seed,300000.0,2016-09-12,2016
Nitin Agarwal,Glam Studios,round_1365,Seed,300000.0,2016-09-12,2016
Raj Singh Bhandal,Findow,round_1366,Seed,,2016-09-13,2016
Ratan Tata,IdeaChakki,round_1367,Seed,,2016-09-13,2016
Indian Angels Network,ShoeKonnect,round_1368,Seed,,2016-09-13,2016
BlackSoil Capital Pvt. Ltd.,NearBuy,round_1369,Private Equity,2500000.0,2016-09-13,2016
Calcutta Angels Network,ZeroInfy,round_1370,Seed,,2016-09-14,2016
Balasubramanian Krishnamurthy,Flocareer,round_1371,Seed,150000.0,2016-09-14,2016
Sidhartha Hazarika & Others,Flocareer,round_1371,Seed,150000.0,2016-09-14,2016
Scadea Solutions Inc,LensPick,round_1372,Private Equity,,2016-09-14,2016
Dheeraj Jain,infeedo,round_1373,Seed,200000.0,2016-09-15,2016
Palash Jain,infeedo,round_1373,Seed,200000.0,2016-09-15,2016
Anupam Mittal,infeedo,round_1373,Seed,200000.0,2016-09-15,2016
Ameera Shah,infeedo,round_1373,Seed,200000.0,2016-09-15,2016
\\xc2\\xa0 Vivek Bhargava,infeedo,round_1373,Seed,200000.0,2016-09-15,2016
Rahul Singh,infeedo,round_1373,Seed,200000.0,2016-09-15,2016
Ambarish Gupta,infeedo,round_1373,Seed,200000.0,2016-09-15,2016
Lightbox Ventures and others,Furlenco,round_1374,Private Equity,5000000.0,2016-09-15,2016
Nexus Venture Partners,GoPigeon,round_1375,Private Equity,1500000.0,2016-09-15,2016
Ganesh Narasimhan,NewsDistill,round_1376,Seed,100000.0,2016-09-16,2016
Ramana Thumu,NewsDistill,round_1376,Seed,100000.0,2016-09-16,2016
Sudhir Mallem,NewsDistill,round_1376,Seed,100000.0,2016-09-16,2016
RoundGlass Partners,DoctorInsta,round_1377,Private Equity,1000000.0,2016-09-16,2016
Accel Partners,Milofy,round_1378,Seed,750000.0,2016-09-19,2016
Gray Matters Capital,Liqvid,round_1379,Private Equity,,2016-09-19,2016
Bessemer Venture Partners,Swiggy,round_1380,Private Equity,15000000.0,2016-09-19,2016
CIO Angel Network,Codemojo,round_1381,Seed,,2016-09-20,2016
LetsVenture,JustLikeNew,round_1382,Seed,500000.0,2016-09-20,2016
Sumit Jain,JoeHukum,round_1383,Seed,,2016-09-20,2016
KellyGamma,PurpleDocs,round_1385,Seed,,2016-09-21,2016
Lead Angels & Others,PurpleDocs,round_1385,Seed,,2016-09-21,2016
Goldman Sachs Group,Pepperfry,round_1386,Private Equity,31300000.0,2016-09-21,2016
Zodius Technology Fund,Pepperfry,round_1386,Private Equity,31300000.0,2016-09-21,2016
Norwest Venture Partners,Pepperfry,round_1386,Private Equity,31300000.0,2016-09-21,2016
Bertelsmann India,Pepperfry,round_1386,Private Equity,31300000.0,2016-09-21,2016
Lothal Angel Ventures,eQuickies,round_1387,Seed,298000.0,2016-09-21,2016
Anglian Omega Network,Khel Now,round_1388,Seed,350000.0,2016-09-21,2016
Carpediem Capital,Gadgetwood,round_1389,Private Equity,6000000.0,2016-09-22,2016
Accel Partners,DailyRounds,round_1390,Private Equity,,2016-09-22,2016
Beenext,DailyRounds,round_1390,Private Equity,,2016-09-22,2016
Powerhouse Ventures,DailyRounds,round_1390,Private Equity,,2016-09-22,2016
Akusa Holdings,DailyRounds,round_1390,Private Equity,,2016-09-22,2016
Rebright Partners,Flixy Games,round_1391,Seed,425000.0,2016-09-22,2016
Currae Healthtech Fund,PharmaRack,round_1393,Private Equity,745000.0,2016-09-22,2016
Unicorn India Ventures,PharmaRack,round_1393,Private Equity,745000.0,2016-09-22,2016
Vertex Ventures,\\xc2\\xa0CloudCherry,round_1394,Private Equity,6000000.0,2016-09-23,2016
Cisco Ventures,\\xc2\\xa0CloudCherry,round_1394,Private Equity,6000000.0,2016-09-23,2016
IDG Ventures,\\xc2\\xa0CloudCherry,round_1394,Private Equity,6000000.0,2016-09-23,2016
Rohit MA,Parentlane,round_1395,Seed,,2016-09-23,2016
Idea Wave Labs,First Moms Club,round_1396,Seed,,2016-09-23,2016
Prashant Tandon,inMotion,round_1397,Seed,,2016-09-23,2016
Gaurav Agarwal,inMotion,round_1397,Seed,,2016-09-23,2016
Gaurav Bhogle,inMotion,round_1397,Seed,,2016-09-23,2016
Shrishti Sahu,inMotion,round_1397,Seed,,2016-09-23,2016
Shantanu Mathur,inMotion,round_1397,Seed,,2016-09-23,2016
Prabhat Aggarwal,inMotion,round_1397,Seed,,2016-09-23,2016
Scale Ventures Funds,Let\xe2\x80\x99s Barter,round_1398,Seed,,2016-09-26,2016
Procam International Pvt. Ltd,EvenGini,round_1399,Private Equity,,2016-09-26,2016
Flipkart Logistics Pvt. Ltd,TinyStep,round_1400,Private Equity,1580000.0,2016-09-27,2016
Pratik Seal,Canvs,round_1401,Seed,,2016-09-27,2016
Venture Catalysts,Beardo,round_1402,Seed,500000.0,2016-09-28,2016
Swastika Co Ltd.,Instacar,round_1403,Seed,1000000.0,2016-09-28,2016
Endiya Partners,Celes Care,round_1404,Seed,1000000.0,2016-09-28,2016
Sequoia India,Druva,round_1405,Private Equity,51000000.0,2016-09-28,2016
EDBI,Druva,round_1405,Private Equity,51000000.0,2016-09-28,2016
Blue Cloud Ventures,Druva,round_1405,Private Equity,51000000.0,2016-09-28,2016
Hercules Capital,Druva,round_1405,Private Equity,51000000.0,2016-09-28,2016
Now Capital,Promon,round_1406,Seed,180000.0,2016-09-29,2016
Kanwaljit Singh,Fastudent,round_1407,Seed,,2016-09-29,2016
Ajay Lakhotia,Fastudent,round_1407,Seed,,2016-09-29,2016
Pavan Ongole,Fastudent,round_1407,Seed,,2016-09-29,2016
Ashish Gupta,Fastudent,round_1407,Seed,,2016-09-29,2016
Blume Ventures,Unocoin,round_1408,Private Equity,1500000.0,2016-09-29,2016
"Mumbai Angels, ah! Ventures",Unocoin,round_1408,Private Equity,1500000.0,2016-09-29,2016
Digital Currency Group,Unocoin,round_1408,Private Equity,1500000.0,2016-09-29,2016
Boost VC,Unocoin,round_1408,Private Equity,1500000.0,2016-09-29,2016
Bank to the Future and Funders Club,Unocoin,round_1408,Private Equity,1500000.0,2016-09-29,2016
Deepak Nathani,Demyto,round_1409,Seed,,2016-09-30,2016
Bhavin Turakhia,Zeta,round_1410,Private Equity,19000000.0,2016-09-30,2016
Rajasthan Angel Innovators Network,Kalaage,round_1411,Seed,,2016-09-30,2016
Sequoia Capital India,HealthKart,round_1412,Private Equity,12000000.0,2016-08-01,2016
Omidyar Network,HealthKart,round_1412,Private Equity,12000000.0,2016-08-01,2016
Kae Capital,HealthKart,round_1412,Private Equity,12000000.0,2016-08-01,2016
Mudit Saxena,Medinfi,round_1413,Seed,200000.0,2016-08-01,2016
Evan Lim,Medinfi,round_1413,Seed,200000.0,2016-08-01,2016
Undisclosed HNIs,RepairEasy,round_1414,Seed,275000.0,2016-08-01,2016
InnoVen Capital,Voonik,round_1415,Private Equity,3000000.0,2016-08-01,2016
Syska LED group,Tokri,round_1416,Private Equity,2500000.0,2016-08-01,2016
Lumis Partners,Sheroes,round_1417,Private Equity,1800000.0,2016-08-02,2016
The HR Fund,Sheroes,round_1417,Private Equity,1800000.0,2016-08-02,2016
Rajul Garg,Sheroes,round_1417,Private Equity,1800000.0,2016-08-02,2016
Quintillion Media,Sheroes,round_1417,Private Equity,1800000.0,2016-08-02,2016
Venk Krishnan,Daily Ninja,round_1418,Seed,,2016-08-02,2016
Aprameya Radhakrishna,Daily Ninja,round_1418,Seed,,2016-08-02,2016
Anupam Mittal,Daily Ninja,round_1418,Seed,,2016-08-02,2016
Kunal Shah,Daily Ninja,round_1418,Seed,,2016-08-02,2016
Tracxn Labs,Daily Ninja,round_1418,Seed,,2016-08-02,2016
Subramanya SV,Daily Ninja,round_1418,Seed,,2016-08-02,2016
Ravi Garkipati,Daily Ninja,round_1418,Seed,,2016-08-02,2016
Binny Bansal,Yumlane,round_1419,Seed,1000000.0,2016-08-02,2016
Anupam Mittal,Yumlane,round_1419,Seed,1000000.0,2016-08-02,2016
Sachin Bhatia,Yumlane,round_1419,Seed,1000000.0,2016-08-02,2016
Darius Pandole,Yumlane,round_1419,Seed,1000000.0,2016-08-02,2016
Kunal Khattar,Yumlane,round_1419,Seed,1000000.0,2016-08-02,2016
Dheerag Jain,Yumlane,round_1419,Seed,1000000.0,2016-08-02,2016
RoundGlass Partners,Xcode,round_1420,Private Equity,,2016-08-03,2016
Brand Capital,ExtraCarbon,round_1421,Seed,225000.0,2016-08-03,2016
Paul Roy,FlickBay,round_1422,Seed,890000.0,2016-08-03,2016
Existing Investors,Petoo,round_1423,Seed,500000.0,2016-08-04,2016
Anglian Omega Network,lehlehsports,round_1424,Seed,,2016-08-04,2016
Inventus Capital Partners,Tricog,round_1425,Private Equity,,2016-08-05,2016
Blume Ventures & Others,Tricog,round_1425,Private Equity,,2016-08-05,2016
Promatus Group,VST Travels,round_1426,Seed,27000.0,2016-08-06,2016
Geniee,AdPushUp,round_1427,Private Equity,,2016-08-08,2016
Inc,AdPushUp,round_1427,Private Equity,,2016-08-08,2016
Purvi Capital,AdPushUp,round_1427,Private Equity,,2016-08-08,2016
Swastika Company Ltd.,Wefly Indoor Skydiving,round_1428,Seed,40000.0,2016-08-08,2016
1Crowd (through crowd funding),Zipgrid,round_1430,Seed,200000.0,2016-08-08,2016
Centre for Innovation Incubation and Entrepreneurship (CIIE),MobiDent,round_1431,Seed,,2016-08-09,2016
Centre for Innovation Incubation and Entrepreneurship (CIIE),Zeolr/RespirON,round_1432,Seed,,2016-08-09,2016
Anupam Mittal,Vebbler,round_1433,Seed,500000.0,2016-08-10,2016
Sharad Sharma & 14 others,Vebbler,round_1433,Seed,500000.0,2016-08-10,2016
Noshir Kaka,Bombay Shaving Company,round_1434,Seed,600000.0,2016-08-10,2016
Subramanian Ramadorai,Bombay Shaving Company,round_1434,Seed,600000.0,2016-08-10,2016
Kiran Deshpande,Bombay Shaving Company,round_1434,Seed,600000.0,2016-08-10,2016
Pankaj Gupta,Bombay Shaving Company,round_1434,Seed,600000.0,2016-08-10,2016
Ravi Nigam & Others,Bombay Shaving Company,round_1434,Seed,600000.0,2016-08-10,2016
Gujarat Venture Finance Limited (GVFL),Travelyaari,round_1435,Private Equity,7000000.0,2016-08-11,2016
Bennett Coleman & Co. Ltd,Travelyaari,round_1435,Private Equity,7000000.0,2016-08-11,2016
Khattar Holdings,91SpringBoard,round_1436,Private Equity,,2016-08-11,2016
ThirtyThree Investments,91SpringBoard,round_1436,Private Equity,,2016-08-11,2016
Soumitra Sharma,91SpringBoard,round_1436,Private Equity,,2016-08-11,2016
Deepak Sharma,91SpringBoard,round_1436,Private Equity,,2016-08-11,2016
Sumit Dayal and others,91SpringBoard,round_1436,Private Equity,,2016-08-11,2016
1Crowd (through crowdfunding),Genextstudents,round_1437,Seed,209000.0,2016-08-11,2016
Norwest Venture Partners,Zenoti,round_1438,Private Equity,15000000.0,2016-08-11,2016
Accel India,Zenoti,round_1438,Private Equity,15000000.0,2016-08-11,2016
Mukul Singhal,Crofarm,round_1439,Private Equity,1500000.0,2016-08-12,2016
Rohit Jain,Crofarm,round_1439,Private Equity,1500000.0,2016-08-12,2016
Himanshu Aggrawal,Crofarm,round_1439,Private Equity,1500000.0,2016-08-12,2016
Sunil Goyal Ashish Gupta,Crofarm,round_1439,Private Equity,1500000.0,2016-08-12,2016
Brand Capital,Faircent.com,round_1440,Private Equity,1500000.0,2016-08-12,2016
Westbridge Capital Partners,Innovaccer,round_1441,Private Equity,15600000.0,2016-08-12,2016
HT Media Ltd,Funcastic,round_1443,Seed,,2016-08-12,2016
North Base Media,Funcastic,round_1443,Seed,,2016-08-12,2016
Anand Chandrasekaran,Buttercups,round_1444,Seed,,2016-08-15,2016
Kanwaljit Singh,Buttercups,round_1444,Seed,,2016-08-15,2016
Manoj Varghese,Buttercups,round_1444,Seed,,2016-08-15,2016
Ashvin Chadha,Zappfresh,round_1445,Seed,,2016-08-16,2016
SoftBank Group,OyoRooms,round_1446,Private Equity,62000000.0,2016-08-16,2016
Tencent Holdings,Hike,round_1447,Private Equity,175000000.0,2016-08-16,2016
Foxconn Technology Group,Hike,round_1447,Private Equity,175000000.0,2016-08-16,2016
Tiger Global,Hike,round_1447,Private Equity,175000000.0,2016-08-16,2016
SoftBank Group,Hike,round_1447,Private Equity,175000000.0,2016-08-16,2016
Bharti Enterprises,Hike,round_1447,Private Equity,175000000.0,2016-08-16,2016
Powerhouse Ventures,Joolz,round_1448,Private Equity,500000.0,2016-08-16,2016
M&S Partners,Joolz,round_1448,Private Equity,500000.0,2016-08-16,2016
Brand Capital,SaleBhai,round_1449,Private Equity,1500000.0,2016-08-16,2016
Anand Chandrasekaran,Makkajai,round_1450,Seed,250000.0,2016-08-16,2016
Ananth Narayanan,Makkajai,round_1450,Seed,250000.0,2016-08-16,2016
Mekin Maheshwari,Makkajai,round_1450,Seed,250000.0,2016-08-16,2016
Ravi Garikipati,Makkajai,round_1450,Seed,250000.0,2016-08-16,2016
Divyesh Shah,Makkajai,round_1450,Seed,250000.0,2016-08-16,2016
Swastika Company Ltd,Makkajai,round_1450,Seed,250000.0,2016-08-16,2016
Undisclosed Dubai based HNIs,Gradopedia,round_1451,Seed,,2016-08-16,2016
Swan Angel Network,MaalGaadi,round_1452,Seed,375000.0,2016-08-17,2016
Sachin Khandelwal and others,MaalGaadi,round_1452,Seed,375000.0,2016-08-17,2016
Swan Angel Network,ZiPi,round_1453,Seed,,2016-08-17,2016
SeedPlus,Appknox,round_1454,Private Equity,675000.0,2016-08-17,2016
Infocomm Investments,Appknox,round_1454,Private Equity,675000.0,2016-08-17,2016
Accel Partners RNT Associates,Appknox,round_1454,Private Equity,675000.0,2016-08-17,2016
Indian Angel Network,Pikkol,round_1455,Seed,,2016-08-17,2016
Kashyap Deorah,Meesho,round_1456,Seed,,2016-08-18,2016
Rajul Garg,Meesho,round_1456,Seed,,2016-08-18,2016
Maninder Gulati,Meesho,round_1456,Seed,,2016-08-18,2016
Speridian Technologies,Sesame Software,round_1457,Private Equity,,2016-08-18,2016
Brand Capital,Quikr,round_1458,Private Equity,20000000.0,2016-08-19,2016
Rainmatter,Digio,round_1459,Private Equity,375000.0,2016-08-19,2016
Aspire Systems,Ziffity,round_1460,Private Equity,,2016-08-19,2016
Satish Vasudeva,Zzungry,round_1461,Seed,,2016-08-22,2016
Madhusudhan Jujare & Others,Zzungry,round_1461,Seed,,2016-08-22,2016
Torrent Group,Puro Wellness,round_1462,Private Equity,37000000.0,2016-08-22,2016
Saha Fund,Fitternity,round_1463,Private Equity,,2016-08-22,2016
Exfinity Venture Partners & Others,Fitternity,round_1463,Private Equity,,2016-08-22,2016
Vijay Kedia,TAC Security,round_1464,Seed,,2016-08-23,2016
Riju Gupta,Notesgen,round_1465,Seed,100000.0,2016-08-23,2016
Kamal Chabra,Notesgen,round_1465,Seed,100000.0,2016-08-23,2016
Dr. Goutam Challagalla,NearU,round_1466,Seed,,2016-08-23,2016
Outbox Ventures,Octo.ai,round_1467,Seed,200000.0,2016-08-23,2016
Jaspreet Bindra,Octo.ai,round_1467,Seed,200000.0,2016-08-23,2016
Arjun Malhotra,Octo.ai,round_1467,Seed,200000.0,2016-08-23,2016
Rohan Malhotra,Octo.ai,round_1467,Seed,200000.0,2016-08-23,2016
Sidharth Rao,Octo.ai,round_1467,Seed,200000.0,2016-08-23,2016
Rakesh Agrawal,Octo.ai,round_1467,Seed,200000.0,2016-08-23,2016
ah! Ventures,ShaadiSaga,round_1468,Seed,,2016-08-24,2016
Anupam Mittal,ShaadiSaga,round_1468,Seed,,2016-08-24,2016
Kunal Shah,ShaadiSaga,round_1468,Seed,,2016-08-24,2016
Sandeep Tandon,ShaadiSaga,round_1468,Seed,,2016-08-24,2016
Dheeraj Jain,ShaadiSaga,round_1468,Seed,,2016-08-24,2016
Rohit Chokhani,ShaadiSaga,round_1468,Seed,,2016-08-24,2016
Blume Ventures,UnaAcademy,round_1469,Private Equity,1000000.0,2016-08-24,2016
Sachin Bansal,UnaAcademy,round_1469,Private Equity,1000000.0,2016-08-24,2016
Vijay Shekhar Sharma,UnaAcademy,round_1469,Private Equity,1000000.0,2016-08-24,2016
Binny Bansal,UnaAcademy,round_1469,Private Equity,1000000.0,2016-08-24,2016
\\xc2\\xa0 Kunal Shah,UnaAcademy,round_1469,Private Equity,1000000.0,2016-08-24,2016
Sandeep Tandon,UnaAcademy,round_1469,Private Equity,1000000.0,2016-08-24,2016
Ashish Tulsian,UnaAcademy,round_1469,Private Equity,1000000.0,2016-08-24,2016
Kalaari Capital,Advenio,round_1470,Seed,100000.0,2016-08-24,2016
Kalaari Capital,Guarented,round_1471,Seed,500000.0,2016-08-24,2016
Vineet Taneja,Beyond Evolution,round_1472,Seed,,2016-08-24,2016
Kamal Puri,Beyond Evolution,round_1472,Seed,,2016-08-24,2016
Mohit Lalvani,Uber Dreams,round_1473,Seed,500000.0,2016-08-24,2016
Michael and Susan Dell Foundation,Convegenius,round_1474,Private Equity,900000.0,2016-08-24,2016
Trifecta Capital,UrbanLadder,round_1475,Private Equity,3000000.0,2016-08-24,2016
Kunal Shah,enCashea,round_1476,Seed,,2016-08-24,2016
Sandeep Tandon,enCashea,round_1476,Seed,,2016-08-24,2016
Tracxn Labs,enCashea,round_1476,Seed,,2016-08-24,2016
Scale Ventures,EngineerBabu,round_1477,Seed,,2016-08-25,2016
CureFit,Cult,round_1478,Private Equity,3000000.0,2016-08-25,2016
Fireside Ventures,WitWorks,round_1479,Seed,,2016-08-25,2016
Investopad,WitWorks,round_1479,Seed,,2016-08-25,2016
P39 Capital,WitWorks,round_1479,Seed,,2016-08-25,2016
Anupam Mittal,WitWorks,round_1479,Seed,,2016-08-25,2016
Pranay Jivrajka,WitWorks,round_1479,Seed,,2016-08-25,2016
Maninder Gulati,WitWorks,round_1479,Seed,,2016-08-25,2016
Abhinav Sinha,WitWorks,round_1479,Seed,,2016-08-25,2016
Globevestor Angel Fund,NearFox,round_1480,Seed,,2016-08-25,2016
Devendra Rane,NearFox,round_1480,Seed,,2016-08-25,2016
Ravi Jain,NearFox,round_1480,Seed,,2016-08-25,2016
\\xc2\\xa0 Arpan Nagdeve,NearFox,round_1480,Seed,,2016-08-25,2016
Ford Smart Mobility Llc,ZoomCar,round_1481,Private Equity,24000000.0,2016-08-25,2016
Instalabs,Plix,round_1482,Seed,500000.0,2016-08-26,2016
Net1 UEPS Technologies Inc,Mobikwik,round_1483,Private Equity,40000000.0,2016-08-26,2016
Undisclosed Ex Mckinsey Directors and Partners,MyDidi,round_1484,Seed,550000.0,2016-08-26,2016
Kunal Shah & Sandeep Tandon,CrownIt,round_1485,Seed,,2016-08-26,2016
Girish Mathrubootham,CrownIt,round_1485,Seed,,2016-08-26,2016
Anand Chandrasekaran,CrownIt,round_1485,Seed,,2016-08-26,2016
Dr. Abhishek Pandey,LoanTap,round_1486,Private Equity,3000000.0,2016-08-29,2016
Jaysukh Sapra,LoanTap,round_1486,Private Equity,3000000.0,2016-08-29,2016
Nexus Venture Partners,Runnr,round_1487,Private Equity,7000000.0,2016-08-29,2016
Blume Ventures,Runnr,round_1487,Private Equity,7000000.0,2016-08-29,2016
Hitouch AG,Zolo,round_1488,Private Equity,,2016-08-29,2016
Undisclosed HNI investors,Notion Press,round_1489,Private Equity,1000000.0,2016-08-29,2016
Bessemer Venture Partners,LivSpace,round_1490,Private Equity,15000000.0,2016-08-29,2016
Jungle Ventures,LivSpace,round_1490,Private Equity,15000000.0,2016-08-29,2016
Helion Ventures,LivSpace,round_1490,Private Equity,15000000.0,2016-08-29,2016
Rajasthan Angel Investor Network & Others,iAugmentor Labs,round_1491,Seed,149000.0,2016-08-30,2016
Ashutosh Lawania,DayBox,round_1492,Seed,104000.0,2016-08-30,2016
Rajul Jain,DayBox,round_1492,Seed,104000.0,2016-08-30,2016
Badal Malick,DayBox,round_1492,Seed,104000.0,2016-08-30,2016
Rishi Gupta & Others,DayBox,round_1492,Seed,104000.0,2016-08-30,2016
MediaTek Inc.,Paytm,round_1493,Private Equity,60000000.0,2016-08-30,2016
Sophia Investment ApS,CropIn,round_1494,Private Equity,2000000.0,2016-08-30,2016
Info Edge (India) Ltd,Canvera,round_1495,Private Equity,3000000.0,2016-08-30,2016
Ambit Pragma,Prime Focus Technologies,round_1496,Private Equity,,2016-08-30,2016
IDG Ventures,Flyrobe,round_1497,Private Equity,5300000.0,2016-08-31,2016
Sequoia Capital,Flyrobe,round_1497,Private Equity,5300000.0,2016-08-31,2016
GREE Ventures,Flyrobe,round_1497,Private Equity,5300000.0,2016-08-31,2016
Sarbvir Singh,inclov,round_1498,Seed,,2016-08-31,2016
Raghav Bahl,inclov,round_1498,Seed,,2016-08-31,2016
MasterCard,RazorPay,round_1499,Private Equity,,2016-07-01,2016
3one4 Capital,DarwinBox,round_1500,Seed,,2016-07-01,2016
Tracxn Labs,DarwinBox,round_1500,Seed,,2016-07-01,2016
Aaruha Technology Fund,DarwinBox,round_1500,Seed,,2016-07-01,2016
Endiya Partners,DarwinBox,round_1500,Seed,,2016-07-01,2016
Zaffiro Ventures,Venture Catalysts,round_1501,Seed,500000.0,2016-07-01,2016
Sequoia Capital,PressPlay TV,round_1502,Private Equity,,2016-07-01,2016
SD Ventures,PressPlay TV,round_1502,Private Equity,,2016-07-01,2016
Vistaar Investment Advisors Pvt. Ltd.,PressPlay TV,round_1502,Private Equity,,2016-07-01,2016
SAIF Partners,Playment,round_1503,Private Equity,700000.0,2016-07-02,2016
India Quotient,WealthTrust,round_1504,Seed,,2016-07-04,2016
Accel Partners,Curefit,round_1505,Private Equity,15000000.0,2016-07-04,2016
IDG Ventures,Curefit,round_1505,Private Equity,15000000.0,2016-07-04,2016
Kalaari Capital,Curefit,round_1505,Private Equity,15000000.0,2016-07-04,2016
Deepak Gupta,StitchWood,round_1506,Seed,200000.0,2016-07-04,2016
Aramex Ventures Llc,Grab.in,round_1507,Private Equity,2000000.0,2016-07-04,2016
Rajan Anandan,Fulfil.IO,round_1508,Seed,,2016-07-04,2016
IIFL Wealth Management Seed Venture Fund,NeoGrowth,round_1509,Private Equity,16000000.0,2016-07-04,2016
Omidyar Network,NeoGrowth,round_1509,Private Equity,16000000.0,2016-07-04,2016
Khosla Impact,NeoGrowth,round_1509,Private Equity,16000000.0,2016-07-04,2016
Aspada,NeoGrowth,round_1509,Private Equity,16000000.0,2016-07-04,2016
YourNest Angel Fund\\xc2\\xa0 & Others,SeeDoc,round_1510,Private Equity,1000000.0,2016-07-05,2016
Stripes Group,BookMyShow,round_1511,Private Equity,82000000.0,2016-07-05,2016
Network 18,BookMyShow,round_1511,Private Equity,82000000.0,2016-07-05,2016
Accel Partners,BookMyShow,round_1511,Private Equity,82000000.0,2016-07-05,2016
SAIF Partners,BookMyShow,round_1511,Private Equity,82000000.0,2016-07-05,2016
Sequoia Capital,Flyrobe,round_1512,Seed,1700000.0,2016-07-05,2016
Rohit Bansal,Flyrobe,round_1512,Seed,1700000.0,2016-07-05,2016
Kunal Bahl,Flyrobe,round_1512,Seed,1700000.0,2016-07-05,2016
Sandeep Tandon,Flyrobe,round_1512,Seed,1700000.0,2016-07-05,2016
Kunal Shah,Flyrobe,round_1512,Seed,1700000.0,2016-07-05,2016
Zishaan Hayath,Flyrobe,round_1512,Seed,1700000.0,2016-07-05,2016
\\xc2\\xa0 Abhishek Jain,Flyrobe,round_1512,Seed,1700000.0,2016-07-05,2016
Info Edge (India) Ltd,HappilyUnmarried,round_1513,Private Equity,740000.0,2016-07-06,2016
Gaurav Singhvi,Don\\xe2\\x80\\x99t Scratch Your Head,round_1514,Seed,250000.0,2016-07-06,2016
Zaffiro Ventures,Don\\xe2\\x80\\x99t Scratch Your Head,round_1514,Seed,250000.0,2016-07-06,2016
Kirthiga Reddy,Wedding Wishlist,round_1515,Seed,297000.0,2016-07-06,2016
Renuka Ramanath,Wedding Wishlist,round_1515,Seed,297000.0,2016-07-06,2016
Cherry Tin,Wedding Wishlist,round_1515,Seed,297000.0,2016-07-06,2016
Kalaari Capital,AppDaily,round_1516,Private Equity,2000000.0,2016-07-07,2016
"Qualcomm Ventures, ru-Net",AppDaily,round_1516,Private Equity,2000000.0,2016-07-07,2016
Zodius Technology Opportunities Fund,AppDaily,round_1516,Private Equity,2000000.0,2016-07-07,2016
Indian Angel Network,Adytude,round_1517,Private Equity,1000000.0,2016-07-07,2016
AVG Group,Quickli,round_1518,Private Equity,,2016-07-07,2016
500 Startups,Quickli,round_1518,Private Equity,,2016-07-07,2016
Rothenberg Ventures,SpectraVR,round_1519,Seed,,2016-07-07,2016
Alex Chua,Pitstop,round_1520,Seed,,2016-07-08,2016
Rahul Garg,Pitstop,round_1520,Seed,,2016-07-08,2016
Kalaari Capital,HolaChef,round_1521,Private Equity,1950000.0,2016-07-08,2016
India Quotient,HolaChef,round_1521,Private Equity,1950000.0,2016-07-08,2016
JSW Ventures,Purplle,round_1522,Private Equity,6000000.0,2016-07-11,2016
Blume Ventures & IvyCap Ventures,Purplle,round_1522,Private Equity,6000000.0,2016-07-11,2016
Brian Acton,Trak N Tell,round_1523,Private Equity,3500000.0,2016-07-11,2016
JSW Ventures,Overcart.com,round_1524,Private Equity,3000000.0,2016-07-11,2016
Omidyar Network,Overcart.com,round_1524,Private Equity,3000000.0,2016-07-11,2016
Sattva Capital,Overcart.com,round_1524,Private Equity,3000000.0,2016-07-11,2016
Venture Works,Overcart.com,round_1524,Private Equity,3000000.0,2016-07-11,2016
Sequoia Capital,SirionLabs,round_1525,Private Equity,12250000.0,2016-07-12,2016
Stanford Angels & Entrepreneurs,GyanDhan,round_1526,Seed,,2016-07-12,2016
Harvard Angels,GyanDhan,round_1526,Seed,,2016-07-12,2016
Mumbai Angels,MintM,round_1527,Private Equity,,2016-07-12,2016
\\xc2\\xa0 Times Internet,MintM,round_1527,Private Equity,,2016-07-12,2016
Ashish Mahajan,HitGrit,round_1528,Seed,,2016-07-12,2016
Sarvesh Sharma,HitGrit,round_1528,Seed,,2016-07-12,2016
Rishi Parti,Find My Stay,round_1529,Seed,,2016-07-12,2016
Yogesh Bansal,Find My Stay,round_1529,Seed,,2016-07-12,2016
Rainmaker Ventures,YAAP,round_1530,Private Equity,5000000.0,2016-07-13,2016
Ajay Piramal,Utoo Cabs,round_1531,Seed,,2016-07-13,2016
Tracxn Labs,Twigly,round_1532,Seed,600000.0,2016-07-13,2016
Hyderabad Angels,Twigly,round_1532,Seed,600000.0,2016-07-13,2016
Kunal Shah,Twigly,round_1532,Seed,600000.0,2016-07-13,2016
Gaurav Bhalotia,Twigly,round_1532,Seed,600000.0,2016-07-13,2016
SAIF Partners,ShareChat,round_1533,Private Equity,1350000.0,2016-07-13,2016
India Quotient,ShareChat,round_1533,Private Equity,1350000.0,2016-07-13,2016
Unitus Seed Fund,Urban Tailor,round_1534,Private Equity,,2016-07-13,2016
Accel Partners,RentMojo,round_1535,Private Equity,5000000.0,2016-07-13,2016
IDG Ventures India,RentMojo,round_1535,Private Equity,5000000.0,2016-07-13,2016
Brand Capital,CityFurnish,round_1536,Seed,,2016-07-13,2016
Jaspal Bindra,HEAL Institute,round_1537,Seed,,2016-07-13,2016
Parth Jindal,HEAL Institute,round_1537,Seed,,2016-07-13,2016
Keiretsu Forum,Augrav,round_1538,Seed,450000.0,2016-07-14,2016
Plug and Play Tech Center,ShoppinPal,round_1539,Private Equity,1070000.0,2016-07-14,2016
Steelhead Ventures & Others,ShoppinPal,round_1539,Private Equity,1070000.0,2016-07-14,2016
500 Startups,TransTutors / AskIITians,round_1540,Private Equity,,2016-07-14,2016
SRI Capital,WorkApps,round_1541,Seed,1000000.0,2016-07-15,2016
Sumit Jain,BaggOut,round_1543,Seed,,2016-07-15,2016
Sumit Jain,BaggOut,round_1543,Seed,,2016-07-15,2016
Anurag Gupta,BaggOut,round_1543,Seed,,2016-07-15,2016
Varun Khanna,BaggOut,round_1543,Seed,,2016-07-15,2016
Faraz Khan,BaggOut,round_1543,Seed,,2016-07-15,2016
GEMS group,TripShelf,round_1544,Seed,250000.0,2016-07-15,2016
Abhijit Avasthi,SatvaCart,round_1545,Seed,,2016-07-15,2016
Karan Chellani,SatvaCart,round_1545,Seed,,2016-07-15,2016
SP Vijay,SatvaCart,round_1545,Seed,,2016-07-15,2016
Times Internet,Ridlr,round_1546,Private Equity,6000000.0,2016-07-15,2016
Innoven Capital,Ridlr,round_1546,Private Equity,6000000.0,2016-07-15,2016
Matrix Partners India,Ridlr,round_1546,Private Equity,6000000.0,2016-07-15,2016
Qualcomm Ventures,Ridlr,round_1546,Private Equity,6000000.0,2016-07-15,2016
SRI Capital,Yellowdig,round_1547,Seed,650000.0,2016-07-18,2016
SRI Capital,Zuppler,round_1548,Seed,650000.0,2016-07-18,2016
IIFL and Accel Partners,BlueStone,round_1549,Private Equity,30000000.0,2016-07-18,2016
Kalaari Capital,BlueStone,round_1549,Private Equity,30000000.0,2016-07-18,2016
IvyCap Ventures,BlueStone,round_1549,Private Equity,30000000.0,2016-07-18,2016
RB Investments,BlueStone,round_1549,Private Equity,30000000.0,2016-07-18,2016
Intelli Reboot Digital Pvt. Ltd,underDOGS,round_1550,Private Equity,,2016-07-18,2016
Satish Jamdar,ImageProVision,round_1551,Seed,,2016-07-18,2016
Star India Pvt. Ltd,Sagacito,round_1552,Private Equity,10000000.0,2016-07-19,2016
Franklin Templeton International Services Pvt. Ltd,Deal4Loans / Wishfin,round_1553,Private Equity,15000000.0,2016-07-19,2016
Prime Venture Partners,NiYO Solutions,round_1554,Private Equity,1000000.0,2016-07-19,2016
Green House Ventures Accelerator,AppLop,round_1555,Seed,250000.0,2016-07-19,2016
Abhishek Agarwal,Truckola,round_1557,Seed,595000.0,2016-07-20,2016
Krishnakumar Nataraj,Truckola,round_1557,Seed,595000.0,2016-07-20,2016
Sarath Sura,Truckola,round_1557,Seed,595000.0,2016-07-20,2016
Shanti Mohan,Truckola,round_1557,Seed,595000.0,2016-07-20,2016
Sarthak and Nihit Agarwal,Truckola,round_1557,Seed,595000.0,2016-07-20,2016
Suramya Gupta,Truckola,round_1557,Seed,595000.0,2016-07-20,2016
Nilesh Shah,iServe Financial,round_1558,Seed,,2016-07-20,2016
Nihon Kotsu Co,MyTaxiIndia,round_1559,Private Equity,1000000.0,2016-07-21,2016
Swastika Company Pvt Ltd,AbeRuk,round_1560,Seed,,2016-07-21,2016
Indian Angel Network,Wiwigo,round_1561,Seed,595000.0,2016-07-21,2016
Verlinvest,Drums Food,round_1562,,,2016-07-21,2016
DSG Consumer Partners,Drums Food,round_1562,,,2016-07-21,2016
Edelweiss Private Equity,BRIDGEi2I,round_1564,Private Equity,,2016-06-01,2016
Beenext,Droom,round_1565,Private Equity,,2016-06-02,2016
Digital Garage,Droom,round_1565,Private Equity,,2016-06-02,2016
Lightbox,Droom,round_1565,Private Equity,,2016-06-02,2016
Beenos,Droom,round_1565,Private Equity,,2016-06-02,2016
MapmyIndia,Visit,round_1566,Seed,,2016-06-02,2016
Parampara Capital,Atomberg,round_1567,Private Equity,1000000.0,2016-06-02,2016
Venture Catalysts,Coutloot,round_1568,Seed,,2016-06-02,2016
Rainmaker Ventures,Limo,round_1569,Private Equity,1000000.0,2016-06-02,2016
MadhanKumar Madathupalayam,iCliniq,round_1570,Seed,,2016-06-03,2016
Romulus Capital,Vyome Biosciences,round_1572,Private Equity,2000000.0,2016-06-03,2016
Sreenivasa Reddy Musani,SillyMonks,round_1573,Seed,448000.0,2016-06-06,2016
Sequoia Capital,CueMath,round_1574,Private Equity,4000000.0,2016-06-07,2016
Unitus Seed Fund,CueMath,round_1574,Private Equity,4000000.0,2016-06-07,2016
Yeahmobi,KrazyBee,round_1575,Private Equity,2000000.0,2016-06-07,2016
Fenqile,KrazyBee,round_1575,Private Equity,2000000.0,2016-06-07,2016
Microsoft Ventures,HelpShift,round_1577,Private Equity,23000000.0,2016-06-07,2016
Salesforce Ventures,HelpShift,round_1577,Private Equity,23000000.0,2016-06-07,2016
Kalaari Capital,CreditVidya,round_1578,Private Equity,1000000.0,2016-06-07,2016
Sarath Sura,Grey Campus,round_1579,Seed,1000000.0,2016-06-08,2016
Kae Capital,ListUp,round_1580,Seed,500000.0,2016-06-08,2016
Kunal Shah,ListUp,round_1580,Seed,500000.0,2016-06-08,2016
Sandeep Tandon,ListUp,round_1580,Seed,500000.0,2016-06-08,2016
Indian Angel Network,6Degree,round_1581,Seed,200000.0,2016-06-08,2016
Sanjiv Rai,Shopwati,round_1582,Seed,,2016-06-08,2016
Kunal Shah,Cookifi,round_1583,Seed,,2016-06-08,2016
Aneesh Reddy,Cookifi,round_1583,Seed,,2016-06-08,2016
Tracxn Labs,Cookifi,round_1583,Seed,,2016-06-08,2016
Venkat Tadanki,Cookifi,round_1583,Seed,,2016-06-08,2016
Krishna Mehra,Cookifi,round_1583,Seed,,2016-06-08,2016
Amit Rathore,Cookifi,round_1583,Seed,,2016-06-08,2016
Axiata Digital,StoreKing,round_1584,Private Equity,16000000.0,2016-06-08,2016
Ankit Maheshwari,Wired Hub,round_1585,Seed,,2016-06-08,2016
Anand Singh,Wired Hub,round_1585,Seed,,2016-06-08,2016
BlackJag Partners,MySeniorDoctor,round_1586,Seed,200000.0,2016-06-08,2016
Cameron Jones,Teabox,round_1587,Seed,,2016-06-09,2016
Ritesh Dwivedy,ExtraaEdge,round_1588,Seed,,2016-06-09,2016
Priti Padhy,ExtraaEdge,round_1588,Seed,,2016-06-09,2016
3 undisclosed HNIs,EPayLater,round_1589,Seed,2000000.0,2016-06-09,2016
Ratan Tata,Kyazoonga,round_1590,Seed,,2016-06-10,2016
CIO Angel Network,Paytunes,round_1591,Private Equity,500000.0,2016-06-10,2016
Indian Angel Network,Paytunes,round_1591,Private Equity,500000.0,2016-06-10,2016
Vivek Joshi,Kickstart Jobs,round_1592,Seed,,2016-06-10,2016
Mohit Satyanand,Kickstart Jobs,round_1592,Seed,,2016-06-10,2016
Amit Banati,Kickstart Jobs,round_1592,Seed,,2016-06-10,2016
Arun Khanna,Kickstart Jobs,round_1592,Seed,,2016-06-10,2016
Edelweiss Private Equity,Freshee,round_1593,Private Equity,,2016-06-10,2016
Ratan Tata,MadRat Games,round_1594,Seed,,2016-06-10,2016
Bhavish Aggarwal,MadRat Games,round_1594,Seed,,2016-06-10,2016
Ankit Bhati,MadRat Games,round_1594,Seed,,2016-06-10,2016
Binny Bansal,MadRat Games,round_1594,Seed,,2016-06-10,2016
Girish Mathrubootham,MadRat Games,round_1594,Seed,,2016-06-10,2016
TVS Automobile Solutions Ltd,Jazzmyride,round_1595,Private Equity,,2016-06-11,2016
TVS Automobile Solutions Ltd,AutoSense,round_1596,Private Equity,,2016-06-11,2016
TVS Automobile Solutions Ltd,Redsun Telematics,round_1597,Private Equity,,2016-06-11,2016
50K Ventures,KhanaGadi,round_1598,Seed,,2016-06-13,2016
Viridian Capital,Matrubharti,round_1600,Seed,30000.0,2016-06-13,2016
EVC Ventures,EdTechReview,round_1601,Seed,,2016-06-14,2016
Valpro Capital and existing investors,Bonhomia,round_1602,Private Equity,,2016-06-14,2016
MCube8,Gobolt,round_1603,Seed,,2016-06-14,2016
You & Mr Jones,Jivox,round_1604,Private Equity,6000000.0,2016-06-14,2016
Fortisure Ventures,Jivox,round_1604,Private Equity,6000000.0,2016-06-14,2016
Diaz Nesamoney,Jivox,round_1604,Private Equity,6000000.0,2016-06-14,2016
Saama Capital,Sminq,round_1605,Seed,1000000.0,2016-06-14,2016
Blume Ventures & Vaibhav Domkundwar,Sminq,round_1605,Seed,1000000.0,2016-06-14,2016
Accel Partners India,CureJoy,round_1606,Private Equity,4400000.0,2016-06-14,2016
Indian Angel Network,Oneway.cab,round_1607,Seed,450000.0,2016-06-15,2016
IvyCap Ventures and Unicorn India Ventures,GrabOnRent,round_1608,Private Equity,,2016-06-15,2016
Info Edge (India) Ltd,Diro Labs,round_1609,Private Equity,450000.0,2016-06-16,2016
Info Edge (India) Ltd,Unnati Helpers,round_1610,Private Equity,600000.0,2016-06-16,2016
Atul Ingle,Athletto,round_1611,Seed,,2016-06-16,2016
Guy Oseary,Saavn,round_1612,Private Equity,,2016-06-16,2016
Sequoia Capital,Voonik,round_1613,Private Equity,20000000.0,2016-06-16,2016
Nimmagadda Prasad,ThinkPhi,round_1614,Seed,,2016-06-16,2016
Ravi Adusumalli,Cleartax,round_1615,Private Equity,12000000.0,2016-06-17,2016
SAIF Partners,Cleartax,round_1615,Private Equity,12000000.0,2016-06-17,2016
Infuse Ventures,Silvan Innovation Labs,round_1616,Private Equity,900000.0,2016-06-17,2016
New Enterprise Associates (NEA),GreytHR,round_1617,Private Equity,5200000.0,2016-06-17,2016
Blume Ventures,GreytHR,round_1617,Private Equity,5200000.0,2016-06-17,2016
BetOnIndia Technology Pvt Ltd,Duffl,round_1618,Seed,,2016-06-17,2016
Sanjay Verma,BYG,round_1619,Seed,,2016-06-17,2016
Amit Khanna (LetsVenture),BYG,round_1619,Seed,,2016-06-17,2016
Hamraj Kumar,Qonfuse,round_1621,Seed,,2016-06-20,2016
Timbru Ventures,The Indian IRIS,round_1622,Seed,,2016-06-20,2016
Swan Angel Network,Onspoon,round_1623,Seed,150000.0,2016-06-21,2016
Idein Ventures,REstate,round_1624,Seed,,2016-06-21,2016
Concur Technologies,Cleartrip,round_1625,Private Equity,,2016-06-21,2016
Gund Investment,Cleartrip,round_1625,Private Equity,,2016-06-21,2016
IndiaMart,ProcMart,round_1626,Private Equity,,2016-06-21,2016
Bitkemy Ventures,Celerix,round_1627,Seed,400000.0,2016-06-21,2016
Unicorn Venture,NatureNama,round_1628,Seed,225000.0,2016-06-21,2016
CP Bothra,CyclopsMedtech,round_1629,Seed,,2016-06-21,2016
The Chennai Angels,Syona Cosmetics,round_1630,Seed,150000.0,2016-06-21,2016
RB Investments PTE Ltd,PrettySecrets,round_1631,Private Equity,6000000.0,2016-06-21,2016
Orios Venture Partners,PrettySecrets,round_1631,Private Equity,6000000.0,2016-06-21,2016
Rahul Kirloskar,SpiderG,round_1632,Seed,150000.0,2016-06-22,2016
Fusion Tech Ventures,SpiderG,round_1632,Seed,150000.0,2016-06-22,2016
Adi Saravanan,SpiderG,round_1632,Seed,150000.0,2016-06-22,2016
Pravin Dongre,SpiderG,round_1632,Seed,150000.0,2016-06-22,2016
Mahendra Doshi,SpiderG,round_1632,Seed,150000.0,2016-06-22,2016
Saif Partners,FarEye,round_1633,Private Equity,3500000.0,2016-06-23,2016
Purvi Ventures,The Uolo,round_1634,Seed,210000.0,2016-06-23,2016
Rajul Garg,The Uolo,round_1634,Seed,210000.0,2016-06-23,2016
Vipin Arora,The Uolo,round_1634,Seed,210000.0,2016-06-23,2016
Indian Angel Network,Staqu,round_1635,Seed,,2016-06-23,2016
Rise India,Padhopadhao,round_1636,Private Equity,,2016-06-23,2016
Jitendra Gupta,Drivify,round_1637,Seed,50000.0,2016-06-24,2016
Pankaj Tripathi,Drivify,round_1637,Seed,50000.0,2016-06-24,2016
Nexus Venture Partners,PratiLipi,round_1638,Seed,,2016-06-24,2016
Kalaari Capital,ParaBlu,round_1639,Seed,500000.0,2016-06-24,2016
GVFL,Schedulers Logistics,round_1640,Private Equity,6000000.0,2016-06-24,2016
Mayfield Ventures,LEAP India,round_1641,Private Equity,3000000.0,2016-06-24,2016
SAIF Partners,YourDost,round_1643,Seed,1200000.0,2016-06-27,2016
Aprameya Radhakrishnan,YourDost,round_1643,Seed,1200000.0,2016-06-27,2016
Phanindra Sama,YourDost,round_1643,Seed,1200000.0,2016-06-27,2016
Subba Rao Telidevara,YourDost,round_1643,Seed,1200000.0,2016-06-27,2016
Vibhu Garg,YourDost,round_1643,Seed,1200000.0,2016-06-27,2016
Paula Ravindra Mariwala,YourDost,round_1643,Seed,1200000.0,2016-06-27,2016
Gaurav Bhalotia,YourDost,round_1643,Seed,1200000.0,2016-06-27,2016
Kanodia family,Voler Cars,round_1645,Seed,,2016-06-27,2016
Amit Banka,Voler Cars,round_1645,Seed,,2016-06-27,2016
GVFL Ltd,Travelyaari,round_1646,Private Equity,3000000.0,2016-06-27,2016
Accel Partners,FabHotels,round_1647,Private Equity,8000000.0,2016-06-28,2016
RB Investments,FabHotels,round_1647,Private Equity,8000000.0,2016-06-28,2016
Bertelsmann India Investments,LendingKart,round_1649,Private Equity,32000000.0,2016-06-28,2016
Mayfield India,LendingKart,round_1649,Private Equity,32000000.0,2016-06-28,2016
Saama Capital,LendingKart,round_1649,Private Equity,32000000.0,2016-06-28,2016
India Quotient,LendingKart,round_1649,Private Equity,32000000.0,2016-06-28,2016
Sanjeev Sinha,Hello Tax,round_1650,Seed,295000.0,2016-06-28,2016
Soniks Consulting,MySuperBrain,round_1651,Seed,,2016-06-28,2016
vCommission,LetReach,round_1653,Private Equity,100000.0,2016-06-29,2016
Harsh Vardhan Hada,TrendieApp,round_1654,Seed,50000.0,2016-06-29,2016
Piyush Jain,ImpactGuru,round_1655,Seed,,2016-06-29,2016
Uniqorn Ventures Fund,Velvetcase,round_1656,Private Equity,1500000.0,2016-06-29,2016
TV Mohandas Pai,Velvetcase,round_1656,Private Equity,1500000.0,2016-06-29,2016
S Somasegar,Velvetcase,round_1656,Private Equity,1500000.0,2016-06-29,2016
Brand Capital,Meru Cabs,round_1657,Private Equity,25000000.0,2016-06-30,2016
Aarin Capital,Campus Diaries,round_1658,Seed,220000.0,2016-06-30,2016
Omidyar Network,Scripbox,round_1659,Private Equity,,2016-06-30,2016
Accel Partners & existing investors,Scripbox,round_1659,Private Equity,,2016-06-30,2016
Carpediem Capital & Others,Biryani Blues,round_1660,Private Equity,368000.0,2016-06-30,2016
Niloufer Dundh,MotoMojo,round_1661,Seed,,2016-05-01,2016
Fauzan Rahim,MotoMojo,round_1661,Seed,,2016-05-01,2016
Balamurugan Mani,MotoMojo,round_1661,Seed,,2016-05-01,2016
The Chennai Angels,Get My Parking,round_1662,Seed,376000.0,2016-05-01,2016
Ankush Mehta,Prescribez,round_1663,Seed,145000.0,2016-05-01,2016
StartupXseed Ventures,Airwood,round_1664,Seed,,2016-05-02,2016
GMO Payment Gateway,Mobikwik,round_1665,Private Equity,50000000.0,2016-05-03,2016
MediaTek,Mobikwik,round_1665,Private Equity,50000000.0,2016-05-03,2016
Brand Capital,iDreamCareer,round_1666,Private Equity,,2016-05-03,2016
Shruth & Smith Group,Zuver,round_1669,Seed,180000.0,2016-05-03,2016
Hermes Group,Zuver,round_1669,Seed,180000.0,2016-05-03,2016
Blume Ventures,Prepathon,round_1670,Private Equity,,2016-05-03,2016
Rohan Angrish,EasyRoads,round_1671,Seed,200000.0,2016-05-04,2016
Hrishi Oberoi,EasyRoads,round_1671,Seed,200000.0,2016-05-04,2016
Rahul Mehta,EasyRoads,round_1671,Seed,200000.0,2016-05-04,2016
Kapil Hetamsaria,EasyRoads,round_1671,Seed,200000.0,2016-05-04,2016
Pranav Dedhia,EasyRoads,round_1671,Seed,200000.0,2016-05-04,2016
International Finance Corp,Lenskart,round_1672,Private Equity,60000000.0,2016-05-04,2016
TPG Growth,Lenskart,round_1672,Private Equity,60000000.0,2016-05-04,2016
Adveq Management,Lenskart,round_1672,Private Equity,60000000.0,2016-05-04,2016
IDG Ventures,Lenskart,round_1672,Private Equity,60000000.0,2016-05-04,2016
Ratan Tata,Lenskart,round_1672,Private Equity,60000000.0,2016-05-04,2016
Kris Gopalakrishnan,Lenskart,round_1672,Private Equity,60000000.0,2016-05-04,2016
Sistema Asia Fund,Seclore,round_1673,Private Equity,12000000.0,2016-05-04,2016
Helion Venture,Seclore,round_1673,Private Equity,12000000.0,2016-05-04,2016
VentureEast,Seclore,round_1673,Private Equity,12000000.0,2016-05-04,2016
India Alternatives,Seclore,round_1673,Private Equity,12000000.0,2016-05-04,2016
Grex.in,SolarTown,round_1674,Seed,200000.0,2016-05-04,2016
Grex.in,Comarete,round_1675,Seed,200000.0,2016-05-04,2016
Kalaari Capital Accelerator Program,Active.ai,round_1677,Seed,500000.0,2016-05-04,2016
Kalaari Capital Accelerator Program,Affordplan,round_1678,Seed,500000.0,2016-05-04,2016
Kalaari Capital Accelerator Program,Indee,round_1679,Seed,500000.0,2016-05-04,2016
IDG Ventures,Unbxd,round_1680,Private Equity,,2016-05-05,2016
Inventus Capital,Unbxd,round_1680,Private Equity,,2016-05-05,2016
Indian Angel Network,Unbxd,round_1680,Private Equity,,2016-05-05,2016
Group of undisclosed Angel Investors & HNIs,WebAlligator,round_1681,Seed,375000.0,2016-05-05,2016
MoMagic Technologies,EduAce Services,round_1682,Private Equity,1000000.0,2016-05-06,2016
Rajul Garg & Others,Meesho,round_1683,Seed,,2016-05-06,2016
Exfinity Venture Partners,Locus,round_1685,Private Equity,2750000.0,2016-05-09,2016
Blume Ventures,Locus,round_1685,Private Equity,2750000.0,2016-05-09,2016
BeeNext,Locus,round_1685,Private Equity,2750000.0,2016-05-09,2016
Rajesh Ranavat,Locus,round_1685,Private Equity,2750000.0,2016-05-09,2016
Roopak Saluja,Toko Innovations,round_1686,Seed,450000.0,2016-05-09,2016
Vishal Khare,Toko Innovations,round_1686,Seed,450000.0,2016-05-09,2016
Manish Kheterpal,Rentickle,round_1687,Seed,250000.0,2016-05-09,2016
Vinay Mittal,Rentickle,round_1687,Seed,250000.0,2016-05-09,2016
Dinesh Mittal,Rentickle,round_1687,Seed,250000.0,2016-05-09,2016
Sandeep Gupta,Rentickle,round_1687,Seed,250000.0,2016-05-09,2016
IDG Ventures India,HealthifyMe,round_1688,Private Equity,6000000.0,2016-05-10,2016
Inventus Capital,HealthifyMe,round_1688,Private Equity,6000000.0,2016-05-10,2016
Blume Ventures,HealthifyMe,round_1688,Private Equity,6000000.0,2016-05-10,2016
Accel Partners,Zarget,round_1689,Private Equity,1500000.0,2016-05-10,2016
Matrix Partners,Zarget,round_1689,Private Equity,1500000.0,2016-05-10,2016
Girish Mathrubootham,Zarget,round_1689,Private Equity,1500000.0,2016-05-10,2016
NanoHoldings,InnoNano Research,round_1690,Private Equity,18000000.0,2016-05-10,2016
Norwest Venture Partners,Swiggy,round_1692,Private Equity,7000000.0,2016-05-10,2016
DST Global,Swiggy,round_1692,Private Equity,7000000.0,2016-05-10,2016
Accel Partners,Swiggy,round_1692,Private Equity,7000000.0,2016-05-10,2016
JM Financial Products Ltd,Faircent,round_1694,Private Equity,,2016-05-11,2016
Arun Tadanki,Faircent,round_1694,Private Equity,,2016-05-11,2016
Doreswamy Nandkishore,Faircent,round_1694,Private Equity,,2016-05-11,2016
Kshitij Jain,Faircent,round_1694,Private Equity,,2016-05-11,2016
Khazanah Nasional Berhad,Fractal Analytics,round_1695,Private Equity,100000000.0,2016-05-11,2016
Blume Ventures,Unacademy,round_1696,Seed,500000.0,2016-05-12,2016
Rajan Anandan,Unacademy,round_1696,Seed,500000.0,2016-05-12,2016
Sumit Jain,Unacademy,round_1696,Seed,500000.0,2016-05-12,2016
Aprameya Radhakrishna,Unacademy,round_1696,Seed,500000.0,2016-05-12,2016
Sujeet Kumar,Unacademy,round_1696,Seed,500000.0,2016-05-12,2016
Phanindra Sama,Unacademy,round_1696,Seed,500000.0,2016-05-12,2016
Creation Investments Capital Management,Capital Float,round_1697,Private Equity,25000000.0,2016-05-12,2016
SAIF Partners,Capital Float,round_1697,Private Equity,25000000.0,2016-05-12,2016
Sequoia Capital,Capital Float,round_1697,Private Equity,25000000.0,2016-05-12,2016
Aspada Ventures,Capital Float,round_1697,Private Equity,25000000.0,2016-05-12,2016
GROUPE SOS,Life Circle,round_1698,Private Equity,150000.0,2016-05-12,2016
Rakesh Gupta,Dream Wallets,round_1699,Seed,,2016-05-12,2016
Aditya Aggarwal,Dream Wallets,round_1699,Seed,,2016-05-12,2016
Siddharth Banerjee,Dream Wallets,round_1699,Seed,,2016-05-12,2016
Vikas Ranjan,Dream Wallets,round_1699,Seed,,2016-05-12,2016
Anshul Jindal,Dream Wallets,round_1699,Seed,,2016-05-12,2016
"Sunil Koul, and Sanjeev Agrawal",Dream Wallets,round_1699,Seed,,2016-05-12,2016
ah! Ventures,ShabdNagari,round_1700,Seed,,2016-05-12,2016
Phanindra Sama,Galleri5,round_1701,Seed,,2016-05-12,2016
Raghunandan G,Galleri5,round_1701,Seed,,2016-05-12,2016
Anurag Chauhan,Derbii,round_1702,Seed,,2016-05-12,2016
Matrix Partners,StayZilla,round_1703,Private Equity,13500000.0,2016-05-13,2016
Nexus Ventures,StayZilla,round_1703,Private Equity,13500000.0,2016-05-13,2016
Undisclosed Investors & Tamarind Family Private Trust,WoW Express,round_1704,Private Equity,2200000.0,2016-05-13,2016
S Chand,Smartivity,round_1705,Private Equity,1000000.0,2016-05-16,2016
AdvantEdge Partners,Smartivity,round_1705,Private Equity,1000000.0,2016-05-16,2016
Kinnevik Group,BedBathMore,round_1706,Private Equity,,2016-05-16,2016
Rocket Internet,BedBathMore,round_1706,Private Equity,,2016-05-16,2016
Rata Tata,Murgency,round_1707,Private Equity,,2016-05-17,2016
Accel Partners,Crownit,round_1708,Private Equity,,2016-05-17,2016
Helion Venture Partners,Crownit,round_1708,Private Equity,,2016-05-17,2016
Anupam Mittal,Blinge,round_1709,Seed,,2016-05-17,2016
Anuj Srivastava,Blinge,round_1709,Seed,,2016-05-17,2016
Ankit Nagori,Blinge,round_1709,Seed,,2016-05-17,2016
YourNest Angel Fund,TheSmartQ,round_1710,Seed,250000.0,2016-05-18,2016
Katabole Technology Venture,PurpleHealth,round_1711,Seed,100000.0,2016-05-18,2016
Subramanya SV,Fundamentor,round_1712,Seed,,2016-05-18,2016
Kaizen Management Advisors,EduPristine,round_1713,Private Equity,10000000.0,2016-05-18,2016
DeVry Inc,EduPristine,round_1713,Private Equity,10000000.0,2016-05-18,2016
Blume Ventures,BhiveWorkspace,round_1714,Private Equity,1000000.0,2016-05-18,2016
Sujeet Kumar,Parentlane,round_1715,Seed,,2016-05-18,2016
Aprameya,Parentlane,round_1715,Seed,,2016-05-18,2016
Sumit Jain,Parentlane,round_1715,Seed,,2016-05-18,2016
Subramanya Venkat,Parentlane,round_1715,Seed,,2016-05-18,2016
Venk,Parentlane,round_1715,Seed,,2016-05-18,2016
Ravi Machani,Parentlane,round_1715,Seed,,2016-05-18,2016
Hitesh Gupta,Parentlane,round_1715,Seed,,2016-05-18,2016
Rohit Choudhary,Parentlane,round_1715,Seed,,2016-05-18,2016
Ratan Tata,Niki.ai,round_1717,Private Equity,,2016-05-19,2016
Undisclosed HNIs,TaxiVaxi,round_1718,Seed,500000.0,2016-05-19,2016
Chatsworth Management,Veqta,round_1719,Seed,500000.0,2016-05-19,2016
ITW Digital,Veqta,round_1719,Seed,500000.0,2016-05-19,2016
Pradeep Reddy Kamasan,EduRev,round_1721,Seed,,2016-05-23,2016
vCommission,Hoppingo,round_1722,Seed,89000.0,2016-05-23,2016
MCube Capital Advisors Pvt Ltd,Eatonomist,round_1723,Seed,,2016-05-24,2016
Undisclosed HNIs,Goalwise,round_1724,Seed,1000000.0,2016-05-24,2016
Indian Angel Network,Roast,round_1725,Seed,,2016-05-25,2016
Gray Matters Capital,Address Health,round_1726,Private Equity,1500000.0,2016-05-25,2016
Sudhir Mehta,Arcatron Mobility,round_1727,Seed,100000.0,2016-05-25,2016
Anand Mahindra,SheThePeople,round_1728,Seed,,2016-05-25,2016
FF Angel,Cleartax,round_1729,Private Equity,2000000.0,2016-05-26,2016
Sequoia Capital,Cleartax,round_1729,Private Equity,2000000.0,2016-05-26,2016
Accel Partners,Consure Medical,round_1730,Private Equity,,2016-05-26,2016
Indian Angel Network,Consure Medical,round_1730,Private Equity,,2016-05-26,2016
India Innovation Fund India Venture Partners,Consure Medical,round_1730,Private Equity,,2016-05-26,2016
MoMagic Technologies,mChamp,round_1731,Seed,475000.0,2016-05-26,2016
Kunal Shah,Pianta,round_1732,Seed,,2016-05-27,2016
Sandeep Tandon,Pianta,round_1732,Seed,,2016-05-27,2016
Anirudh Damani,Vahanalytics,round_1733,Seed,200000.0,2016-05-30,2016
Vikram Lakhotia,Vahanalytics,round_1733,Seed,200000.0,2016-05-30,2016
Ashish Gupta and other undisclosed investors,Play Your Sport,round_1734,Seed,,2016-05-31,2016
HT Media Ltd,Koovs,round_1735,Private Equity,4400000.0,2016-05-31,2016
NSI Infinium Global Pvt. Ltd,CCavenue,round_1736,Private Equity,8900000.0,2016-05-31,2016
HBM Healthcare Investments,1mg,round_1737,Private Equity,,2016-05-31,2016
Ashish Gupta,Tpot,round_1738,Seed,,2016-05-31,2016
Nelstone Ventures,Dil Mil,round_1740,Private Equity,2700000.0,2016-04-01,2016
Transmedia Capital,Dil Mil,round_1740,Private Equity,2700000.0,2016-04-01,2016
Maiden Lane Ventures,Dil Mil,round_1740,Private Equity,2700000.0,2016-04-01,2016
CSC Upshot & Angel investors,Dil Mil,round_1740,Private Equity,2700000.0,2016-04-01,2016
Raman Roy,PicsDream,round_1741,Seed,,2016-04-01,2016
Indian Angel Network,Process 9,round_1742,Seed,,2016-04-01,2016
Alok Sharma,Process 9,round_1742,Seed,,2016-04-01,2016
Kris Gopalakrishnan,Process 9,round_1742,Seed,,2016-04-01,2016
"Saurabh Srivastava, and Ajai Chowdhry",Process 9,round_1742,Seed,,2016-04-01,2016
Vineet Singh,Housing,round_1743,Private Equity,,2016-04-04,2016
Equentia Natural Resource & Other undisclosed investors,Roll Mafia,round_1744,Seed,,2016-04-04,2016
Xiaomi Inc,Hungama,round_1745,Private Equity,25000000.0,2016-04-04,2016
N.S. Raghavan Centre for Entrepreneurial Learning,Highway Delite,round_1746,Seed,,2016-04-04,2016
Mukesh Bansal,Cult Fitness,round_1747,Seed,,2016-04-05,2016
Times Internet Ltd,Haptik,round_1748,Private Equity,,2016-04-05,2016
Blume Ventures,Servify,round_1749,Private Equity,,2016-04-05,2016
Barkawi Holdings GmbH,Servify,round_1749,Private Equity,,2016-04-05,2016
TM Service Technology Holdings GmbH,Servify,round_1749,Private Equity,,2016-04-05,2016
DTDC Express Ltd,Shipsy,round_1750,Private Equity,1000000.0,2016-04-06,2016
Ninestarter,gear6,round_1751,Seed,500000.0,2016-04-06,2016
L\\xe2\\x80\\x99Occitane,MyGlamm,round_1752,Private Equity,6000000.0,2016-04-06,2016
Axilor Ventures,Petoo,round_1753,Private Equity,1000000.0,2016-04-06,2016
Nazara Technologies Pvt Ltd,Truly Social,round_1754,Private Equity,,2016-04-07,2016
IDG,Little Black Book,round_1755,Seed,,2016-04-08,2016
Indian Angel Network,Little Black Book,round_1755,Seed,,2016-04-08,2016
Villgro,Vahan,round_1756,Seed,,2016-04-08,2016
Mahendra Patel,imedilane,round_1757,Seed,40000.0,2016-04-08,2016
Nilender Chauhan,imedilane,round_1757,Seed,40000.0,2016-04-08,2016
Rattan Chadha,Living Local,round_1758,Seed,200000.0,2016-04-11,2016
Wingify,Vegfru,round_1759,Seed,,2016-04-11,2016
Softbank,Oyo,round_1760,Private Equity,100000000.0,2016-04-11,2016
Sequoia Capital,Oyo,round_1760,Private Equity,100000000.0,2016-04-11,2016
Lightspeed Venture Partners,Oyo,round_1760,Private Equity,100000000.0,2016-04-11,2016
Greenoaks Capital,Oyo,round_1760,Private Equity,100000000.0,2016-04-11,2016
DSG Consumer Partners and Venture Nursery,Oyo,round_1760,Private Equity,100000000.0,2016-04-11,2016
Prashant Puri,PriceRaja,round_1761,Seed,300000.0,2016-04-11,2016
Kris Gopalakrishnan,MagicX,round_1762,Seed,1000000.0,2016-04-12,2016
Dr. Ranjan Pai,MagicX,round_1762,Seed,1000000.0,2016-04-12,2016
Shaan,Happydemic,round_1763,Seed,,2016-04-12,2016
Anirudh Damani,LenDenClub,round_1764,Seed,,2016-04-12,2016
Daud Ali,LenDenClub,round_1764,Seed,,2016-04-12,2016
Narendra Karnavat,LenDenClub,round_1764,Seed,,2016-04-12,2016
Vikas Kapoor,LenDenClub,round_1764,Seed,,2016-04-12,2016
Vikram Lakhotia,LenDenClub,round_1764,Seed,,2016-04-12,2016
Krishna Jhunjhunwaala,LenDenClub,round_1764,Seed,,2016-04-12,2016
Jayesh Shah,LenDenClub,round_1764,Seed,,2016-04-12,2016
Anil Kapoor,Indi.com,round_1765,Seed,,2016-04-12,2016
Pravin Khandelwal,Legalraasta,round_1766,Seed,1000000.0,2016-04-13,2016
Yatin Kumar Jain,Legalraasta,round_1766,Seed,1000000.0,2016-04-13,2016
Dr. Aniruddha Malpani,RainCan,round_1767,Seed,150000.0,2016-04-13,2016
Dr. Sridhar Ramaswamy,Hippily,round_1768,Seed,250000.0,2016-04-13,2016
Rakesh Mathur,Hippily,round_1768,Seed,250000.0,2016-04-13,2016
Prime Venture Partners,kredX,round_1769,Seed,750000.0,2016-04-13,2016
StartUp Equity Partners,Wedwise,round_1770,Seed,,2016-04-14,2016
Rajeev Agrawal,BeaconsTalk,round_1771,Seed,100000.0,2016-04-14,2016
Prashant Gooty,BeaconsTalk,round_1771,Seed,100000.0,2016-04-14,2016
Ram Shriram,Deal 4Loans,round_1772,Seed,,2016-04-15,2016
Neeraj Arora,Deal 4Loans,round_1772,Seed,,2016-04-15,2016
Puru Vashishtha,Deal 4Loans,round_1772,Seed,,2016-04-15,2016
Mount Nathan Advisors,RenewBuy,round_1773,Seed,1000000.0,2016-04-15,2016
Mahavir Pratap Sharma,Blue Box Media,round_1774,Seed,,2016-04-15,2016
Ajay Data,Blue Box Media,round_1774,Seed,,2016-04-15,2016
Yogesh Chaudhary,Blue Box Media,round_1774,Seed,,2016-04-15,2016
Sanjay Phophaliya,Blue Box Media,round_1774,Seed,,2016-04-15,2016
Siddharth Agarwal,Blue Box Media,round_1774,Seed,,2016-04-15,2016
Kamal Kothari,Blue Box Media,round_1774,Seed,,2016-04-15,2016
Naturals Salon Chain,Vyomo,round_1775,Private Equity,15000000.0,2016-04-15,2016
Vivek Nathani,Organicshop,round_1776,Seed,,2016-04-15,2016
Yogesh Chaudhary,Organicshop,round_1776,Seed,,2016-04-15,2016
Mahavir Pratap Sharma,Organicshop,round_1776,Seed,,2016-04-15,2016
Kamal Kothari,Organicshop,round_1776,Seed,,2016-04-15,2016
H C Jain,Organicshop,round_1776,Seed,,2016-04-15,2016
Tiger Global,NestAway,round_1778,Private Equity,30000000.0,2016-04-15,2016
Vijay Shekhar Sharma,Tapchief,round_1779,Seed,150000.0,2016-04-15,2016
Pawan Munjal,Rapido,round_1780,Private Equity,,2016-04-18,2016
AdvantEdge Partners,Rapido,round_1780,Private Equity,,2016-04-18,2016
Astarc Ventures,Rapido,round_1780,Private Equity,,2016-04-18,2016
Ajay Data & other HNIs,Yufta,round_1781,Seed,,2016-04-18,2016
Rajan Anandan,Smytten,round_1782,Seed,,2016-04-18,2016
Mitin Patel,Houssup,round_1783,Seed,,2016-04-18,2016
Gaurav Agarwal,Houssup,round_1783,Seed,,2016-04-18,2016
Paytm & existing investors,Jugnoo,round_1784,Private Equity,10000000.0,2016-04-18,2016
Bhavish Aggarwal,Tork Motocycles,round_1785,Seed,,2016-04-18,2016
Ankit Bhati,Tork Motocycles,round_1785,Seed,,2016-04-18,2016
Stanford Angels,Betaout,round_1786,Private Equity,1500000.0,2016-04-19,2016
LetsVenture,Betaout,round_1786,Private Equity,1500000.0,2016-04-19,2016
Chennai Angels,Betaout,round_1786,Private Equity,1500000.0,2016-04-19,2016
Hyderabad Angels,Betaout,round_1786,Private Equity,1500000.0,2016-04-19,2016
Mumbai Angels,Betaout,round_1786,Private Equity,1500000.0,2016-04-19,2016
ah! Ventures,DriversCart,round_1787,Seed,450000.0,2016-04-19,2016
Ratan Tata,LensKart,round_1788,Private Equity,,2016-04-19,2016
Man Capital,CollegeDekho,round_1789,Private Equity,2000000.0,2016-04-19,2016
RN Agarwal,OYOfit,round_1790,Seed,,2016-04-19,2016
India Educational Investment Fund,Oliveboard,round_1791,Private Equity,,2016-04-19,2016
Brand Capital,Simplilearn,round_1792,Private Equity,,2016-04-19,2016
Maverick Capital Ventures,1mg,round_1793,Private Equity,15000000.0,2016-04-20,2016
Sequoia Capital,1mg,round_1793,Private Equity,15000000.0,2016-04-20,2016
Omidyar Network,1mg,round_1793,Private Equity,15000000.0,2016-04-20,2016
YourNest Angel Fund,Fashalot,round_1794,Seed,,2016-04-20,2016
Rajul Garg,Fashalot,round_1794,Seed,,2016-04-20,2016
Undisclosed Angel investors & HNIs,Broomberg,round_1795,Seed,,2016-04-20,2016
Blume Ventures,m.paani,round_1796,Seed,,2016-04-21,2016
Adil Allana,m.paani,round_1796,Seed,,2016-04-21,2016
Aprameya Radhakrishna,m.paani,round_1796,Seed,,2016-04-21,2016
Gautam Ivatury,m.paani,round_1796,Seed,,2016-04-21,2016
Signal Point Partners,m.paani,round_1796,Seed,,2016-04-21,2016
Ajay Data & undisclosed HNIs,Yufta,round_1797,Seed,,2016-04-21,2016
M&Y Partners,mishTag,round_1798,Seed,,2016-04-21,2016
SVG Media,mishTag,round_1798,Seed,,2016-04-21,2016
Anthil Ventures & others,mishTag,round_1798,Seed,,2016-04-21,2016
GirnarSoft,Advanced Structures India,round_1799,Private Equity,,2016-04-21,2016
Mayfield India II Management Ltd,Licious,round_1800,Private Equity,3000000.0,2016-04-22,2016
Inventus Capital Partners,Knolskae,round_1801,Private Equity,,2016-04-22,2016
HR Fund,Knolskae,round_1801,Private Equity,,2016-04-22,2016
NTT Finance,Druva,round_1802,Private Equity,,2016-04-22,2016
Telephone Corporation,Druva,round_1802,Private Equity,,2016-04-22,2016
Indian Angel network,TOKO Innovation Studios,round_1803,Seed,450000.0,2016-04-22,2016
50K Ventures,Commut,round_1804,Seed,200000.0,2016-04-25,2016
Blume Ventures,intouchapp,round_1805,Seed,,2016-04-25,2016
GrowthStory,Dropkaffe,round_1806,Seed,550000.0,2016-04-25,2016
Apurva Salapuria,Dropkaffe,round_1806,Seed,550000.0,2016-04-25,2016
Hitesh Oberoi,Dropkaffe,round_1806,Seed,550000.0,2016-04-25,2016
Sidharth Pansari,Dropkaffe,round_1806,Seed,550000.0,2016-04-25,2016
Nirupa Shankar,Dropkaffe,round_1806,Seed,550000.0,2016-04-25,2016
IDFC SPICE Fund,Transerv,round_1807,Private Equity,15000000.0,2016-04-26,2016
Micromax Informatics,Transerv,round_1807,Private Equity,15000000.0,2016-04-26,2016
Max Levchin,ClearTax,round_1808,Private Equity,1300000.0,2016-04-26,2016
Scott Banister,ClearTax,round_1808,Private Equity,1300000.0,2016-04-26,2016
Bertelsmann India Investments,Roposo,round_1809,Private Equity,15000000.0,2016-04-26,2016
EVC Ventures,MilkBasket,round_1810,Seed,500000.0,2016-04-27,2016
Farooq Oomerbhoy,CareonGO,round_1811,Seed,,2016-04-27,2016
Anupam Mittal,CareonGO,round_1811,Seed,,2016-04-27,2016
Anand Mittal,CareonGO,round_1811,Seed,,2016-04-27,2016
Ravi Garikipati,CareonGO,round_1811,Seed,,2016-04-27,2016
Vibhu Garg,CareonGO,round_1811,Seed,,2016-04-27,2016
Singapore Angel Network,CareonGO,round_1811,Seed,,2016-04-27,2016
Konglo Ventures,CareonGO,round_1811,Seed,,2016-04-27,2016
Nandan Nilekani,RailYatri,round_1812,Private Equity,,2016-04-27,2016
Helion Ventures,RailYatri,round_1812,Private Equity,,2016-04-27,2016
Omidyar Networks,RailYatri,round_1812,Private Equity,,2016-04-27,2016
Blume Ventures,RailYatri,round_1812,Private Equity,,2016-04-27,2016
Axilor Ventures,Murgency,round_1814,Private Equity,,2016-04-27,2016
Blume Ventures & Other unnamed Investors,The Wedding Brigade,round_1815,Seed,600000.0,2016-04-28,2016
Rebright Partners,DocsApp,round_1816,Private Equity,1200000.0,2016-04-28,2016
Anand Rajaraman,DocsApp,round_1816,Private Equity,1200000.0,2016-04-28,2016
Venky Harinarayan,DocsApp,round_1816,Private Equity,1200000.0,2016-04-28,2016
RB Investments,Impact Guru,round_1817,Seed,500000.0,2016-04-29,2016
Fundnel,Impact Guru,round_1817,Seed,500000.0,2016-04-29,2016
vCommission,LetReach,round_1818,Private Equity,100000.0,2016-04-29,2016
Unitus Seed Fund,DriveU,round_1819,Seed,,2016-03-01,2016
RoundGlass Partners,Gympik,round_1820,Private Equity,,2016-03-01,2016
S Chand & Co,Testbook,round_1821,Private Equity,,2016-03-01,2016
Lip-Bu Tan,IQlect,round_1822,Private Equity,,2016-03-01,2016
Michael Marks,IQlect,round_1822,Private Equity,,2016-03-01,2016
Nicolas Braithwaite,IQlect,round_1822,Private Equity,,2016-03-01,2016
YourNest Angel Fund,MoMark,round_1823,Private Equity,600000.0,2016-03-02,2016
Kludein LLC\\nPhanindra Sama,Skedool,round_1824,Seed,,2016-03-02,2016
Narayan Ramachandran,Skedool,round_1824,Seed,,2016-03-02,2016
Pranav Pai,Skedool,round_1824,Seed,,2016-03-02,2016
Nandan Nilekani,Systemantics,round_1825,Private Equity,1400000.0,2016-03-02,2016
Accel Partners,Systemantics,round_1825,Private Equity,1400000.0,2016-03-02,2016
Dino Morea,Vertuals,round_1826,Seed,,2016-03-03,2016
Blinc Advisors,Imarticus Learning,round_1827,Private Equity,1000000.0,2016-03-03,2016
Amit Nanavati,Imarticus Learning,round_1827,Private Equity,1000000.0,2016-03-03,2016
Tashwinder Singh,Imarticus Learning,round_1827,Private Equity,1000000.0,2016-03-03,2016
Taranjit Jaswal,Imarticus Learning,round_1827,Private Equity,1000000.0,2016-03-03,2016
Amit Khanna,Imarticus Learning,round_1827,Private Equity,1000000.0,2016-03-03,2016
Matt Glickman,TinyStep,round_1829,Private Equity,,2016-03-04,2016
YourNest Angel Fund,Aahaa,round_1830,Private Equity,1000000.0,2016-03-04,2016
Sudhir Mehta,Arcatron Mobility,round_1831,Seed,,2016-03-04,2016
Anoop Hingorani,Arcatron Mobility,round_1831,Seed,,2016-03-04,2016
IvyCap Ventures,FTCash,round_1832,Seed,150000.0,2016-03-04,2016
Manoj Kumar & Other undisclosed investors,Civilsdaily,round_1833,Seed,,2016-03-04,2016
Daman Soni,Zappka,round_1834,Seed,100000.0,2016-03-04,2016
Rajat Gupta & Others,Zappka,round_1834,Seed,100000.0,2016-03-04,2016
Mohit Gulati,Tarusa World,round_1835,Seed,,2016-03-04,2016
Artiman Ventures,medECUBE,round_1836,Private Equity,4000000.0,2016-03-04,2016
Ruchirans Jaipuria,N.O.W,round_1837,Seed,500000.0,2016-03-07,2016
Anuj Sanghi,N.O.W,round_1837,Seed,500000.0,2016-03-07,2016
Accel Partners,Ninjacart,round_1838,Private Equity,3000000.0,2016-03-07,2016
Qualcomm Ventures,Ninjacart,round_1838,Private Equity,3000000.0,2016-03-07,2016
M&S Partners,Ninjacart,round_1838,Private Equity,3000000.0,2016-03-07,2016
Zop Smart,Ninjacart,round_1838,Private Equity,3000000.0,2016-03-07,2016
Rebright Partners,Reach,round_1839,Seed,500000.0,2016-03-07,2016
Sol Primero,Reach,round_1839,Seed,500000.0,2016-03-07,2016
Sudhir Anandarao,Reach,round_1839,Seed,500000.0,2016-03-07,2016
Ankur Warikoo,Reach,round_1839,Seed,500000.0,2016-03-07,2016
Ankur Singla,Reach,round_1839,Seed,500000.0,2016-03-07,2016
Unicorn Ventures,Vanity Cube,round_1840,Seed,250000.0,2016-03-07,2016
Naveen Tewari,Wooplr,round_1841,Seed,,2016-03-07,2016
Abhay Singhal,Wooplr,round_1841,Seed,,2016-03-07,2016
Amit Gupta,Wooplr,round_1841,Seed,,2016-03-07,2016
Piyush Shah,Wooplr,round_1841,Seed,,2016-03-07,2016
Raghunandan G,Wooplr,round_1841,Seed,,2016-03-07,2016
Rajiv Mehta,Wooplr,round_1841,Seed,,2016-03-07,2016
Undisclosed private investors,Medidaili,round_1842,Seed,100000.0,2016-03-07,2016
Matrix Partners India,Finomena,round_1843,Private Equity,,2016-03-08,2016
Vijay Krishna Yadav,Cookaroo,round_1844,Seed,,2016-03-08,2016
Apoorv Ranjan Sharma,vPhrase Analytics,round_1845,Seed,,2016-03-08,2016
Daud Ali and others,vPhrase Analytics,round_1845,Seed,,2016-03-08,2016
Prime Venture Partners,LoveCycles,round_1846,Seed,750000.0,2016-03-08,2016
Undisclosed Japanese investor,Kartrocket,round_1847,Private Equity,8000000.0,2016-03-08,2016
Bertelsmann India Investments,Kartrocket,round_1847,Private Equity,8000000.0,2016-03-08,2016
Nirvana Digital India Fund,Kartrocket,round_1847,Private Equity,8000000.0,2016-03-08,2016
Nirvana Digital Investment Holding Co Ltd,Kartrocket,round_1847,Private Equity,8000000.0,2016-03-08,2016
500 Start-Ups,Kartrocket,round_1847,Private Equity,8000000.0,2016-03-08,2016
Aspada Investment Advisors,dunzo,round_1848,Seed,650000.0,2016-03-08,2016
Blume Ventures.,dunzo,round_1848,Seed,650000.0,2016-03-08,2016
Amadeus Capital,Indiamart,round_1849,Private Equity,,2016-03-09,2016
Indian Angel Network,SmartVizX,round_1850,Seed,500000.0,2016-03-09,2016
Stanford Angels,SmartVizX,round_1850,Seed,500000.0,2016-03-09,2016
Entrepreneurs India,SmartVizX,round_1850,Seed,500000.0,2016-03-09,2016
"Vipul Parekh, ajesh K Murthy",MyGubbi,round_1851,Seed,2500000.0,2016-03-09,2016
PurpleTalk Inc,Nukkad Shops,round_1852,Seed,1000000.0,2016-03-09,2016
Amit Choudhary,Cloudacar,round_1853,Seed,,2016-03-09,2016
Anuj Puri,Cloudacar,round_1853,Seed,,2016-03-09,2016
Dheeraj Jain & Other angel investors,Justride,round_1854,Seed,400000.0,2016-03-09,2016
Puneet Gupta,Yana,round_1855,Seed,,2016-03-09,2016
Raj Gala Shah,Stylflip,round_1857,Seed,,2016-03-10,2016
Zaheer Memon,Stylflip,round_1857,Seed,,2016-03-10,2016
Ignition Partners,Icertis,round_1858,Private Equity,15000000.0,2016-03-10,2016
Greycroft Partners,Icertis,round_1858,Private Equity,15000000.0,2016-03-10,2016
Fidelity Growth Partners India,Icertis,round_1858,Private Equity,15000000.0,2016-03-10,2016
Mohit Goel,Supplified,round_1859,Seed,1000000.0,2016-03-10,2016
Janak Parikh,JollyFoodFellow,round_1860,Seed,,2016-03-11,2016
Hari Krishna,PinkBlue,round_1861,Seed,223608.0,2016-03-14,2016
Ajay Modani,PinkBlue,round_1861,Seed,223608.0,2016-03-14,2016
Dr V Ravinder,PinkBlue,round_1861,Seed,223608.0,2016-03-14,2016
Anirudh Rastogi,PinkBlue,round_1861,Seed,223608.0,2016-03-14,2016
Abhishek Jain,PinkBlue,round_1861,Seed,223608.0,2016-03-14,2016
Rakesh Gakhar,PinkBlue,round_1861,Seed,223608.0,2016-03-14,2016
Rajeev Mudumba,PinkBlue,round_1861,Seed,223608.0,2016-03-14,2016
Nagendra Prasad Bhanuprakash,PinkBlue,round_1861,Seed,223608.0,2016-03-14,2016
Agarwal Movers Group,TruckingCube,round_1862,Private Equity,14900000.0,2016-03-14,2016
Hemang Sahani,eSwasthya,round_1863,Seed,,2016-03-14,2016
S Chand and Co Pvt Ltd,FlipClass,round_1864,Private Equity,1000000.0,2016-03-15,2016
Blume Ventures,FlipClass,round_1864,Private Equity,1000000.0,2016-03-15,2016
Funding through 1Crowd platform,Proximit,round_1865,Seed,150000.0,2016-03-15,2016
Alex Kuruvilla,WithMe,round_1866,Seed,250000.0,2016-03-15,2016
Pradeep Guha,WithMe,round_1866,Seed,250000.0,2016-03-15,2016
Saket Dhankar,WithMe,round_1866,Seed,250000.0,2016-03-15,2016
Rajan Pandhare,WithMe,round_1866,Seed,250000.0,2016-03-15,2016
Chandrashekar Tallapragada,Gapoon,round_1867,Seed,180000.0,2016-03-16,2016
Pankaj Kapoor,Gapoon,round_1867,Seed,180000.0,2016-03-16,2016
Kris Gopalakrishnan,Avagmah,round_1868,Seed,,2016-03-16,2016
Atul Nishar,Avagmah,round_1868,Seed,,2016-03-16,2016
Beenext,WorkIndia,round_1869,Seed,,2016-03-16,2016
Zishaan Hayath,Wealthy,round_1870,Seed,250000.0,2016-03-16,2016
Abhishek Goyal,Wealthy,round_1870,Seed,250000.0,2016-03-16,2016
Arjun and Rohan Malhotra,Wealthy,round_1870,Seed,250000.0,2016-03-16,2016
Harpreet Singh Grover,Wealthy,round_1870,Seed,250000.0,2016-03-16,2016
Gagan Dugal,Wealthy,round_1870,Seed,250000.0,2016-03-16,2016
Swastika Company Ltd,Qlivery,round_1872,Seed,230000.0,2016-03-17,2016
Rannvijay Singh,Liftiee,round_1874,Seed,108000.0,2016-03-17,2016
Anita Hassanandani,Liftiee,round_1874,Seed,108000.0,2016-03-17,2016
Sashi Reddi & Other unnamed investors,Hello Curry,round_1875,Private Equity,1500000.0,2016-03-18,2016
Naveen Gupta,goSporto,round_1876,Seed,30000.0,2016-03-19,2016
Unitus Seed Fund,OneClickWash,round_1877,Seed,,2016-03-21,2016
Google Capital,Girnar Software,round_1878,Private Equity,,2016-03-21,2016
CASHurDRIVE Marketing Pvt Ltd,Room On Call,round_1879,Private Equity,2000000.0,2016-03-21,2016
Sequoia India,Byju\\xe2\\x80\\x99s,round_1880,Private Equity,75000000.0,2016-03-22,2016
Sofina,Byju\\xe2\\x80\\x99s,round_1880,Private Equity,75000000.0,2016-03-22,2016
Abraaj Group,BigBasket,round_1881,Private Equity,150000000.0,2016-03-22,2016
Indian Angel Network,DrivoJoy,round_1882,Seed,600000.0,2016-03-22,2016
Tracxn Labs & Others,DrivoJoy,round_1882,Seed,600000.0,2016-03-22,2016
Sachin Tendulkar,Smartron,round_1883,Private Equity,,2016-03-22,2016
Rajul Garg,LifCare,round_1884,Seed,,2016-03-22,2016
Alok Mittal,LifCare,round_1884,Seed,,2016-03-22,2016
Kunal Shah,LifCare,round_1884,Seed,,2016-03-22,2016
Rishi Mandawat,LifCare,round_1884,Seed,,2016-03-22,2016
Dheeraj Jain,LifCare,round_1884,Seed,,2016-03-22,2016
Sandeep Tandon,LifCare,round_1884,Seed,,2016-03-22,2016
Dexter Angel Circle,LifCare,round_1884,Seed,,2016-03-22,2016
Pix Vine Capital,CreditSeva,round_1885,Seed,360000.0,2016-03-22,2016
Infocomm Development Authority of Singapore,CreditSeva,round_1885,Seed,360000.0,2016-03-22,2016
GAIN,CityShor,round_1886,Seed,,2016-03-22,2016
Devidas Desai,Endless Robotics,round_1887,Seed,100000.0,2016-03-23,2016
Vipul Gautam,Endless Robotics,round_1887,Seed,100000.0,2016-03-23,2016
Singapore Angel Network,Endless Robotics,round_1887,Seed,100000.0,2016-03-23,2016
Indian Angel Network,SP Robotics,round_1888,Seed,300000.0,2016-03-23,2016
500 Startups,StalkBuyLove,round_1889,Seed,,2016-03-23,2016
Littlerock,StalkBuyLove,round_1889,Seed,,2016-03-23,2016
Singularity Ventures,StalkBuyLove,round_1889,Seed,,2016-03-23,2016
BitChemy Ventures,eKincare,round_1890,Private Equity,330000.0,2016-03-23,2016
Maheshwari Investments Pvt Ltd,eKincare,round_1890,Private Equity,330000.0,2016-03-23,2016
Anshoo Gaur,eKincare,round_1890,Private Equity,330000.0,2016-03-23,2016
Rama Krishna Reddy,eKincare,round_1890,Private Equity,330000.0,2016-03-23,2016
Sandeep Seerapu,eKincare,round_1890,Private Equity,330000.0,2016-03-23,2016
Bhavish Aggarwal,HashLearn,round_1891,Seed,,2016-03-23,2016
Binny Bansal,HashLearn,round_1891,Seed,,2016-03-23,2016
\\xc2\\xa0 Rajan Anandan,HashLearn,round_1891,Seed,,2016-03-23,2016
Mekin Maheshwar,HashLearn,round_1891,Seed,,2016-03-23,2016
Sunil Kalra,HashLearn,round_1891,Seed,,2016-03-23,2016
Anupam Mittal,HashLearn,round_1891,Seed,,2016-03-23,2016
Krishna Mehra,HashLearn,round_1891,Seed,,2016-03-23,2016
Singapore Angel Network,HashLearn,round_1891,Seed,,2016-03-23,2016
Broadbean Capital services,Wheelstreet,round_1892,Private Equity,500000.0,2016-03-23,2016
Bharanidharan Viswanathan,Horntell,round_1893,Seed,150000.0,2016-03-24,2016
Sanjiv Mittal,Horntell,round_1893,Seed,150000.0,2016-03-24,2016
Shobhit Shukla,Horntell,round_1893,Seed,150000.0,2016-03-24,2016
Rahul Agarwal,Horntell,round_1893,Seed,150000.0,2016-03-24,2016
Robin Utthappa,HealthEminds,round_1895,Seed,,2016-03-29,2016
Rajul Garg,Babygogo,round_1896,Seed,300000.0,2016-03-29,2016
Daljit Singh,Babygogo,round_1896,Seed,300000.0,2016-03-29,2016
Aditya Vij,Babygogo,round_1896,Seed,300000.0,2016-03-29,2016
Kishore Kumar,Babygogo,round_1896,Seed,300000.0,2016-03-29,2016
Shuchin Bajaj,Babygogo,round_1896,Seed,300000.0,2016-03-29,2016
Sarva Capital,Veritas Finance,round_1897,Private Equity,4700000.0,2016-03-29,2016
Jay Vijayan,FixNix,round_1899,Seed,500000.0,2016-03-29,2016
SoftBank Ventures Korea,True Balance,round_1900,Private Equity,,2016-03-30,2016
Alok Mittal,Touchkin,round_1901,Seed,400000.0,2016-03-30,2016
Amit Gupta,Touchkin,round_1901,Seed,400000.0,2016-03-30,2016
Anuj Srivastava,Touchkin,round_1901,Seed,400000.0,2016-03-30,2016
Himanshu Aggarwal,Touchkin,round_1901,Seed,400000.0,2016-03-30,2016
Raghunandan G,Touchkin,round_1901,Seed,400000.0,2016-03-30,2016
Puneet Agarwal,Touchkin,round_1901,Seed,400000.0,2016-03-30,2016
Mohandas Pai,SwitchMe,round_1902,Seed,,2016-03-31,2016
Hiro Mashita,SwitchMe,round_1902,Seed,,2016-03-31,2016
Singapore Angel Network,SwitchMe,round_1902,Seed,,2016-03-31,2016
500 Startups,SwitchMe,round_1902,Seed,,2016-03-31,2016
Rajan Anandan,SwitchMe,round_1902,Seed,,2016-03-31,2016
Ajay Sarupria,SwitchMe,round_1902,Seed,,2016-03-31,2016
Indian Angel Network,Transcell,round_1903,Seed,,2016-03-31,2016
Snow Leopard Technology Ventures,Blue Tokai Coffee,round_1904,Seed,,2016-02-01,2016
Wipro Ventures,Altizone,round_1905,Private Equity,4000000.0,2016-02-02,2016
\\xc2\\xa0 Lumis Partners,Altizone,round_1905,Private Equity,4000000.0,2016-02-02,2016
T V Mohandas Pai,Oust App,round_1906,Seed,,2016-02-02,2016
\\xc2\\xa0 Aarin Capital,Oust App,round_1906,Seed,,2016-02-02,2016
Multiple investors through Ten Minute Million competition,Strike,round_1907,Seed,22500.0,2016-02-02,2016
Multiple investors through Ten Minute Million competition,MaaxMarket,round_1908,Seed,22500.0,2016-02-02,2016
Multiple investors through Ten Minute Million competition,Gamooz,round_1909,Seed,22500.0,2016-02-02,2016
Multiple investors through Ten Minute Million competition,SoundSurround,round_1910,Seed,22500.0,2016-02-02,2016
Dunamis Ventures Pte Ltd.,Mazkara,round_1911,Seed,1000000.0,2016-02-03,2016
Green House Ventures (GHV),RoadGods,round_1912,Seed,100000.0,2016-02-03,2016
Green House Ventures (GHV),Pindropmusic,round_1913,Seed,100000.0,2016-02-03,2016
Ingram Content Group,Woodpie,round_1914,Seed,30000.0,2016-02-03,2016
Oranda Global & Others,Perfumery,round_1915,Seed,30000.0,2016-02-04,2016
TV Mohandas Pai,Magic Crate,round_1916,Seed,,2016-02-05,2016
Aarin Capital,Magic Crate,round_1916,Seed,,2016-02-05,2016
Sherpa Capital,ZenDrive,round_1917,Private Equity,13500000.0,2016-02-05,2016
Nyca Partners and Thomvest Ventures,ZenDrive,round_1917,Private Equity,13500000.0,2016-02-05,2016
Vandana Luthra,Smartcooky,round_1918,Private Equity,,2016-02-05,2016
Nexus Venture Partners,Turtlemint,round_1919,Private Equity,,2016-02-05,2016
Raghunandan G,BHIVE,round_1920,Seed,,2016-02-05,2016
Venturesity,BHIVE,round_1920,Seed,,2016-02-05,2016
Arihant Patni,BHIVE,round_1920,Seed,,2016-02-05,2016
Saha Fund,Gingercrush,round_1921,Private Equity,1000000.0,2016-02-05,2016
TV Mohandas Pai,Gingercrush,round_1921,Private Equity,1000000.0,2016-02-05,2016
Zia Mody,Gingercrush,round_1921,Private Equity,1000000.0,2016-02-05,2016
Mumbai Angels,Gingercrush,round_1921,Private Equity,1000000.0,2016-02-05,2016
Ananda Kallugadde,Gingercrush,round_1921,Private Equity,1000000.0,2016-02-05,2016
Rakesh Desai,Gingercrush,round_1921,Private Equity,1000000.0,2016-02-05,2016
Rakesh Malhotra,Gingercrush,round_1921,Private Equity,1000000.0,2016-02-05,2016
Mohit Goel,LiveNutriFit,round_1925,Seed,,2016-02-06,2016
Vinod Jain & Others,LiveNutriFit,round_1925,Seed,,2016-02-06,2016
Ratan Tata,Moglix,round_1926,Private Equity,,2016-02-08,2016
Green House Ventures (GHV),iStyleYou,round_1927,Seed,100000.0,2016-02-08,2016
Green House Ventures (GHV),AdUrCup,round_1928,Seed,100000.0,2016-02-08,2016
Sixth Sense Ventures,Weddingz,round_1929,Private Equity,,2016-02-08,2016
Vinod Bansal,Urban Dhobi,round_1930,Seed,,2016-02-08,2016
Sanjeev Singhal,Urban Dhobi,round_1930,Seed,,2016-02-08,2016
Mahesh Parasuraman,Gray Routes,round_1931,Seed,,2016-02-08,2016
Rahul Gautam & Others,Gray Routes,round_1931,Seed,,2016-02-08,2016
SAIF Partners,Xpressbees,round_1932,Private Equity,12500000.0,2016-02-08,2016
IDG Ventures India,Xpressbees,round_1932,Private Equity,12500000.0,2016-02-08,2016
Vertex Ventures,Xpressbees,round_1932,Private Equity,12500000.0,2016-02-08,2016
Valiant Capital,Xpressbees,round_1932,Private Equity,12500000.0,2016-02-08,2016
Ratan Tata,Invictus Oncology,round_1933,Private Equity,,2016-02-08,2016
Endiya Partners,Hansel.io,round_1934,Seed,,2016-02-08,2016
Mekin Maheshwari,Hansel.io,round_1934,Seed,,2016-02-08,2016
Rajesh Sawhney,Hansel.io,round_1934,Seed,,2016-02-08,2016
India Ventures,Inc42,round_1935,Seed,,2016-02-09,2016
Aarin Capital & Others,Inc42,round_1935,Seed,,2016-02-09,2016
Edelweiss Financial Services,GOQii,round_1936,Private Equity,,2016-02-09,2016
Lion Ventures,Capzest,round_1937,Seed,200000.0,2016-02-10,2016
Aqeel Ahmed,GlamStudios,round_1938,Seed,,2016-02-10,2016
Manipal Global Education Services,JoulestoWatts,round_1941,Seed,,2016-02-10,2016
Atul Jain,Shopkirana,round_1942,Seed,,2016-02-10,2016
Anil Gelra,Shopkirana,round_1942,Seed,,2016-02-10,2016
Jaikumar Nair,Shopkirana,round_1942,Seed,,2016-02-10,2016
Jaideep Mehta,Stylofie,round_1943,Seed,,2016-02-10,2016
Sachin Dalal,OyBob,round_1944,Seed,,2016-02-10,2016
Jayabalan Subramanian,ActOnMagic,round_1945,Seed,125000.0,2016-02-12,2016
Alok Rawat,Bonhomia,round_1946,Seed,1000000.0,2016-02-12,2016
Grey Orange Robotics,Bonhomia,round_1946,Seed,1000000.0,2016-02-12,2016
Sunil Mehta,iGrenEnergi,round_1947,Seed,1000000.0,2016-02-12,2016
Kalaari Capital,RKSV,round_1948,Private Equity,4000000.0,2016-02-12,2016
Aspada Advisors,Aasaanjobs,round_1949,Private Equity,5000000.0,2016-02-15,2016
IDG Ventures,Aasaanjobs,round_1949,Private Equity,5000000.0,2016-02-15,2016
\\xc2\\xa0 Inventus Capital,Aasaanjobs,round_1949,Private Equity,5000000.0,2016-02-15,2016
Ontario Teachers\\xe2\\x80\\x99 Pension Plan & Others,Snapdeal,round_1950,Private Equity,200000000.0,2016-02-15,2016
Saumya Tandon,Jugnoo,round_1951,Private Equity,,2016-02-15,2016
Ratan Tata,Snapbizz,round_1952,Private Equity,,2016-02-15,2016
Mukesh Kumar Gupta,GoYaNo,round_1953,Seed,50000.0,2016-02-15,2016
Vaibhav Doshi,RentSher,round_1954,Seed,300000.0,2016-02-15,2016
Abhay Singhal,RentSher,round_1954,Seed,300000.0,2016-02-15,2016
Vibhu Garg,RentSher,round_1954,Seed,300000.0,2016-02-15,2016
Joby Babu,RentSher,round_1954,Seed,300000.0,2016-02-15,2016
Abhishek Acharya,RentSher,round_1954,Seed,300000.0,2016-02-15,2016
Manish Shah,RentSher,round_1954,Seed,300000.0,2016-02-15,2016
Blume Ventures,Buddy,round_1955,Seed,500000.0,2016-02-15,2016
\\xc2\\xa0 Tracxn Labs,Buddy,round_1955,Seed,500000.0,2016-02-15,2016
Ranjit Singh,Legistify,round_1956,Seed,,2016-02-15,2016
GrowX Ventures,TableHero,round_1957,Seed,1000000.0,2016-02-16,2016
Kunal Shah,TableHero,round_1957,Seed,1000000.0,2016-02-16,2016
Sandeep Tandon,TableHero,round_1957,Seed,1000000.0,2016-02-16,2016
Haresh Chawla,TableHero,round_1957,Seed,1000000.0,2016-02-16,2016
Powai Lake Ventures,TableHero,round_1957,Seed,1000000.0,2016-02-16,2016
Globevestor,TableHero,round_1957,Seed,1000000.0,2016-02-16,2016
Unitus Seed Fund,BetterPlace,round_1958,Seed,970000.0,2016-02-16,2016
Virendra Shekhawat,Salebhai,round_1959,Seed,,2016-02-16,2016
Deepak Chokhani,Salebhai,round_1959,Seed,,2016-02-16,2016
Yogesh Patel & Others,Salebhai,round_1959,Seed,,2016-02-16,2016
Brand Capital,icustommadeit,round_1960,Private Equity,4000000.0,2016-02-16,2016
Siddhivinayak Skyscrapers,icustommadeit,round_1960,Private Equity,4000000.0,2016-02-16,2016
Dinesh R. Challa,icustommadeit,round_1960,Private Equity,4000000.0,2016-02-16,2016
Vishwadeep Bajaj & Others,Tring,round_1961,Seed,,2016-02-16,2016
Rajnish Sinha,Medinfi,round_1962,Seed,,2016-02-16,2016
Prijit Debnath,Medinfi,round_1962,Seed,,2016-02-16,2016
Kanchan Ghoshal,Medinfi,round_1962,Seed,,2016-02-16,2016
Lead Angels,Timemytask,round_1963,Seed,,2016-02-17,2016
KWAN Entertainment & Marketing Solutions,GameZop,round_1964,Seed,350000.0,2016-02-17,2016
Powerhouse Ventures & Others,GameZop,round_1964,Seed,350000.0,2016-02-17,2016
Dr Nandish Domlur,Notary Mama,round_1965,Seed,,2016-02-17,2016
Amit Sandill,Notary Mama,round_1965,Seed,,2016-02-17,2016
Tiger Global,The Viral Fever,round_1966,Private Equity,10000000.0,2016-02-17,2016
Michael & Susan Dell Foundation,Avanti Learning,round_1967,Private Equity,5000000.0,2016-02-17,2016
Ratan Tata,Bollant Industries,round_1968,Private Equity,,2016-02-17,2016
Lightspeed Venture Partners,GetVee,round_1969,Private Equity,,2016-02-18,2016
K Ganesh,GetVee,round_1969,Private Equity,,2016-02-18,2016
Sujal Shah,Unlaze,round_1971,Seed,,2016-02-18,2016
Dino Morea,Unlaze,round_1971,Seed,,2016-02-18,2016
Nandan Nilekani,Tracxn,round_1972,Private Equity,,2016-02-18,2016
Mohandas Pai,Tracxn,round_1972,Private Equity,,2016-02-18,2016
Neeraj Arora,Tracxn,round_1972,Private Equity,,2016-02-18,2016
Anand Rajaraman,Tracxn,round_1972,Private Equity,,2016-02-18,2016
Girish Mathrubootham,Tracxn,round_1972,Private Equity,,2016-02-18,2016
Aneesh Reddy & Teruhide Sato,Tracxn,round_1972,Private Equity,,2016-02-18,2016
Farooq Oomerbhoy & Other angel investors,Careongo,round_1973,Seed,300000.0,2016-02-18,2016
Qualcomm (Through QPrize Contest),Ark Robot,round_1974,Seed,350000.0,2016-02-18,2016
Aavishkaar,Jaypore,round_1975,Private Equity,5000000.0,2016-02-19,2016
Chennai Angels,Finance Buddha,round_1976,Seed,,2016-02-19,2016
Mohandas Pai,AlmaConnect,round_1977,Seed,,2016-02-19,2016
Varun Aggarwal,AlmaConnect,round_1977,Seed,,2016-02-19,2016
Purvi Ventures & Others,Advantage Club,round_1978,Seed,400000.0,2016-02-19,2016
3 undisclosed investors,LocalRamu,round_1979,Seed,,2016-02-19,2016
Nitin Bagmane & Other undisclosed investors,Baby Berry,round_1980,Seed,1000000.0,2016-02-22,2016
Lightspeed India,Magicpin,round_1981,Private Equity,3000000.0,2016-02-22,2016
Sachin Bansal,SigTuple,round_1983,Seed,,2016-02-22,2016
Binny Bansal,SigTuple,round_1983,Seed,,2016-02-22,2016
Accel Partners & Others,SigTuple,round_1983,Seed,,2016-02-22,2016
IvyCap Ventures,Taskbob,round_1984,Private Equity,4500000.0,2016-02-22,2016
Orios Venture Partners,Taskbob,round_1984,Private Equity,4500000.0,2016-02-22,2016
Mayfield India,Taskbob,round_1984,Private Equity,4500000.0,2016-02-22,2016
Indian Angel Network,Styledotme,round_1985,Seed,37000.0,2016-02-22,2016
Omidyar Network,NewsLaundry,round_1986,Private Equity,,2016-02-22,2016
\\xc2\\xa0 Vikram Lal,NewsLaundry,round_1986,Private Equity,,2016-02-22,2016
Abhijit Bhandari,NewsLaundry,round_1986,Private Equity,,2016-02-22,2016
Mahesh Murthy,NewsLaundry,round_1986,Private Equity,,2016-02-22,2016
Shashank Bhagat,NewsLaundry,round_1986,Private Equity,,2016-02-22,2016
Rocket Internet AG,CupoNation,round_1987,Private Equity,11000000.0,2016-02-23,2016
Holtzbrink Ventures,CupoNation,round_1987,Private Equity,11000000.0,2016-02-23,2016
"New Enterprise Associates (NEA), e.ventures, ru-Net",CupoNation,round_1987,Private Equity,11000000.0,2016-02-23,2016
Deutsche Telekom Strategic Investments (DTSI),CupoNation,round_1987,Private Equity,11000000.0,2016-02-23,2016
Silicon Valley Bank,CupoNation,round_1987,Private Equity,11000000.0,2016-02-23,2016
StartupXseed Ventures,Aarav UAV,round_1988,Seed,,2016-02-23,2016
The Phoenix Fund and others,Aarav UAV,round_1988,Seed,,2016-02-23,2016
Yajnanarayana Kammaje,Sayfix,round_1989,Seed,160000.0,2016-02-24,2016
Tracxn Syndicate,LoanZen,round_1990,Seed,,2016-02-24,2016
Beenext,NoBroker,round_1991,Private Equity,10000000.0,2016-02-24,2016
Digital Garage,NoBroker,round_1991,Private Equity,10000000.0,2016-02-24,2016
Beenos,NoBroker,round_1991,Private Equity,10000000.0,2016-02-24,2016
Qualgro,NoBroker,round_1991,Private Equity,10000000.0,2016-02-24,2016
Mamoru Taniya,NoBroker,round_1991,Private Equity,10000000.0,2016-02-24,2016
SAIF Partners,NoBroker,round_1991,Private Equity,10000000.0,2016-02-24,2016
Varun Aggarwal,AppilyEver,round_1992,Seed,400000.0,2016-02-24,2016
Suresh Venkat,AppilyEver,round_1992,Seed,400000.0,2016-02-24,2016
Raj Y,AppilyEver,round_1992,Seed,400000.0,2016-02-24,2016
Swastika Company Ltd,Pocketin,round_1993,Seed,150000.0,2016-02-24,2016
Vishal Bali & Others,FeetApart,round_1994,Seed,,2016-02-24,2016
Matrix Partners India,OfBusiness,round_1995,Private Equity,5000000.0,2016-02-25,2016
Calcutta Angels,CarveNiche,round_1996,Seed,,2016-02-25,2016
Lead Angels & Others,CarveNiche,round_1996,Seed,,2016-02-25,2016
Accel Partners,Juspay,round_1997,Private Equity,5800000.0,2016-02-25,2016
Ashish Hemrajani,Juspay,round_1997,Private Equity,5800000.0,2016-02-25,2016
Parikshit Dar,Juspay,round_1997,Private Equity,5800000.0,2016-02-25,2016
Rajesh Balpande,Juspay,round_1997,Private Equity,5800000.0,2016-02-25,2016
Undisclosed HNIs,Funcart,round_1998,Seed,70000.0,2016-02-25,2016
Kapil Goel,Freedom Smart Labs,round_1999,Seed,145000.0,2016-02-26,2016
Insitor Impact Asia Fund,EduBridge,round_2000,Private Equity,2500000.0,2016-02-26,2016
Acumen Fund,EduBridge,round_2000,Private Equity,2500000.0,2016-02-26,2016
Ratan Tata,Nestaway,round_2001,Private Equity,,2016-02-29,2016
Eduardo Saverin,Hopscotch,round_2002,Private Equity,13000000.0,2016-02-29,2016
Rajan Anandan,Smartcooky,round_2004,Seed,,2016-01-01,2016
Pramod Bhasin,Smartcooky,round_2004,Seed,,2016-01-01,2016
Siddharth Pai,Smartcooky,round_2004,Seed,,2016-01-01,2016
TV Mohandas Pai,Smartcooky,round_2004,Seed,,2016-01-01,2016
Manvinder Singh Banga,Smartcooky,round_2004,Seed,,2016-01-01,2016
Ratan Tata,DogSpot,round_2006,Seed,,2016-01-04,2016
MeritTrac,Career360,round_2007,Private Equity,,2016-01-04,2016
Sequoia Capital,B9 Beverages,round_2008,Private Equity,6000000.0,2016-01-04,2016
Kunal Bahl,B9 Beverages,round_2008,Private Equity,6000000.0,2016-01-04,2016
Rohit Bansal,B9 Beverages,round_2008,Private Equity,6000000.0,2016-01-04,2016
Deepinder Goyal,B9 Beverages,round_2008,Private Equity,6000000.0,2016-01-04,2016
Ashish Dhawan,B9 Beverages,round_2008,Private Equity,6000000.0,2016-01-04,2016
Mayank Singhal,B9 Beverages,round_2008,Private Equity,6000000.0,2016-01-04,2016
Centre for Innovation Incubation and Entrepreneurship (CIIE),WIMWI Foods,round_2009,Seed,,2016-01-05,2016
Samir Bangara,MyChild App,round_2010,Seed,100000.0,2016-01-05,2016
Anisha Mittal,MyChild App,round_2010,Seed,100000.0,2016-01-05,2016
Amit Gupta,MyChild App,round_2010,Seed,100000.0,2016-01-05,2016
Pallav Nadhani,MyChild App,round_2010,Seed,100000.0,2016-01-05,2016
Lalit Mangal,MyChild App,round_2010,Seed,100000.0,2016-01-05,2016
Arihant Patni,MyChild App,round_2010,Seed,100000.0,2016-01-05,2016
Dr. Ritesh Malik,MyChild App,round_2010,Seed,100000.0,2016-01-05,2016
Deobrat Singh,MyChild App,round_2010,Seed,100000.0,2016-01-05,2016
Saurab Paruthi,MyChild App,round_2010,Seed,100000.0,2016-01-05,2016
Singapore Angel Network.,MyChild App,round_2010,Seed,100000.0,2016-01-05,2016
Dinesh Agarwal,Instaproc,round_2011,Seed,,2016-01-05,2016
Tata Capital Innovation Fund,Alef\\nMobitech,round_2013,Private Equity,5000000.0,2016-01-05,2016
Ratan Tata,Tracxn,round_2014,Seed,,2016-01-06,2016
Dheeraj Jain,Qdesq,round_2015,Seed,,2016-01-06,2016
Jagdish Kumar,Qdesq,round_2015,Seed,,2016-01-06,2016
Bharat Gupta,Qdesq,round_2015,Seed,,2016-01-06,2016
Ankush Saigal,Qdesq,round_2015,Seed,,2016-01-06,2016
Praveen Saini,Qdesq,round_2015,Seed,,2016-01-06,2016
Lalitesh Katragadda,Sensara,round_2016,Seed,750000.0,2016-01-06,2016
\\xc2\\xa0 Ganayantrika Systems,Sensara,round_2016,Seed,750000.0,2016-01-06,2016
Arjun Handa,Zebpay,round_2017,Private Equity,1000000.0,2016-01-06,2016
Amit Jindal,Zebpay,round_2017,Private Equity,1000000.0,2016-01-06,2016
Nagendra Chaudhary,Zebpay,round_2017,Private Equity,1000000.0,2016-01-06,2016
Bhanu Vikram Parsotam,PlanMy\\nMedicalTrip,round_2018,Seed,150000.0,2016-01-06,2016
Rohan Desai and Paras Patel,PlanMy\\nMedicalTrip,round_2018,Seed,150000.0,2016-01-06,2016
SIDBI Venture Capital Limited,MyCity4Kids,round_2019,Private Equity,3000000.0,2016-01-06,2016
YourNest Angel Fund,MyCity4Kids,round_2019,Private Equity,3000000.0,2016-01-06,2016
Ankur Gupta,Justdakhila.com,round_2020,Seed,750000.0,2016-01-06,2016
Myntra/LivSpace Founders,PitStop,round_2021,Seed,,2016-01-07,2016
Idein Ventures,Infurnia,round_2023,Seed,160000.0,2016-01-07,2016
Newbie Promoter Pvt Ltd,Myly,round_2024,Seed,100000.0,2016-01-07,2016
Ctrip.com International Ltd,MakeMyTrip,round_2025,Private Equity,180000000.0,2016-01-07,2016
Lightbox Ventures,Melorra,round_2026,Private Equity,5000000.0,2016-01-08,2016
Krishna Jhujhunwala,ConfirmTKT,round_2027,Seed,250000.0,2016-01-08,2016
Dr. Apoorv Ranjan Sharma,ConfirmTKT,round_2027,Seed,250000.0,2016-01-08,2016
Anirudh Damani,ConfirmTKT,round_2027,Seed,250000.0,2016-01-08,2016
Anand Ladsariya,ConfirmTKT,round_2027,Seed,250000.0,2016-01-08,2016
Sanjay Mehta & Others,ConfirmTKT,round_2027,Seed,250000.0,2016-01-08,2016
GBIM Technologies Pvt Ltd,Gyaanzone,round_2028,Seed,45000.0,2016-01-08,2016
Arun Chandra Mohan,FlatFurnish,round_2029,Seed,,2016-01-08,2016
Nahata Family,Koovs,round_2031,Private Equity,5400000.0,2016-01-11,2016
Waheed Alli,Koovs,round_2031,Private Equity,5400000.0,2016-01-11,2016
500 Startups,Wishup,round_2032,Seed,,2016-01-11,2016
Mato Peric,Wishup,round_2032,Seed,,2016-01-11,2016
TracxnLabs,Wishup,round_2032,Seed,,2016-01-11,2016
Zodius Capital,FreshMenu,round_2033,Private Equity,16500000.0,2016-01-11,2016
Lightspeed Venture Partners,FreshMenu,round_2033,Private Equity,16500000.0,2016-01-11,2016
TV Mohandas Pai,SavvyMob,round_2034,Seed,1000000.0,2016-01-11,2016
LetsVenture,SavvyMob,round_2034,Seed,1000000.0,2016-01-11,2016
Ranjan Mahtani,Fashionablyin,round_2035,Seed,,2016-01-11,2016
GIC,Shopclues,round_2036,Private Equity,100000000.0,2016-01-12,2016
Tiger Global Management,Shopclues,round_2036,Private Equity,100000000.0,2016-01-12,2016
Nexus Venture Partners,Shopclues,round_2036,Private Equity,100000000.0,2016-01-12,2016
Matt Mullenweg,Hike Messenger,round_2037,Private Equity,,2016-01-12,2016
Adam D\\xe2\\x80\\x99Angelo,Hike Messenger,round_2037,Private Equity,,2016-01-12,2016
Aditya Agarwal,Hike Messenger,round_2037,Private Equity,,2016-01-12,2016
\\xc2\\xa0 Ruchi Sanghvi & Others,Hike Messenger,round_2037,Private Equity,,2016-01-12,2016
Vallabh Bhanshali,iBus Networks,round_2038,Private Equity,2300000.0,2016-01-12,2016
N Squared Management LLC,iBus Networks,round_2038,Private Equity,2300000.0,2016-01-12,2016
Jagdish & Sandeep Mehta Family Office,iBus Networks,round_2038,Private Equity,2300000.0,2016-01-12,2016
Equity Crest,Happy2Refer,round_2039,Seed,250000.0,2016-01-12,2016
Vinners,Happy2Refer,round_2039,Seed,250000.0,2016-01-12,2016
Sparknext,Happy2Refer,round_2039,Seed,250000.0,2016-01-12,2016
Temasek Holdings,CarTrade,round_2040,Private Equity,145000000.0,2016-01-13,2016
March Capital,CarTrade,round_2040,Private Equity,145000000.0,2016-01-13,2016
Warburg Pincus,CarTrade,round_2040,Private Equity,145000000.0,2016-01-13,2016
Shiva Ashok & Other unnamed investors,Rentomo,round_2041,Seed,100000.0,2016-01-13,2016
Unicorn India Ventures,Roder,round_2042,Seed,240000.0,2016-01-13,2016
50k Ventures,Bucker,round_2043,Seed,,2016-01-13,2016
Munish Jauhar,Bucker,round_2043,Seed,,2016-01-13,2016
Pulkit Jain,Bucker,round_2043,Seed,,2016-01-13,2016
Rohit Narang,Bucker,round_2043,Seed,,2016-01-13,2016
SAIF Partners,Care24,round_2044,Private Equity,4000000.0,2016-01-13,2016
India Quotient,Care24,round_2044,Private Equity,4000000.0,2016-01-13,2016
RoundGlass Partners,Obino,round_2045,Private Equity,,2016-01-13,2016
Amod Malviya,Snapshopr,round_2046,Seed,,2016-01-14,2016
Mustafa Wajid,Buildkar,round_2047,Seed,,2016-01-14,2016
Umang Kumar & Others,Buildkar,round_2047,Seed,,2016-01-14,2016
Indian Angel Network,Orahi,round_2048,Seed,520000.0,2016-01-14,2016
Flipkart,Zapr,round_2049,Seed,,2016-01-14,2016
Saavn,Zapr,round_2049,Seed,,2016-01-14,2016
Micromax,Zapr,round_2049,Seed,,2016-01-14,2016
Dhiraj Rajaram,Zapr,round_2049,Seed,,2016-01-14,2016
Ambiga Dhiraj,Zapr,round_2049,Seed,,2016-01-14,2016
Dinesh Agarwal,Zapr,round_2049,Seed,,2016-01-14,2016
Samir Bangara,Zapr,round_2049,Seed,,2016-01-14,2016
Sanjay Nath,Zapr,round_2049,Seed,,2016-01-14,2016
Arihant Patni,Zapr,round_2049,Seed,,2016-01-14,2016
Cipher-Plexus Capital Advisors & Indian HNIs,Remidio,round_2050,Private Equity,,2016-01-15,2016
Varun Khurana,Fitso,round_2051,Seed,200000.0,2016-01-15,2016
Samar Singla,Fitso,round_2051,Seed,200000.0,2016-01-15,2016
Vinay Bansal,Fitso,round_2051,Seed,200000.0,2016-01-15,2016
Hyderabad Angels,evibe.in,round_2052,Seed,,2016-01-15,2016
Lalit Mangal,evibe.in,round_2052,Seed,,2016-01-15,2016
\\xc2\\xa0 Vikas Malpani,evibe.in,round_2052,Seed,,2016-01-15,2016
Gaurav Bhalotia,evibe.in,round_2052,Seed,,2016-01-15,2016
LV Prasad,evibe.in,round_2052,Seed,,2016-01-15,2016
Times Group,Zoctr,round_2053,Seed,,2016-01-15,2016
Abhinav Mathur,Jobick,round_2054,Seed,,2016-01-15,2016
Sanjay Mehta,Plick,round_2055,Seed,,2016-01-16,2016
Huzaifa Khorakiwala,Voice Friends,round_2056,Seed,,2016-01-18,2016
Bertelsmann India Investments,Kartrocket,round_2057,Private Equity,6000000.0,2016-01-18,2016
Nirvana Digital India Fund,Kartrocket,round_2057,Private Equity,6000000.0,2016-01-18,2016
Nirvana Digital Investment Holding,Kartrocket,round_2057,Private Equity,6000000.0,2016-01-18,2016
500 Startups,Kartrocket,round_2057,Private Equity,6000000.0,2016-01-18,2016
Harmony Partners,Swiggy,round_2058,Private Equity,35000000.0,2016-01-19,2016
RB Investments & existing investors,Swiggy,round_2058,Private Equity,35000000.0,2016-01-19,2016
Flipkart,TinyStep,round_2059,Seed,,2016-01-19,2016
Ratan Tata,Cashkaro,round_2060,Private Equity,,2016-01-19,2016
Anand Chandrasekaran & Others,Gameezop,round_2061,Seed,,2016-01-19,2016
Unilazer Fund,DailyObjects,round_2062,Private Equity,1400000.0,2016-01-19,2016
\\xc2\\xa0 Phanindra Sama,DailyObjects,round_2062,Private Equity,1400000.0,2016-01-19,2016
Peyush Bansal,DailyObjects,round_2062,Private Equity,1400000.0,2016-01-19,2016
Omidyar Network,Indus OS,round_2063,Private Equity,5000000.0,2016-01-19,2016
Umang Kumar,CollegeDunia,round_2064,Seed,445000.0,2016-01-19,2016
Lemelson Foundation,Villgro,round_2065,Private Equity,3500000.0,2016-01-19,2016
Michael and Susan Dell Foundation,Villgro,round_2065,Private Equity,3500000.0,2016-01-19,2016
500 Startups,Reddoorz,round_2066,Private Equity,,2016-01-20,2016
Trifecta Capital,IndustryBuying,round_2067,Private Equity,1800000.0,2016-01-20,2016
Alpha Capital,Just Buy Live,round_2068,Private Equity,20000000.0,2016-01-20,2016
Undisclosed US Based Investors,IMbesharam,round_2069,Private Equity,4000000.0,2016-01-20,2016
Sa\\xc3\\xafd Business School Seed Fund.,Moodoo,round_2070,Seed,40000.0,2016-01-20,2016
Farooq Adam,Saral Designs,round_2071,Seed,,2016-01-20,2016
Ambi Parameswaran,Saral Designs,round_2071,Seed,,2016-01-20,2016
Ratan Tata,FirstCry,round_2072,Private Equity,,2016-01-21,2016
Rob Chandra,Fisdom,round_2073,Seed,500000.0,2016-01-21,2016
Unilazer Ventures,Easypolicy,round_2074,Private Equity,2200000.0,2016-01-21,2016
SoftBank Corp,Housing.com,round_2075,Private Equity,15000000.0,2016-01-21,2016
Sequoia Capital,CREO,round_2076,Private Equity,3000000.0,2016-01-21,2016
Beenext Ventures,CREO,round_2076,Private Equity,3000000.0,2016-01-21,2016
India Quotient,CREO,round_2076,Private Equity,3000000.0,2016-01-21,2016
Anand Chandrasekaran,CREO,round_2076,Private Equity,3000000.0,2016-01-21,2016
Kanpur Angels & Others,ShabdaNagari,round_2077,Seed,200000.0,2016-01-22,2016
GIC,Little,round_2078,Private Equity,,2016-01-22,2016
Jungle Ventures,SnapBizz,round_2079,Private Equity,7200000.0,2016-01-22,2016
Taurus Value Creation,SnapBizz,round_2079,Private Equity,7200000.0,2016-01-22,2016
Konly Venture,SnapBizz,round_2079,Private Equity,7200000.0,2016-01-22,2016
Blume Ventures,SnapBizz,round_2079,Private Equity,7200000.0,2016-01-22,2016
Chandigarh Angels Funding,Qlivery,round_2080,Seed,,2016-01-22,2016
Arihant Patni,PlexusMD,round_2081,Seed,,2016-01-22,2016
Avnish Mehra,PlexusMD,round_2081,Seed,,2016-01-22,2016
Pranay Adhvaryu,PlexusMD,round_2081,Seed,,2016-01-22,2016
Ravi Sampat,PlexusMD,round_2081,Seed,,2016-01-22,2016
The Chennai Angels,Silvan,round_2082,Seed,515000.0,2016-01-22,2016
APIS Partners,EPS,round_2083,Private Equity,35000000.0,2016-01-22,2016
Institutional Venture Partners,Qubole,round_2084,Private Equity,30000000.0,2016-01-22,2016
Norwest Venture Partners,Qubole,round_2084,Private Equity,30000000.0,2016-01-22,2016
Lightspeed Venture Partners,Qubole,round_2084,Private Equity,30000000.0,2016-01-22,2016
CRV,Qubole,round_2084,Private Equity,30000000.0,2016-01-22,2016
Purvi Ventures,Gajty,round_2085,Seed,,2016-01-22,2016
Venture Catalysts,SIFTR Labs,round_2086,Seed,150000.0,2016-01-25,2016
Nandan Nilekani,Power2SME,round_2087,Private Equity,21000000.0,2016-01-25,2016
Accel Partners,Power2SME,round_2087,Private Equity,21000000.0,2016-01-25,2016
Kalaari Capital and Inventus Capital,Power2SME,round_2087,Private Equity,21000000.0,2016-01-25,2016
GPA group,SkyCandle,round_2088,Private Equity,,2016-01-25,2016
Ratan Tata,Teabox.com,round_2089,Private Equity,,2016-01-27,2016
Puneet Dalmia,Buildzar,round_2090,Private Equity,4000000.0,2016-01-27,2016
Lalit Mangal & Others,WhatsOnRent,round_2092,Seed,,2016-01-27,2016
Un disclosed investors,Zebi (yet to launch),round_2093,Seed,1000000.0,2016-01-28,2016
Anupam Mittal,Truce,round_2094,Seed,370000.0,2016-01-28,2016
Amit Gupta,Truce,round_2094,Seed,370000.0,2016-01-28,2016
Utsav Somani,Truce,round_2094,Seed,370000.0,2016-01-28,2016
Neeraj Goenka,Truce,round_2094,Seed,370000.0,2016-01-28,2016
Farooq Adam Mukadam,Truce,round_2094,Seed,370000.0,2016-01-28,2016
TV Mohandas Pai,JustDoc,round_2095,Seed,,2016-01-28,2016
Mohit Saxena,JustDoc,round_2095,Seed,,2016-01-28,2016
Raghunandan G,JustDoc,round_2095,Seed,,2016-01-28,2016
Singapore Angel Network,JustDoc,round_2095,Seed,,2016-01-28,2016
TracxnLabs,JustDoc,round_2095,Seed,,2016-01-28,2016
Foxconn Technology Group & Others,Myeglu,round_2096,Seed,,2016-01-28,2016
Harminder Sahni,BitGiving,round_2097,Seed,,2016-01-29,2016
Krishna Mehra,BitGiving,round_2097,Seed,,2016-01-29,2016
Sanjay Bakshi,BitGiving,round_2097,Seed,,2016-01-29,2016
Idein Ventures,Qriyo,round_2098,Seed,160000.0,2016-01-29,2016
Maple Capital Advisors,N.O.W,round_2099,Seed,,2016-01-29,2016
"TermSheet, ah! Ventures",Aisle,round_2100,Seed,185000.0,2016-01-29,2016
Zodius Technology Fund,FreshMenu,round_2101,Private Equity,17000000.0,2016-01-29,2016
Lightspeed Venture Partners,FreshMenu,round_2101,Private Equity,17000000.0,2016-01-29,2016
Kalaari Capital,Truebil,round_2102,Private Equity,5150000.0,2016-01-29,2016
Inventus Capital,Truebil,round_2102,Private Equity,5150000.0,2016-01-29,2016
Tekton Ventures,Truebil,round_2102,Private Equity,5150000.0,2016-01-29,2016
Kae Capital,Truebil,round_2102,Private Equity,5150000.0,2016-01-29,2016
Info Edge (India) Ltd,Rare Media,round_2103,Private Equity,1100000.0,2016-01-29,2016
Lead Angel Network,TinMen,round_2104,Seed,,2016-01-29,2016
Vineet Nalla,CodingLabs,round_2105,Seed,,2016-01-29,2016
Amit Patni,FindUrClass,round_2106,Seed,,2016-01-30,2016
Anirudh Damani,FindUrClass,round_2106,Seed,,2016-01-30,2016
Samir Shah,FindUrClass,round_2106,Seed,,2016-01-30,2016
Indian Angel Network,DesignBids,round_2107,Seed,,2016-01-30,2016
GirnarSoft,CollegeDekho,round_2108,Seed,1000000.0,2015-12-01,2015
YouWeCan Ventures,Black White Orange Brands,round_2109,Seed,,2015-12-01,2015
growX ventures,Biteclub,round_2110,Private Equity,,2015-12-01,2015
Frontline Strategy,Patel Logistics,round_2111,Private Equity,5600000.0,2015-12-01,2015
Aarin Capital Partners,Wigzo,round_2112,Seed,500000.0,2015-12-01,2015
TV Mohandas Pai,Wigzo,round_2112,Seed,500000.0,2015-12-01,2015
Pankaj Gupta,Godof Hospitals,round_2114,Seed,2000000.0,2015-12-01,2015
Lashit Sanghvi,RoomsTonite,round_2115,Seed,1500000.0,2015-12-02,2015
Nikhil Vora,RoomsTonite,round_2115,Seed,1500000.0,2015-12-02,2015
Venkat Vardhan,RoomsTonite,round_2115,Seed,1500000.0,2015-12-02,2015
Mohammed Bin Abdul Rehman Al Khalifa,RoomsTonite,round_2115,Seed,1500000.0,2015-12-02,2015
\\xc2\\xa0 Ralph Berezan,RoomsTonite,round_2115,Seed,1500000.0,2015-12-02,2015
Vissal Mathew,RoomsTonite,round_2115,Seed,1500000.0,2015-12-02,2015
\\xc2\\xa0 Balamurali Krishna,RoomsTonite,round_2115,Seed,1500000.0,2015-12-02,2015
The Saha Fund,Kaaryah,round_2116,Private Equity,,2015-12-02,2015
TV Mohandas Pai,Kaaryah,round_2116,Private Equity,,2015-12-02,2015
CIO Angel Network (CAN),Anakage,round_2117,Seed,,2015-12-03,2015
Sequoia Capital,Shuttl,round_2119,Private Equity,20000000.0,2015-12-03,2015
Times Internet Ltd & One more Fund,Shuttl,round_2119,Private Equity,20000000.0,2015-12-03,2015
Chandigarh Angel Network (CAN),Eckovation,round_2120,Seed,,2015-12-03,2015
Beerud Sheth and Ravi Mantha,Fitcircle,round_2121,Seed,,2015-12-03,2015
GHV Accelerator,Applop,round_2122,Seed,100000.0,2015-12-04,2015
GHV Accelerator,CaRPM,round_2123,Seed,100000.0,2015-12-04,2015
CerraCap,NDTV Wedding portal,round_2124,Private Equity,20000000.0,2015-12-04,2015
Rajesh Sawhney,Splitkart,round_2125,Seed,,2015-12-04,2015
Anupam Mittal,Splitkart,round_2125,Seed,,2015-12-04,2015
Dinesh Agarwal,Splitkart,round_2125,Seed,,2015-12-04,2015
Gaurav Gupta,Splitkart,round_2125,Seed,,2015-12-04,2015
Blume Ventures,Zenatix,round_2126,Private Equity,,2015-12-07,2015
Agnus Capital,Customfurnish,round_2127,Private Equity,4500000.0,2015-12-07,2015
ru-Net,Faasos,round_2128,Private Equity,30000000.0,2015-12-07,2015
Sequoia Capital,Faasos,round_2128,Private Equity,30000000.0,2015-12-07,2015
\\xc2\\xa0 Lightbox Ventures,Faasos,round_2128,Private Equity,30000000.0,2015-12-07,2015
Vidyadhar Sarfare,Vlurn,round_2129,Seed,,2015-12-07,2015
Ajeet Khurana Jinesh Shah,Leaf Wearables,round_2130,Seed,250000.0,2015-12-07,2015
Vikram Chachra,Leaf Wearables,round_2130,Seed,250000.0,2015-12-07,2015
Dr. Aniruddha Malpani,Leaf Wearables,round_2130,Seed,250000.0,2015-12-07,2015
Gopal Aggarwal,Coolshare,round_2131,Seed,100000.0,2015-12-07,2015
Shopclues,HeyBiz,round_2133,Seed,,2015-12-08,2015
Unilazer Ventures,Yumist,round_2134,Private Equity,2000000.0,2015-12-08,2015
Orios Venture Partners,Yumist,round_2134,Private Equity,2000000.0,2015-12-08,2015
Steven Lurie,Yumist,round_2134,Private Equity,2000000.0,2015-12-08,2015
Manipal Global Education Services,Jigsaw Academy,round_2135,Private Equity,3000000.0,2015-12-09,2015
TracxnLabs,JoeHukum,round_2136,Seed,,2015-12-09,2015
Jitendra Gupta,JoeHukum,round_2136,Seed,,2015-12-09,2015
Prashant Tandon,JoeHukum,round_2136,Seed,,2015-12-09,2015
SAIF Partners,Aye Finance,round_2138,Private Equity,3000000.0,2015-12-09,2015
Accion,Aye Finance,round_2138,Private Equity,3000000.0,2015-12-09,2015
Chandigarh Angels Network,JumboBasket,round_2139,Seed,,2015-12-09,2015
Tiger Global Management,BlackBuck,round_2140,Private Equity,25000000.0,2015-12-10,2015
Yuri Milner,BlackBuck,round_2140,Private Equity,25000000.0,2015-12-10,2015
Apoletto,BlackBuck,round_2140,Private Equity,25000000.0,2015-12-10,2015
Accel Partners,BlackBuck,round_2140,Private Equity,25000000.0,2015-12-10,2015
Flipkart,BlackBuck,round_2140,Private Equity,25000000.0,2015-12-10,2015
Bren Corporation,HomeStudio,round_2141,Private Equity,5000000.0,2015-12-10,2015
Indian Angel Network,PropheSee,round_2142,Seed,500000.0,2015-12-10,2015
Stanford Angels,PropheSee,round_2142,Seed,500000.0,2015-12-10,2015
Entrepreneurs India,PropheSee,round_2142,Seed,500000.0,2015-12-10,2015
GrowX Ventures,i2e1,round_2143,Seed,500000.0,2015-12-10,2015
CLSA Capital Partners ARIA IV Funds,Holisol Logistics,round_2144,Private Equity,10000000.0,2015-12-10,2015
Mr. Sudhir & Ms. Shalini Sethi,Stay Simple Resorts,round_2145,Seed,,2015-12-10,2015
Mr. Praveen Someshwar,Stay Simple Resorts,round_2145,Seed,,2015-12-10,2015
Mitesh Majithia,Paynear,round_2146,Private Equity,2500000.0,2015-12-10,2015
Sequoia Capital,Chillr,round_2147,Private Equity,70000000.0,2015-12-10,2015
Blume Ventures,Chillr,round_2147,Private Equity,70000000.0,2015-12-10,2015
Uniqorn Ventures and other,Chillr,round_2147,Private Equity,70000000.0,2015-12-10,2015
Sashi Reddi,EureQa,round_2148,Seed,600000.0,2015-12-11,2015
Gabriel Investments,EureQa,round_2148,Seed,600000.0,2015-12-11,2015
Anand Mahindra,LocalCircles,round_2149,Private Equity,,2015-12-11,2015
Ratan Tata,UrbanClap,round_2151,Private Equity,,2015-12-11,2015
LetsVenture,OnlineRTI,round_2152,Seed,150000.0,2015-12-11,2015
Mohandas Pai,OnlineRTI,round_2152,Seed,150000.0,2015-12-11,2015
Extreme Venture Partners\\xc2\\xa0 William Bissell,Powerstores,round_2153,Seed,,2015-12-11,2015
Rajan Anandan,Weddingz.in,round_2154,Seed,1000000.0,2015-12-11,2015
Zoya Akhtar,Weddingz.in,round_2154,Seed,1000000.0,2015-12-11,2015
Reema Kagati,Weddingz.in,round_2154,Seed,1000000.0,2015-12-11,2015
Ruchi Narain,Weddingz.in,round_2154,Seed,1000000.0,2015-12-11,2015
Amrish Kumar,Weddingz.in,round_2154,Seed,1000000.0,2015-12-11,2015
Hrishikesh Parandekar,Weddingz.in,round_2154,Seed,1000000.0,2015-12-11,2015
Sachin Bansal,Intelligent Interfaces,round_2155,Seed,,2015-12-11,2015
Binny Bansal,Intelligent Interfaces,round_2155,Seed,,2015-12-11,2015
Accel Partners India,Capricoast,round_2156,Private Equity,3500000.0,2015-12-14,2015
RB Investments,Capricoast,round_2156,Private Equity,3500000.0,2015-12-14,2015
Puneet Dalmia,JetSetGo,round_2157,Private Equity,,2015-12-14,2015
Prashanth Ranganathan,Cabsguru,round_2158,Seed,200000.0,2015-12-14,2015
Infosys,Whoop,round_2159,Private Equity,3000000.0,2015-12-14,2015
Mumbai Angels,BookEventz,round_2160,Seed,,2015-12-15,2015
Singapore Angel Network,BookEventz,round_2160,Seed,,2015-12-15,2015
Zishaan Hayath,BookEventz,round_2160,Seed,,2015-12-15,2015
Vijay Shekhar Sharma,Deal Street Asia,round_2161,Seed,,2015-12-15,2015
Singapore Angels Network,Deal Street Asia,round_2161,Seed,,2015-12-15,2015
Amazon,Housejoy,round_2163,Private Equity,22500000.0,2015-12-16,2015
Vertex Ventures,Housejoy,round_2163,Private Equity,22500000.0,2015-12-16,2015
Qualcomm,Housejoy,round_2163,Private Equity,22500000.0,2015-12-16,2015
Ru-Net Technology Partners,Housejoy,round_2163,Private Equity,22500000.0,2015-12-16,2015
Matrix Partners,Housejoy,round_2163,Private Equity,22500000.0,2015-12-16,2015
Chicago Capital Ventures,Bluebirch,round_2164,Seed,2000000.0,2015-12-16,2015
Sanjay Mehta,Bluebirch,round_2164,Seed,2000000.0,2015-12-16,2015
Others,Bluebirch,round_2164,Seed,2000000.0,2015-12-16,2015
Unilazer,MeraDoctor,round_2165,Private Equity,1200000.0,2015-12-16,2015
Nisha Sharma,STAGE 3,round_2166,Seed,,2015-12-16,2015
Puneet Dalmia,STAGE 3,round_2166,Seed,,2015-12-16,2015
Balaji Prabhakar,STAGE 3,round_2166,Seed,,2015-12-16,2015
SAIF Partners and others,Rivigo,round_2167,Private Equity,30000000.0,2015-12-17,2015
Allen Blue,Springboard,round_2168,Seed,1700000.0,2015-12-17,2015
John Katzman,Springboard,round_2168,Seed,1700000.0,2015-12-17,2015
Naveen Tewari,Springboard,round_2168,Seed,1700000.0,2015-12-17,2015
Kartik Hosanagar,Springboard,round_2168,Seed,1700000.0,2015-12-17,2015
Kashyap Deorah,Springboard,round_2168,Seed,1700000.0,2015-12-17,2015
500 Startups,Springboard,round_2168,Seed,1700000.0,2015-12-17,2015
Blue Fog Capital,Springboard,round_2168,Seed,1700000.0,2015-12-17,2015
Kalaari Capital,Eatfresh,round_2169,Private Equity,,2015-12-17,2015
Kris Gopalakrishnan & Others,Ampere Vehicles,round_2170,Seed,1200000.0,2015-12-18,2015
Turning Ideas,Focus Digit,round_2171,Seed,,2015-12-18,2015
Quintillion Media,The News Minute,round_2172,Seed,,2015-12-18,2015
Prahlad Rao,CBREX,round_2173,Seed,200000.0,2015-12-18,2015
Sundara Rajan,CBREX,round_2173,Seed,200000.0,2015-12-18,2015
Vikram Chachra,CBREX,round_2173,Seed,200000.0,2015-12-18,2015
Ritesh Dwivedy,TruckMandi,round_2174,Private Equity,2000000.0,2015-12-21,2015
Ramakant Sharma,TruckMandi,round_2174,Private Equity,2000000.0,2015-12-21,2015
Mount Nathan Advisors,TruckMandi,round_2174,Private Equity,2000000.0,2015-12-21,2015
Innoven Capital,Peppertap,round_2175,Private Equity,4000000.0,2015-12-21,2015
TCS,KOOH Sports,round_2176,Private Equity,2000000.0,2015-12-21,2015
HDFC,KOOH Sports,round_2176,Private Equity,2000000.0,2015-12-21,2015
Faering Capital,KOOH Sports,round_2176,Private Equity,2000000.0,2015-12-21,2015
Elevate Sports,KOOH Sports,round_2176,Private Equity,2000000.0,2015-12-21,2015
Anand Chandrasekaran,RentOnGo,round_2177,Seed,,2015-12-22,2015
Rajesh Sawhney,RentOnGo,round_2177,Seed,,2015-12-22,2015
Kalpana Tatavarti,RentOnGo,round_2177,Seed,,2015-12-22,2015
Shivanandan Pare,RentOnGo,round_2177,Seed,,2015-12-22,2015
Murugappa Group,Industrybuying,round_2178,Seed,,2015-12-22,2015
TVS Group,Industrybuying,round_2178,Seed,,2015-12-22,2015
Vellayan Subbiah,Industrybuying,round_2178,Seed,,2015-12-22,2015
Arathi Krishna,Industrybuying,round_2178,Seed,,2015-12-22,2015
Arun Venkatachalam,Industrybuying,round_2178,Seed,,2015-12-22,2015
Dinesh Agarwal,Zapr,round_2179,Seed,,2015-12-22,2015
Palred Technologies Ltd,LatestOne,round_2180,Private Equity,3000000.0,2015-12-22,2015
HT Digital Media Holdings Ltd,PlanetGogo,round_2181,Seed,,2015-12-22,2015
YourNest Angel Fund,Arya.ai,round_2182,Private Equity,750000.0,2015-12-22,2015
Venture Nursery,Arya.ai,round_2182,Private Equity,750000.0,2015-12-22,2015
Rishi Parti,Doctor Insta,round_2183,Private Equity,500000.0,2015-12-22,2015
BrahmaX Ventures,Doctor Insta,round_2183,Private Equity,500000.0,2015-12-22,2015
Medi Assist,MobieFit,round_2184,Private Equity,1000000.0,2015-12-22,2015
Vectr Ventures,LafaLafa,round_2185,Private Equity,,2015-12-23,2015
Blume Ventures,Mech Mocha,round_2186,Seed,1000000.0,2015-12-23,2015
Flipkart,Mech Mocha,round_2186,Seed,1000000.0,2015-12-23,2015
Exfinity Venture Partners,Shotang.com,round_2187,Private Equity,5000000.0,2015-12-23,2015
Unitus Impact Livelihoods Fund,Shotang.com,round_2187,Private Equity,5000000.0,2015-12-23,2015
Jitendra Gupta,CityFurnish,round_2188,Seed,,2015-12-23,2015
Collaborative Licensing Ventures LLP,Black White Orange,round_2189,Seed,303000.0,2015-12-24,2015
Umang Kumar,Kolabro,round_2190,Seed,,2015-12-24,2015
Ruchir Arora & others,Kolabro,round_2190,Seed,,2015-12-24,2015
Info Edge (India) Ltd,Canvera,round_2191,Private Equity,2200000.0,2015-12-24,2015
Sharad Hegde,Town Essentials,round_2192,Seed,1000000.0,2015-12-28,2015
Girish Reddy,Town Essentials,round_2192,Seed,1000000.0,2015-12-28,2015
Siddharth Patil,Town Essentials,round_2192,Seed,1000000.0,2015-12-28,2015
Shrikant Patil,Town Essentials,round_2192,Seed,1000000.0,2015-12-28,2015
SAIF Partners,Bumper,round_2193,Seed,500000.0,2015-12-28,2015
Mahavir Pratap Sharma,Hotify,round_2194,Seed,150000.0,2015-12-29,2015
Sequoia Capital,MobiKwik,round_2195,Private Equity,6600000.0,2015-12-29,2015
Tree Line Asia,MobiKwik,round_2195,Private Equity,6600000.0,2015-12-29,2015
Innoven Capital,MobiKwik,round_2195,Private Equity,6600000.0,2015-12-29,2015
Yuvraj Singh,Intelligent Interfaces,round_2196,Seed,,2015-12-30,2015
Amit Gupta,Twigly,round_2197,Seed,200000.0,2015-11-02,2015
Sahil Barua,Twigly,round_2197,Seed,200000.0,2015-11-02,2015
Mukul Singhal,Twigly,round_2197,Seed,200000.0,2015-11-02,2015
Tracxn Labs,Twigly,round_2197,Seed,200000.0,2015-11-02,2015
IDG Ventures,CityFlo,round_2198,Seed,750000.0,2015-11-02,2015
Times Group Brand Capital,Findyahan,round_2199,Private Equity,,2015-11-03,2015
Ratan Tata,Sabse,round_2200,Private Equity,,2015-11-03,2015
Segnel Venture,Pokkt,round_2201,Private Equity,5000000.0,2015-11-03,2015
Shinji Kimura,Pokkt,round_2201,Private Equity,5000000.0,2015-11-03,2015
Sundar Chanrai,Pokkt,round_2201,Private Equity,5000000.0,2015-11-03,2015
JAFCO Asia,Pokkt,round_2201,Private Equity,5000000.0,2015-11-03,2015
SingTel\\xe2\\x80\\x99s Innov8,Pokkt,round_2201,Private Equity,5000000.0,2015-11-03,2015
Jungle Ventures,Pokkt,round_2201,Private Equity,5000000.0,2015-11-03,2015
K Ganesh,Pokkt,round_2201,Private Equity,5000000.0,2015-11-03,2015
Varun Ahuja,oibanit,round_2202,Seed,150000.0,2015-11-03,2015
Anubhav Verma,oibanit,round_2202,Seed,150000.0,2015-11-03,2015
Riqueza Capital,Stuffed,round_2203,Seed,385000.0,2015-11-03,2015
Dheeraj Jain & Others,Deyor Rooms,round_2205,Seed,500000.0,2015-11-03,2015
Constellation Technology Ventures (Exelon Corporation),Bidgely,round_2206,Private Equity,16600000.0,2015-11-03,2015
E.ON,Bidgely,round_2206,Private Equity,16600000.0,2015-11-03,2015
RWE,Bidgely,round_2206,Private Equity,16600000.0,2015-11-03,2015
Khosla Ventures,Bidgely,round_2206,Private Equity,16600000.0,2015-11-03,2015
ah! Ventures,Shirsa Labs,round_2207,Seed,250000.0,2015-11-04,2015
CIO Angel Network,Paytunes,round_2208,Seed,,2015-11-04,2015
Phanindra Sama,YourDOST,round_2209,Seed,400000.0,2015-11-04,2015
Aprameya Radhakrishna,YourDOST,round_2209,Seed,400000.0,2015-11-04,2015
Aneesh Reddy,YourDOST,round_2209,Seed,400000.0,2015-11-04,2015
Neeraj Jawalkar,YourDOST,round_2209,Seed,400000.0,2015-11-04,2015
Sanjay Anandaram,YourDOST,round_2209,Seed,400000.0,2015-11-04,2015
Pavan Ongole,YourDOST,round_2209,Seed,400000.0,2015-11-04,2015
Venk Krishnan,YourDOST,round_2209,Seed,400000.0,2015-11-04,2015
Vineel Nalla & Others,BookMyBai,round_2210,Seed,150000.0,2015-11-05,2015
SAIF Partners & others,Bobble,round_2212,Private Equity,,2015-11-05,2015
Indian Angel Network,RepUp,round_2213,Seed,,2015-11-06,2015
Undisclosed HNIs,Satvacart,round_2214,Private Equity,1800000.0,2015-11-06,2015
IDG Ventures India,POPxo.com,round_2215,Private Equity,2000000.0,2015-11-06,2015
Kalaari Capital,POPxo.com,round_2215,Private Equity,2000000.0,2015-11-06,2015
500 Startups,POPxo.com,round_2215,Private Equity,2000000.0,2015-11-06,2015
Hyderabad Angels,SparesHub,round_2216,Seed,460000.0,2015-11-06,2015
M&S Partners,SparesHub,round_2216,Seed,460000.0,2015-11-06,2015
Hyderabad Angels,Explara,round_2217,Private Equity,490000.0,2015-11-06,2015
Singapore Angel Network,Explara,round_2217,Private Equity,490000.0,2015-11-06,2015
Ness Wadia,Explara,round_2217,Private Equity,490000.0,2015-11-06,2015
Saina Nehwal,Soothe Healthcare,round_2218,Seed,,2015-11-06,2015
Chandralekha Construction Pvt. Ltd.,Yuvi Hospitality,round_2219,Private Equity,15000000.0,2015-11-06,2015
Rajan Anandan,AppVirality,round_2220,Seed,500000.0,2015-11-09,2015
Mike Galgon,AppVirality,round_2220,Seed,500000.0,2015-11-09,2015
Ravi Gururaj,AppVirality,round_2220,Seed,500000.0,2015-11-09,2015
Ashim Mehra,AppVirality,round_2220,Seed,500000.0,2015-11-09,2015
\\xc2\\xa0 Mohit Saxena,AppVirality,round_2220,Seed,500000.0,2015-11-09,2015
Internet Group,AppVirality,round_2220,Seed,500000.0,2015-11-09,2015
TNN Capital and others,AppVirality,round_2220,Seed,500000.0,2015-11-09,2015
Michael & Susan Dell Foundation,iStar Skill Development,round_2221,Private Equity,1500000.0,2015-11-09,2015
Unitus Seed Fund,iStar Skill Development,round_2221,Private Equity,1500000.0,2015-11-09,2015
Info Edge,BigStylist.com,round_2222,Private Equity,1000000.0,2015-11-09,2015
Sequoia India,Zilingo,round_2223,Private Equity,1900000.0,2015-11-09,2015
BEENEXT Ventures,Zilingo,round_2223,Private Equity,1900000.0,2015-11-09,2015
Kunal Shah & Sandeep Tandon,Zilingo,round_2223,Private Equity,1900000.0,2015-11-09,2015
Jozef Bardik,Didi,round_2224,Seed,150000.0,2015-11-09,2015
Leo Wang Sangeeth Ram,Didi,round_2224,Seed,150000.0,2015-11-09,2015
SAIF Partners,Chefs Basket,round_2226,Private Equity,6000000.0,2015-11-10,2015
Haresh Chawla,Chefs Basket,round_2226,Private Equity,6000000.0,2015-11-10,2015
TV Mohandas Pai\\xe2\\x80\\x99s family office,Gingercrush,round_2227,Seed,,2015-11-11,2015
Lensbridge Capital,Delight Foods,round_2228,Private Equity,600000.0,2015-11-11,2015
Mape Advisory Group,Delight Foods,round_2228,Private Equity,600000.0,2015-11-11,2015
Fireside Ventures,Delight Foods,round_2228,Private Equity,600000.0,2015-11-11,2015
Centre For Incubation & Business Acceleration (CIBA),6Degree,round_2229,Seed,,2015-11-11,2015
Goa,6Degree,round_2229,Seed,,2015-11-11,2015
Mount Nathan Advisors Pte Ltd,RenewBuy,round_2230,Seed,500000.0,2015-11-11,2015
Sixth Sense Ventures,Grab,round_2231,Seed,,2015-11-11,2015
Chennai Angels,Hitwicket,round_2232,Seed,250000.0,2015-11-12,2015
Sujeet Kumar,Flashdoor,round_2233,Seed,,2015-11-13,2015
Ankit Nagori,Flashdoor,round_2233,Seed,,2015-11-13,2015
Traxcn Labs,Flashdoor,round_2233,Seed,,2015-11-13,2015
Kalaari Capital,Cashkaro.com,round_2234,Private Equity,3700000.0,2015-11-16,2015
Astarc Ventures,Absentia,round_2235,Seed,180000.0,2015-11-16,2015
50K Ventures & others,Absentia,round_2235,Seed,180000.0,2015-11-16,2015
Logtally,Renowala,round_2236,Seed,,2015-11-16,2015
Times Internet,TaskBucks,round_2237,Private Equity,15000000.0,2015-11-16,2015
Sequoia India,CraftsVilla,round_2238,Private Equity,34000000.0,2015-11-17,2015
Lightspeed Venture Partners,CraftsVilla,round_2238,Private Equity,34000000.0,2015-11-17,2015
Nexus Venture Partners,CraftsVilla,round_2238,Private Equity,34000000.0,2015-11-17,2015
Global Founders Capital,CraftsVilla,round_2238,Private Equity,34000000.0,2015-11-17,2015
Apoletto,CraftsVilla,round_2238,Private Equity,34000000.0,2015-11-17,2015
Gordon and Betty Moore Foundation,Julia Computing,round_2239,Seed,600000.0,2015-11-17,2015
Jitu Virwani,StyleTag,round_2240,Seed,7500000.0,2015-11-17,2015
Rimpal Chawla,Smytten,round_2241,Seed,200000.0,2015-11-17,2015
Anuj Srivastava,Smytten,round_2241,Seed,200000.0,2015-11-17,2015
Ravi Krishnamurthy,BiBox,round_2242,Seed,530000.0,2015-11-17,2015
Enablers platform,Convegenius,round_2243,Seed,300000.0,2015-11-17,2015
Baillie Gifford,Ola,round_2244,Private Equity,500000000.0,2015-11-18,2015
Falcon Edge Capital,Ola,round_2244,Private Equity,500000000.0,2015-11-18,2015
Tiger Global,Ola,round_2244,Private Equity,500000000.0,2015-11-18,2015
SoftBank Group,Ola,round_2244,Private Equity,500000000.0,2015-11-18,2015
DST Global,Ola,round_2244,Private Equity,500000000.0,2015-11-18,2015
Didi Kuaidi,Ola,round_2244,Private Equity,500000000.0,2015-11-18,2015
Nexus Venture Partners,Goodbox,round_2245,Private Equity,2500000.0,2015-11-18,2015
Kalaari Capital,ScoopWhoop,round_2246,Private Equity,4000000.0,2015-11-18,2015
Inara Capital,Hipship,round_2247,Seed,,2015-11-18,2015
Rishi Khiani,Hipship,round_2247,Seed,,2015-11-18,2015
Palaash Ventures,Pickrr,round_2248,Seed,,2015-11-18,2015
Blackstone Valley Group,Truelancer,round_2249,Seed,,2015-11-18,2015
Raghu Vohra,Truelancer,round_2249,Seed,,2015-11-18,2015
Aditya Dev Sood,Truelancer,round_2249,Seed,,2015-11-18,2015
Kamal Bansal,Truelancer,round_2249,Seed,,2015-11-18,2015
ah! Ventures,AHA Taxis,round_2250,Seed,,2015-11-19,2015
Bessemer Venture Partner,UrbanClap,round_2251,Private Equity,25000000.0,2015-11-19,2015
Accel,UrbanClap,round_2251,Private Equity,25000000.0,2015-11-19,2015
SAIF Partners,UrbanClap,round_2251,Private Equity,25000000.0,2015-11-19,2015
Karnataka Semiconductor Venture Capital firm,SenseGiz,round_2252,Seed,500000.0,2015-11-19,2015
S.D. Shibulal,PlaceofOrigin,round_2253,Seed,,2015-11-19,2015
Kris Gopalakrishnan,PlaceofOrigin,round_2253,Seed,,2015-11-19,2015
Srinath Batni,PlaceofOrigin,round_2253,Seed,,2015-11-19,2015
Professor Tarun Khanna,PlaceofOrigin,round_2253,Seed,,2015-11-19,2015
\\xc2\\xa0 Ganapathy Venugopal.,PlaceofOrigin,round_2253,Seed,,2015-11-19,2015
Indian Angel Network,Fourseven,round_2254,Seed,455000.0,2015-11-19,2015
New Enterprise Associates,MindTickle,round_2255,Private Equity,12500000.0,2015-11-20,2015
Kae Capital,Shopsense,round_2256,Seed,,2015-11-20,2015
Kunal Bahl,Shopsense,round_2256,Seed,,2015-11-20,2015
Rohit Bansal,Shopsense,round_2256,Seed,,2015-11-20,2015
Ram Kumar Kakani,Medinfi,round_2257,Seed,305000.0,2015-11-20,2015
Pradeep K Jaisingh,Medinfi,round_2257,Seed,305000.0,2015-11-20,2015
Sunil T V,Medinfi,round_2257,Seed,305000.0,2015-11-20,2015
Vijay Ghadge,Medinfi,round_2257,Seed,305000.0,2015-11-20,2015
Hemant Kaul,Medinfi,round_2257,Seed,305000.0,2015-11-20,2015
Gurmeet Chahal & Others,Medinfi,round_2257,Seed,305000.0,2015-11-20,2015
Hampton Capital,HeyPillow,round_2259,Private Equity,3000000.0,2015-11-20,2015
Daljit Singh,Healers At Home,round_2260,Seed,,2015-11-21,2015
Dr. Pramath Raj Sinha,Healers At Home,round_2260,Seed,,2015-11-21,2015
BVR Mohan Reddy,Healers At Home,round_2260,Seed,,2015-11-21,2015
Unitus Seed Fund,Caravan Craft,round_2261,Private Equity,1200000.0,2015-11-21,2015
Bijou Kurien,Caravan Craft,round_2261,Private Equity,1200000.0,2015-11-21,2015
Narayan Ramachandran,Caravan Craft,round_2261,Private Equity,1200000.0,2015-11-21,2015
IDG Ventures India,RentoMojo,round_2263,Private Equity,2000000.0,2015-11-23,2015
\\xc2\\xa0 Accel Partners India,RentoMojo,round_2263,Private Equity,2000000.0,2015-11-23,2015
Anil Menon,Medikoe,round_2264,Seed,100000.0,2015-11-23,2015
Swastika,Stylofie,round_2265,Seed,250000.0,2015-11-24,2015
Manish Gupta,ServX,round_2266,Seed,,2015-11-24,2015
Mitsui & Co.,Naaptol,round_2267,Private Equity,52000000.0,2015-11-24,2015
New Enterprise Associates,Naaptol,round_2267,Private Equity,52000000.0,2015-11-24,2015
Canaan Partners,Naaptol,round_2267,Private Equity,52000000.0,2015-11-24,2015
Silicon Valley Bank,Naaptol,round_2267,Private Equity,52000000.0,2015-11-24,2015
Ratan Tata,Crayon Data,round_2268,Private Equity,,2015-11-24,2015
Ashok Agarwal,EarlySalary.com,round_2269,Seed,1500000.0,2015-11-25,2015
Raghu Khanna,Tooler,round_2270,Seed,110000.0,2015-11-25,2015
Sameer Gupta,Tooler,round_2270,Seed,110000.0,2015-11-25,2015
IFC Everstone Group,S Chand,round_2271,Private Equity,27000000.0,2015-11-25,2015
Earlsfield Capital,Stelae,round_2272,Private Equity,,2015-11-26,2015
New Enterprise Associates,GoQii,round_2273,Private Equity,13400000.0,2015-11-26,2015
Cheetah Mobile,GoQii,round_2273,Private Equity,13400000.0,2015-11-26,2015
Softbank,Grofers,round_2274,Private Equity,120000000.0,2015-11-26,2015
Tiger Global,Grofers,round_2274,Private Equity,120000000.0,2015-11-26,2015
Sequoia Capital,Grofers,round_2274,Private Equity,120000000.0,2015-11-26,2015
Apoletto Managers,Grofers,round_2274,Private Equity,120000000.0,2015-11-26,2015
IDG Ventures,Pluss,round_2275,Private Equity,1000000.0,2015-11-26,2015
M & S partners,Pluss,round_2275,Private Equity,1000000.0,2015-11-26,2015
Powerhouse Ventures (USA).,Pluss,round_2275,Private Equity,1000000.0,2015-11-26,2015
Tracxn,KountMoney,round_2276,Seed,,2015-11-26,2015
Ashish Goenka & Others,KountMoney,round_2276,Seed,,2015-11-26,2015
Bessemer Venture Partners,StayGlad,round_2277,Private Equity,,2015-11-27,2015
Anil Chopra,StayGlad,round_2277,Private Equity,,2015-11-27,2015
Ashish Gupta,Fastudent,round_2279,Seed,,2015-11-27,2015
JMR Infotech India Pvt Ltd,LearnOn,round_2280,Seed,,2015-11-27,2015
Unigrowth Inc,Talentrack,round_2281,Seed,,2015-11-27,2015
Mandeep Singh,M-TAXI,round_2282,Seed,,2015-11-28,2015
Jairaj Singh,M-TAXI,round_2282,Seed,,2015-11-28,2015
Manish Kheterpal,Baxi,round_2283,Seed,1450000.0,2015-11-30,2015
Alok Mittal,Baxi,round_2283,Seed,1450000.0,2015-11-30,2015
\\xc2\\xa0 Puneet Dalmia,Baxi,round_2283,Seed,1450000.0,2015-11-30,2015
DSG Consumer Partners,Superhero Brands,round_2284,Seed,540000.0,2015-11-30,2015
FIH Mobile Ltd,MoMagic,round_2285,Private Equity,,2015-11-30,2015
Flipkart,QikPod,round_2286,Private Equity,9000000.0,2015-11-30,2015
Accel Partners,QikPod,round_2286,Private Equity,9000000.0,2015-11-30,2015
Delhivery,QikPod,round_2286,Private Equity,9000000.0,2015-11-30,2015
Foxconn,QikPod,round_2286,Private Equity,9000000.0,2015-11-30,2015
Sargod Ventures,Bro4U,round_2288,Seed,,2015-11-30,2015
Accel Partners,Indifi,round_2289,Seed,,2015-10-01,2015
Elevar Equity,Indifi,round_2289,Seed,,2015-10-01,2015
Pramod Bhasin,Indifi,round_2289,Seed,,2015-10-01,2015
Rajan Anandan,Indifi,round_2289,Seed,,2015-10-01,2015
Gaurav Dalmia,Indifi,round_2289,Seed,,2015-10-01,2015
Abhishek Goyal,Indifi,round_2289,Seed,,2015-10-01,2015
Gagan Hasteer,Indifi,round_2289,Seed,,2015-10-01,2015
Arun Tadanki,Indifi,round_2289,Seed,,2015-10-01,2015
Sandeep Aggarwal,Wydr,round_2290,Seed,,2015-10-01,2015
Axilor Ventures,EasyFix,round_2291,Seed,,2015-10-01,2015
Ashish Todi,Muvizz,round_2292,Seed,350000.0,2015-10-01,2015
Abhinav Patodia,Muvizz,round_2292,Seed,350000.0,2015-10-01,2015
Kumar Shwetabh,Muvizz,round_2292,Seed,350000.0,2015-10-01,2015
Paytm (One97 communications),Abhibus,round_2293,Private Equity,,2015-10-01,2015
Paytm (One97 communications),Cleartax,round_2294,Private Equity,,2015-10-01,2015
Kalaari Capital,Shopalyst,round_2295,Private Equity,2000000.0,2015-10-02,2015
Sequoia Capital,Chillr,round_2296,Private Equity,6000000.0,2015-10-03,2015
Harsh Mariwala,Nykaa,round_2297,Private Equity,9500000.0,2015-10-05,2015
Atul Nishar,Nykaa,round_2297,Private Equity,9500000.0,2015-10-05,2015
Dalip Pathak,Nykaa,round_2297,Private Equity,9500000.0,2015-10-05,2015
Michael Carlos,Nykaa,round_2297,Private Equity,9500000.0,2015-10-05,2015
Peepul Capital,Voylla,round_2298,Private Equity,15000000.0,2015-10-05,2015
DSG consumer Partners,IndiaLends,round_2299,Private Equity,1000000.0,2015-10-05,2015
Paragon Partners,IndiaLends,round_2299,Private Equity,1000000.0,2015-10-05,2015
High Networth Individuals (undisclosed),Rock N Shop,round_2300,Seed,150000.0,2015-10-05,2015
Uniqorn ventures,DocPlexus,round_2301,Seed,700000.0,2015-10-06,2015
ASP Consulting,DocPlexus,round_2301,Seed,700000.0,2015-10-06,2015
Satyen Kothari,WorkIndia,round_2302,Seed,500000.0,2015-10-06,2015
Keshav Sanghi,WorkIndia,round_2302,Seed,500000.0,2015-10-06,2015
Riddhesh Gandhi & Others,WorkIndia,round_2302,Seed,500000.0,2015-10-06,2015
Gaja Capital Private Equity Fund,SportzVillage,round_2303,Private Equity,10000000.0,2015-10-06,2015
YouWeCan Ventures,SportyBeans,round_2304,Seed,,2015-10-06,2015
Ashvin Chadha,Burger Singh,round_2305,Seed,500000.0,2015-10-06,2015
Avtar Monga,Burger Singh,round_2305,Seed,500000.0,2015-10-06,2015
Udaan Angels,Burger Singh,round_2305,Seed,500000.0,2015-10-06,2015
Dheeraj Jain,Burger Singh,round_2305,Seed,500000.0,2015-10-06,2015
Unnamed Media house and HNIs,Welcome Cure,round_2306,Private Equity,6000000.0,2015-10-06,2015
High Networth Individuals from India & USA,SchoolGuru,round_2307,Private Equity,3000000.0,2015-10-07,2015
Sanjay Mehta,Naturally Yours,round_2308,Seed,,2015-10-07,2015
Snapdeal,GoJavas,round_2309,Private Equity,20000000.0,2015-10-07,2015
Micromax Informatics,Scandid,round_2310,Private Equity,,2015-10-07,2015
Mato Peric,StalkBuyLove,round_2311,Private Equity,,2015-10-07,2015
Peter Kabel & others,StalkBuyLove,round_2311,Private Equity,,2015-10-07,2015
Sanjeev Kapoor,ZuperMeal,round_2312,Private Equity,2000000.0,2015-10-08,2015
\\xc2\\xa0 Ravi Saxena & Others,ZuperMeal,round_2312,Private Equity,2000000.0,2015-10-08,2015
Tiger Global Management,Cube26,round_2313,Private Equity,7700000.0,2015-10-08,2015
Flipkart,Cube26,round_2313,Private Equity,7700000.0,2015-10-08,2015
Life.SREDA,Mobikon,round_2314,Private Equity,,2015-10-08,2015
Qualgro,Mobikon,round_2314,Private Equity,,2015-10-08,2015
Sequoia and Kalaari Capital.,Grabhouse,round_2315,Private Equity,10000000.0,2015-10-08,2015
Vikas Agarwal,Quifers,round_2316,Seed,310000.0,2015-10-08,2015
Vishal Khare,Quifers,round_2316,Seed,310000.0,2015-10-08,2015
Sanjeev Kakkar,Quifers,round_2316,Seed,310000.0,2015-10-08,2015
Smile Group,Quifers,round_2316,Seed,310000.0,2015-10-08,2015
RoundGlass Partners,Curofy,round_2318,Private Equity,,2015-10-09,2015
SF Capital Group,Cloud Lending,round_2319,Private Equity,8000000.0,2015-10-09,2015
Kemark Ventures,Inayo,round_2320,Seed,300000.0,2015-10-09,2015
Amit Ranjan,Inayo,round_2320,Seed,300000.0,2015-10-09,2015
Zishaan Hayath and Others,Inayo,round_2320,Seed,300000.0,2015-10-09,2015
Quikr,WoNoBo,round_2321,Private Equity,,2015-10-09,2015
Seedfund,Kulzy,round_2322,Seed,1000000.0,2015-10-09,2015
Bedrock Ventures,Kulzy,round_2322,Seed,1000000.0,2015-10-09,2015
Suyash Sharma,Zeppery,round_2323,Seed,77000.0,2015-10-09,2015
Sean O\\xe2\\x80\\x99Sullivan & Others,Zify,round_2324,Seed,190000.0,2015-10-12,2015
Aarin Capital Partners,Faircent,round_2325,Private Equity,,2015-10-12,2015
Accel Partners,Bizongo,round_2326,Seed,,2015-10-12,2015
LetsVenture,Gridle,round_2327,Seed,100000.0,2015-10-12,2015
500 Startups,Tripoto,round_2328,Private Equity,,2015-10-12,2015
IDG Ventures & Advantedge fund,Tripoto,round_2328,Private Equity,,2015-10-12,2015
Neeraj Arora,Tripoto,round_2328,Private Equity,,2015-10-12,2015
Leon Seynave,Tripoto,round_2328,Private Equity,,2015-10-12,2015
Accel Partners,Mubble,round_2329,Private Equity,,2015-10-12,2015
SAIF Partners,Voodoo,round_2330,Seed,1000000.0,2015-10-13,2015
Khosla Impact,Lookup,round_2331,Private Equity,2500000.0,2015-10-13,2015
Biz Stone,Lookup,round_2331,Private Equity,2500000.0,2015-10-13,2015
Catamaran Ventures,Lookup,round_2331,Private Equity,2500000.0,2015-10-13,2015
Global Founders Capital,Lookup,round_2331,Private Equity,2500000.0,2015-10-13,2015
European investment fund,Lookup,round_2331,Private Equity,2500000.0,2015-10-13,2015
Turning Ideas,AskMyGift,round_2332,Seed,50000.0,2015-10-14,2015
Micromax Informatics Ltd,Gaana.com,round_2333,Private Equity,,2015-10-14,2015
Dewang Neralla,GymTrekker,round_2335,Seed,,2015-10-14,2015
Roopak Taneja,GymTrekker,round_2335,Seed,,2015-10-14,2015
Manisha Gupta,GymTrekker,round_2335,Seed,,2015-10-14,2015
Fireside Ventures,Bounty App,round_2336,Seed,,2015-10-15,2015
Mumbai Angels MAPE Advisory Group.,Bounty App,round_2336,Seed,,2015-10-15,2015
Devesh Rai G,Homers.in,round_2337,Seed,,2015-10-16,2015
Rajesh Aggarwal,Homers.in,round_2337,Seed,,2015-10-16,2015
Amitpal Bhutani,Homers.in,round_2337,Seed,,2015-10-16,2015
Vijai Laxmi,mShipper,round_2338,Seed,,2015-10-16,2015
Manpreet Singh,BolRealty,round_2339,Seed,,2015-10-16,2015
Parampara Capital,S-Cube Futuretech,round_2340,Private Equity,1000000.0,2015-10-17,2015
Accel Partners,LetsVenture,round_2341,Private Equity,,2015-10-19,2015
Anupam Mittal & other marquee investors,LetsVenture,round_2341,Private Equity,,2015-10-19,2015
Sequoia Capital,Citrus Payment,round_2342,Private Equity,25000000.0,2015-10-19,2015
"Ascent Capital, eContext Asia",Citrus Payment,round_2342,Private Equity,25000000.0,2015-10-19,2015
Beenos Asia,Citrus Payment,round_2342,Private Equity,25000000.0,2015-10-19,2015
Aarti Group,Holidify,round_2343,Seed,100000.0,2015-10-19,2015
Dr. Aniruddha Malpani Manish Gupta,PrimaSeller,round_2344,Seed,,2015-10-20,2015
M&S Partners & others,PrimaSeller,round_2344,Seed,,2015-10-20,2015
Delhivery,Opinio,round_2345,Private Equity,7000000.0,2015-10-20,2015
Sands Capital and Accel Partners,Opinio,round_2345,Private Equity,7000000.0,2015-10-20,2015
Qualcomm Venture,Attune Technologies,round_2346,Private Equity,10000000.0,2015-10-20,2015
Norwest Venture Partners,Attune Technologies,round_2346,Private Equity,10000000.0,2015-10-20,2015
Springboard Ventures,iChef.in,round_2347,Private Equity,,2015-10-20,2015
Indian Angel Network,Jiyo Natural,round_2348,Seed,,2015-10-21,2015
Sierra Ventures,AgentDesks,round_2349,Seed,2950000.0,2015-10-21,2015
Cota Capital,AgentDesks,round_2349,Seed,2950000.0,2015-10-21,2015
Vegas Tech Fund,AgentDesks,round_2349,Seed,2950000.0,2015-10-21,2015
Arihant Patni,White Owl Brewery,round_2350,Private Equity,1530000.0,2015-10-21,2015
RAAY Global Investments,White Owl Brewery,round_2350,Private Equity,1530000.0,2015-10-21,2015
Alok Bajpai,MealHopper,round_2351,Seed,100000.0,2015-10-21,2015
Rajnish Kumar,MealHopper,round_2351,Seed,100000.0,2015-10-21,2015
Amit Dey,MealHopper,round_2351,Seed,100000.0,2015-10-21,2015
Atul Jalan,Zenify.in,round_2352,Seed,640000.0,2015-10-21,2015
Shrikanth & Bharath,Zenify.in,round_2352,Seed,640000.0,2015-10-21,2015
R Natarajan,Stockal,round_2353,Seed,,2015-10-21,2015
Mohan Alexander,Stockal,round_2353,Seed,,2015-10-21,2015
Group of Angel investors,Medd,round_2354,Seed,150000.0,2015-10-23,2015
Group of Angel investors,Leaping Caravan,round_2355,Seed,150000.0,2015-10-23,2015
Mumbai Angels,Frsh,round_2356,Private Equity,1000000.0,2015-10-23,2015
Mayank Bhangdia,Frsh,round_2356,Private Equity,1000000.0,2015-10-23,2015
Kae Capital,Frsh,round_2356,Private Equity,1000000.0,2015-10-23,2015
ID Enablers Pvt Ltd,Qik Stay,round_2357,Seed,250000.0,2015-10-23,2015
Delhivery,Parcelled,round_2358,Private Equity,5000000.0,2015-10-26,2015
Oswal Techno Ventures LLP,AlmaMapper,round_2359,Seed,400000.0,2015-10-26,2015
undisclosed private investors,Flexing It,round_2360,Seed,500000.0,2015-10-26,2015
OrbiMed,Netmeds.com,round_2361,Private Equity,50000000.0,2015-10-26,2015
Pradip Dadha Group,Netmeds.com,round_2361,Private Equity,50000000.0,2015-10-26,2015
Tiger Global Management,Razorpay,round_2362,Private Equity,9000000.0,2015-10-26,2015
Matrix Partners,Razorpay,round_2362,Private Equity,9000000.0,2015-10-26,2015
Ventureworks India,Jombay,round_2363,Private Equity,,2015-10-27,2015
Unnamed investor,Happitoo,round_2364,Seed,77000.0,2015-10-27,2015
India Quotient,Care24,round_2365,Seed,350000.0,2015-10-27,2015
Sequoia Capital,Roadrunnr,round_2366,Private Equity,10000000.0,2015-10-27,2015
Nexus Venture Partners,Roadrunnr,round_2366,Private Equity,10000000.0,2015-10-27,2015
Redcliffe Capital,Simpli5d,round_2367,Private Equity,,2015-10-27,2015
YourNest Angel Fund,Simpli5d,round_2367,Private Equity,,2015-10-27,2015
ah! Ventures,ORIGA Leasing,round_2368,Seed,1100000.0,2015-10-28,2015
500 Startups & Other HNIs,ORIGA Leasing,round_2368,Seed,1100000.0,2015-10-28,2015
S Chand and Co Pvt Ltd,Smartivity.in,round_2369,Seed,200000.0,2015-10-28,2015
Jupiter Capital,UrDoorStep,round_2370,Private Equity,,2015-10-28,2015
Tracxn Syndicate,Tavaga,round_2371,Seed,,2015-10-29,2015
Accel Partner,Moglix,round_2372,Private Equity,,2015-10-29,2015
Jungle Ventures,Moglix,round_2372,Private Equity,,2015-10-29,2015
Amit Singhal,ZopHop,round_2373,Seed,450000.0,2015-10-29,2015
PK Gulati & others,ZopHop,round_2373,Seed,450000.0,2015-10-29,2015
Unilazer Ventures,Niki.ai,round_2374,Seed,,2015-10-30,2015
Suresh Vaswani,Instavans,round_2375,Seed,,2015-10-30,2015
Rajesh Bhatia,LiftO,round_2376,Seed,130000.0,2015-10-30,2015
Dheeraj Mehta & Others,LiftO,round_2376,Seed,130000.0,2015-10-30,2015
Sequoia Capital,TinyOwl,round_2377,Private Equity,7500000.0,2015-10-30,2015
Matrix Partners,TinyOwl,round_2377,Private Equity,7500000.0,2015-10-30,2015
InnoVen Capital,Toppr.com,round_2378,Private Equity,2000000.0,2015-10-30,2015
GREX,Kleeto,round_2379,Seed,230000.0,2015-10-30,2015
Puneet Bhatia & others,BeaconsTalk,round_2380,Seed,80000.0,2015-10-30,2015
Paytm,Jugnoo,round_2381,Private Equity,10000000.0,2015-10-31,2015
Tania Johny Palathinkal,TOFlo,round_2382,Seed,100000.0,2015-09-01,2015
Flipkart,FXMartIndia,round_2383,Private Equity,,2015-09-01,2015
Group of HNI investors,Stylecracker,round_2384,Private Equity,1000000.0,2015-09-01,2015
Reliance Capital,Luxuryhues,round_2385,Private Equity,900000.0,2015-09-01,2015
Ratan Tata,HolaChef,round_2386,Private Equity,,2015-09-02,2015
Zodius Technology Fund,Zivame,round_2387,Private Equity,40000000.0,2015-09-02,2015
Khazanah Nasional Berhad,Zivame,round_2387,Private Equity,40000000.0,2015-09-02,2015
Warburg Pincus,Capillary Tech,round_2388,Private Equity,45000000.0,2015-09-02,2015
Sequoia Capital,Capillary Tech,round_2388,Private Equity,45000000.0,2015-09-02,2015
Norwest Venture Partners,Capillary Tech,round_2388,Private Equity,45000000.0,2015-09-02,2015
Purvi Capital,Jobspire,round_2389,Seed,260000.0,2015-09-03,2015
India Quotient & other investors,MeraDoctor,round_2390,Seed,,2015-09-03,2015
WestBridge Capital,Vistaar Finance,round_2391,Private Equity,40000000.0,2015-09-03,2015
Omidyar Network,Vistaar Finance,round_2391,Private Equity,40000000.0,2015-09-03,2015
Elevar Equity,Vistaar Finance,round_2391,Private Equity,40000000.0,2015-09-03,2015
Saama Capital,Vistaar Finance,round_2391,Private Equity,40000000.0,2015-09-03,2015
\\xc2\\xa0 Lok Capital,Vistaar Finance,round_2391,Private Equity,40000000.0,2015-09-03,2015
CMYK Health Boutique Pvt Ltd & Other individual investors,HiJinny,round_2392,Seed,,2015-09-03,2015
R M Picture Company Pvt. Ltd.,Clapsnslaps,round_2393,Seed,150000.0,2015-09-04,2015
Ashish Jhalani,Blubox,round_2394,Seed,100000.0,2015-09-04,2015
Karanpal Singh,RoomCentral,round_2395,Seed,2000000.0,2015-09-04,2015
Raghav Bahl,YouthKiAwaaz,round_2396,Seed,600000.0,2015-09-07,2015
Ritu Kapur,YouthKiAwaaz,round_2396,Seed,600000.0,2015-09-07,2015
Nalin Jain,Prozo,round_2397,Seed,205000.0,2015-09-07,2015
Shomil Pant,Prozo,round_2397,Seed,205000.0,2015-09-07,2015
Dinesh Kundu & others,Prozo,round_2397,Seed,205000.0,2015-09-07,2015
Temasek,Zomato,round_2398,Private Equity,60000000.0,2015-09-07,2015
Vy Capital,Zomato,round_2398,Private Equity,60000000.0,2015-09-07,2015
Acumen Fund,Sahayog Dairy,round_2399,Private Equity,1800000.0,2015-09-07,2015
Blume Ventures,MockBank,round_2400,Seed,400000.0,2015-09-08,2015
India Educational Investment Fund,ReportBee,round_2401,Seed,,2015-09-08,2015
India Educational Investment Fund,GuruG Learning,round_2402,Seed,,2015-09-08,2015
500 Startups,OnlineTyari,round_2403,Private Equity,770000.0,2015-09-10,2015
TV Mohandas Pai,OnlineTyari,round_2403,Private Equity,770000.0,2015-09-10,2015
Tandem Capital,OnlineTyari,round_2403,Private Equity,770000.0,2015-09-10,2015
Vikram Chachra,OnlineTyari,round_2403,Private Equity,770000.0,2015-09-10,2015
Aloke Bajpai,OnlineTyari,round_2403,Private Equity,770000.0,2015-09-10,2015
Kalaari Capital,IndustryBuying,round_2404,Private Equity,9200000.0,2015-09-10,2015
SAIF Partners,IndustryBuying,round_2404,Private Equity,9200000.0,2015-09-10,2015
Beenextan investment fund,IndustryBuying,round_2404,Private Equity,9200000.0,2015-09-10,2015
Nanadan Nilekani,The/Nudge Foundation,round_2405,Seed,315000.0,2015-09-10,2015
InMobi,The/Nudge Foundation,round_2405,Seed,315000.0,2015-09-10,2015
Paytm,The/Nudge Foundation,round_2405,Seed,315000.0,2015-09-10,2015
Green House Ventures,FitMeIn,round_2406,Seed,100000.0,2015-09-11,2015
Ankush Nijhawan,Envoged,round_2407,Seed,,2015-09-11,2015
Manish Dhingra,Envoged,round_2407,Seed,,2015-09-11,2015
Gaurav Bhatnagar,Envoged,round_2407,Seed,,2015-09-11,2015
Subodh Gupta,Renomania,round_2409,Seed,,2015-09-11,2015
Eight Road Ventures,CredR,round_2410,Private Equity,15000000.0,2015-09-12,2015
Ash Bhardwaj,YatraGenie,round_2411,Private Equity,,2015-09-12,2015
Bessemer Venture Partners,CanvasFlip,round_2412,Seed,1200000.0,2015-09-14,2015
Eight Roads Ventures,Shadowfax,round_2413,Private Equity,9000000.0,2015-09-14,2015
Aarin Capital,UE Life Sciences,round_2414,Private Equity,3000000.0,2015-09-14,2015
Unitus Seed Fund,UE Life Sciences,round_2414,Private Equity,3000000.0,2015-09-14,2015
Falcon Edge Capital,Ola Cabs,round_2415,Private Equity,225000000.0,2015-09-14,2015
NY based Hedge Fund,Ola Cabs,round_2415,Private Equity,225000000.0,2015-09-14,2015
Tiger Global,Ola Cabs,round_2415,Private Equity,225000000.0,2015-09-14,2015
Softbank,Ola Cabs,round_2415,Private Equity,225000000.0,2015-09-14,2015
Cataraman Ventures,Coverfox,round_2416,Private Equity,2000000.0,2015-09-15,2015
Helion Venture Partners,MoEngage,round_2417,Private Equity,4250000.0,2015-09-15,2015
Exfinity Ventures,MoEngage,round_2417,Private Equity,4250000.0,2015-09-15,2015
Nandan Nilekani,Mubble,round_2418,Seed,,2015-09-15,2015
Anil Matai,Tea Trails,round_2419,Seed,1000000.0,2015-09-15,2015
Vikram Tandon,Tea Trails,round_2419,Seed,1000000.0,2015-09-15,2015
Shyam Sundar R & others,Tea Trails,round_2419,Seed,1000000.0,2015-09-15,2015
Payal Syal,Room on Call,round_2420,Seed,300000.0,2015-09-15,2015
Sandeep Dama & Others,FYNE,round_2421,Seed,,2015-09-15,2015
Eight Roads Ventures,ChaiPoint,round_2422,Private Equity,10000000.0,2015-09-16,2015
Indian Angel Network,WedmeGood.com,round_2423,Seed,410000.0,2015-09-16,2015
Oliphans Capital,XSTOK,round_2424,Seed,450000.0,2015-09-16,2015
Kalaari Capital,UniLog,round_2425,Private Equity,,2015-09-17,2015
Applyifi,Paintcollar,round_2426,Seed,,2015-09-17,2015
Khazanah Nasional Berhad,YepMe,round_2427,Private Equity,75000000.0,2015-09-17,2015
Helion Venture Partners,YepMe,round_2427,Private Equity,75000000.0,2015-09-17,2015
High Networth Individuals (No details),Bueno,round_2428,Seed,600000.0,2015-09-17,2015
Sachin Bansal & Binny Bansal,Plabro,round_2429,Seed,350000.0,2015-09-18,2015
Sol Primero,Plabro,round_2429,Seed,350000.0,2015-09-18,2015
Outbox Ventures,Plabro,round_2429,Seed,350000.0,2015-09-18,2015
Sangram Singh,Plabro,round_2429,Seed,350000.0,2015-09-18,2015
Accel Partners,CureJoy,round_2430,Private Equity,1150000.0,2015-09-18,2015
Subrata Mitra,CureJoy,round_2430,Private Equity,1150000.0,2015-09-18,2015
Larry Braitman,CureJoy,round_2430,Private Equity,1150000.0,2015-09-18,2015
Venk Krishna,CureJoy,round_2430,Private Equity,1150000.0,2015-09-18,2015
Multiple investors,LabStreet,round_2432,Seed,150000.0,2015-09-18,2015
Aprameya Radhakrishna,DailyNinja,round_2433,Seed,,2015-09-19,2015
Naman Sarawagi,DailyNinja,round_2433,Seed,,2015-09-19,2015
Afsal Salu,DailyNinja,round_2433,Seed,,2015-09-19,2015
Accel Partners,Portea Medical,round_2434,Private Equity,37500000.0,2015-09-21,2015
International Finance Corporation (IFC),Portea Medical,round_2434,Private Equity,37500000.0,2015-09-21,2015
Qualcomm Ventures,Portea Medical,round_2434,Private Equity,37500000.0,2015-09-21,2015
Ventureast,Portea Medical,round_2434,Private Equity,37500000.0,2015-09-21,2015
Rainmatter,Neotrade Analytics,round_2435,Seed,235000.0,2015-09-21,2015
Anand Mahindra,DishCo,round_2436,Seed,,2015-09-21,2015
Uday Punj,DishCo,round_2436,Seed,,2015-09-21,2015
Ashish Hemrajani,DishCo,round_2436,Seed,,2015-09-21,2015
Sanjeev Mehra,DishCo,round_2436,Seed,,2015-09-21,2015
500 Startups,LafaLafa,round_2437,Seed,125000.0,2015-09-21,2015
Prakhar Bumb,ConnectAbank,round_2438,Seed,,2015-09-21,2015
Unitus Seed Fund,VillFarm,round_2439,Seed,,2015-09-22,2015
Rianta Capital,VillFarm,round_2439,Seed,,2015-09-22,2015
R Ramaraj,VillFarm,round_2439,Seed,,2015-09-22,2015
Sunil Edwards,VillFarm,round_2439,Seed,,2015-09-22,2015
Kalaari Capital,Bestdealfinance,round_2440,Private Equity,3000000.0,2015-09-22,2015
YourNest Angel Fund,Bestdealfinance,round_2440,Private Equity,3000000.0,2015-09-22,2015
Lead Angels,GameXS.in,round_2441,Seed,,2015-09-22,2015
Karan Bajwa,The Man Company,round_2442,Seed,,2015-09-22,2015
Amanpreet Bajaj,The Man Company,round_2442,Seed,,2015-09-22,2015
Manish Vij,The Man Company,round_2442,Seed,,2015-09-22,2015
Swarnim Multiventures,Virtual Logic,round_2443,Private Equity,800000.0,2015-09-22,2015
Bhavdeep Reddy,Furdo,round_2444,Seed,400000.0,2015-09-22,2015
Paytm,LogiNext,round_2445,Private Equity,10000000.0,2015-09-22,2015
Asha Jadeja Motwani & Others,Korra,round_2446,Seed,300000.0,2015-09-22,2015
Rajat Malhotra,Credihealth,round_2447,Seed,,2015-09-23,2015
Sharad Sharma,Amigobulls,round_2448,Seed,,2015-09-23,2015
Vijay Anand,Amigobulls,round_2448,Seed,,2015-09-23,2015
Mohandas Pai. Pallav Nadhani,Amigobulls,round_2448,Seed,,2015-09-23,2015
Singapore Angels Network & others,Amigobulls,round_2448,Seed,,2015-09-23,2015
M&S Partners,SilverPush,round_2449,Private Equity,1200000.0,2015-09-23,2015
William Bissell,Juggernaut,round_2450,Private Equity,2250000.0,2015-09-23,2015
Neeraj Aggarwal,Juggernaut,round_2450,Private Equity,2250000.0,2015-09-23,2015
Nandan Nilekani,Juggernaut,round_2450,Private Equity,2250000.0,2015-09-23,2015
Phanindra Sama,InnerChef,round_2451,Private Equity,1750000.0,2015-09-23,2015
Anupam Mittal,InnerChef,round_2451,Private Equity,1750000.0,2015-09-23,2015
Vijay Shekhar Sharma,InnerChef,round_2451,Private Equity,1750000.0,2015-09-23,2015
Vishal Gondal,InnerChef,round_2451,Private Equity,1750000.0,2015-09-23,2015
Sateesh Andara & others,InnerChef,round_2451,Private Equity,1750000.0,2015-09-23,2015
Raghav Bahl,Quintype,round_2452,Private Equity,3300000.0,2015-09-24,2015
500 Startups,Capabiliti,round_2453,Seed,400000.0,2015-09-24,2015
Smile Multimedia,Capabiliti,round_2453,Seed,400000.0,2015-09-24,2015
Kunal Bahl,Capabiliti,round_2453,Seed,400000.0,2015-09-24,2015
Rohit Bansal,Capabiliti,round_2453,Seed,400000.0,2015-09-24,2015
Girish Matrubootham,Capabiliti,round_2453,Seed,400000.0,2015-09-24,2015
Infuse Ventures,Fourth Partner Energy,round_2454,Private Equity,2000000.0,2015-09-24,2015
The Chennai Angels,Fourth Partner Energy,round_2454,Private Equity,2000000.0,2015-09-24,2015
Kanwaljit Singh,Licious,round_2455,Seed,1000000.0,2015-09-24,2015
TV Mohandas Pai,Licious,round_2455,Seed,1000000.0,2015-09-24,2015
Astarc Ventures & Others,TravelKhana,round_2456,Seed,,2015-09-25,2015
500 Startups,Quickli,round_2457,Seed,,2015-09-28,2015
Mato Peric & Others,Quickli,round_2457,Seed,,2015-09-28,2015
Didi Kuaidi,Ola Cabs,round_2458,Private Equity,30000000.0,2015-09-28,2015
Alibaba Group,Paytm,round_2459,Private Equity,680000000.0,2015-09-29,2015
Ant Financial,Paytm,round_2459,Private Equity,680000000.0,2015-09-29,2015
Tennenbaum Capital Partners & Others,Inmobi,round_2460,Private Equity,100000000.0,2015-09-29,2015
Sequoia India,Peppertap,round_2461,Private Equity,36000000.0,2015-09-29,2015
SAIF Partners.,Peppertap,round_2461,Private Equity,36000000.0,2015-09-29,2015
Mayank Singhal and others,Hugefly,round_2462,Seed,,2015-09-29,2015
The Chennai Angels,Brigge,round_2463,Seed,,2015-09-29,2015
Uniqorn Ventures,Zakoopi,round_2464,Seed,350000.0,2015-09-29,2015
Zishaan Hayath,LoanCircle,round_2465,Seed,,2015-09-29,2015
Rahul Khanna & Others,LoanCircle,round_2465,Seed,,2015-09-29,2015
Nexus Venture Partners,Infoworks,round_2466,Private Equity,5000000.0,2015-09-30,2015
Knoll Ventures and others,Infoworks,round_2466,Private Equity,5000000.0,2015-09-30,2015
Jungle Ventures,RedDoorz,round_2467,Seed,1000000.0,2015-09-30,2015
Kunal Bahl,FirstTouch,round_2468,Seed,,2015-09-30,2015
Rohit Bansal,FirstTouch,round_2468,Seed,,2015-09-30,2015
Pranay Chulet,FirstTouch,round_2468,Seed,,2015-09-30,2015
Naveen Tiwari,FirstTouch,round_2468,Seed,,2015-09-30,2015
Amit Gupta,FirstTouch,round_2468,Seed,,2015-09-30,2015
Mayank Singhal,FirstTouch,round_2468,Seed,,2015-09-30,2015
ah! Ventures,Eywa Media,round_2469,Seed,1000000.0,2015-09-30,2015
Viktor Koenig PE Fund,Eywa Media,round_2469,Seed,1000000.0,2015-09-30,2015
Mantra Ventures,Eywa Media,round_2469,Seed,1000000.0,2015-09-30,2015
Alibaba,Snapdeal,round_2470,Private Equity,500000000.0,2015-08-01,2015
Foxconn,Snapdeal,round_2470,Private Equity,500000000.0,2015-08-01,2015
Softbank,Snapdeal,round_2470,Private Equity,500000000.0,2015-08-01,2015
Mohandas Pai & others,Ressy,round_2471,Seed,400000.0,2015-08-01,2015
Alok Mittal,Cuelearn,round_2472,Seed,,2015-08-03,2015
Aavishkaar,Connect India,round_2473,Private Equity,5000000.0,2015-08-03,2015
VentureNursery,The Home Salon,round_2474,Seed,,2015-08-03,2015
Alok Mittal,Jusride,round_2475,Seed,,2015-08-03,2015
Zeeshan Hayat,Jusride,round_2475,Seed,,2015-08-03,2015
Niraj Singh,Jusride,round_2475,Seed,,2015-08-03,2015
Nikunj Jain,Jusride,round_2475,Seed,,2015-08-03,2015
Anirudh Damani,Jusride,round_2475,Seed,,2015-08-03,2015
Punit Goyal,Jusride,round_2475,Seed,,2015-08-03,2015
SoftBank Group,Oyorooms,round_2476,Private Equity,100000000.0,2015-08-03,2015
Greenoaks Capital,Oyorooms,round_2476,Private Equity,100000000.0,2015-08-03,2015
Sequoia Capital,Oyorooms,round_2476,Private Equity,100000000.0,2015-08-03,2015
\\xc2\\xa0 Lightspeed India,Oyorooms,round_2476,Private Equity,100000000.0,2015-08-03,2015
Infuse Ventures,Glowship,round_2477,Seed,,2015-08-03,2015
Sequoia Capital,Wizrocket,round_2478,Private Equity,9600000.0,2015-08-03,2015
Accel Partners,Wizrocket,round_2478,Private Equity,9600000.0,2015-08-03,2015
Orios Venture Partners,Pickingo,round_2479,Private Equity,1300000.0,2015-08-04,2015
Zishaan Hayath,Pickingo,round_2479,Private Equity,1300000.0,2015-08-04,2015
Kunal Bajaj,Grex,round_2480,Seed,650000.0,2015-08-05,2015
Chandru Badrinarayanan,Grex,round_2480,Seed,650000.0,2015-08-05,2015
Rebright Partners,LetsTransport,round_2481,Seed,1300000.0,2015-08-05,2015
Ankush Nijhawan,LetsTransport,round_2481,Seed,1300000.0,2015-08-05,2015
Gaurav Bhatnagar,LetsTransport,round_2481,Seed,1300000.0,2015-08-05,2015
Manish Dhingra,LetsTransport,round_2481,Seed,1300000.0,2015-08-05,2015
Tiger Global Management,Zo Rooms,round_2482,Private Equity,30000000.0,2015-08-05,2015
Orios Venture Partners,Zo Rooms,round_2482,Private Equity,30000000.0,2015-08-05,2015
Helion Venture Partners,Doormint,round_2483,Private Equity,3000000.0,2015-08-05,2015
Kalaari Capital,Doormint,round_2483,Private Equity,3000000.0,2015-08-05,2015
BedRock Ventures,NightStay,round_2484,Seed,500000.0,2015-08-05,2015
Rajesh Sawhney,NightStay,round_2484,Seed,500000.0,2015-08-05,2015
Shailesh Singh,NightStay,round_2484,Seed,500000.0,2015-08-05,2015
Sachin Bhatia,Zocalo,round_2485,Seed,,2015-08-05,2015
Rajesh Sawhney,Zocalo,round_2485,Seed,,2015-08-05,2015
Ramesh Jogani,Sunday Realty Solutions,round_2486,Seed,785000.0,2015-08-05,2015
Shailesh Viswanathan,Sunday Realty Solutions,round_2486,Seed,785000.0,2015-08-05,2015
Jay Srinivasan,Sunday Realty Solutions,round_2486,Seed,785000.0,2015-08-05,2015
Tracxn Labs,Klozee,round_2487,Seed,,2015-08-06,2015
Ravi Gururaj,Appvigil,round_2488,Seed,500000.0,2015-08-06,2015
Gaurav Sharma,Appvigil,round_2488,Seed,500000.0,2015-08-06,2015
Viswanath Ramachandran,Appvigil,round_2488,Seed,500000.0,2015-08-06,2015
RippleWave,Appvigil,round_2488,Seed,500000.0,2015-08-06,2015
Sofina,practo,round_2489,Private Equity,90000000.0,2015-08-06,2015
Google Capital,practo,round_2489,Private Equity,90000000.0,2015-08-06,2015
Altimeter Capital,practo,round_2489,Private Equity,90000000.0,2015-08-06,2015
Sequoia Capital Global Equities,practo,round_2489,Private Equity,90000000.0,2015-08-06,2015
Yuri Milner,practo,round_2489,Private Equity,90000000.0,2015-08-06,2015
Sequoia Capital,practo,round_2489,Private Equity,90000000.0,2015-08-06,2015
Matrix Partners,practo,round_2489,Private Equity,90000000.0,2015-08-06,2015
Sanjay Sethi,LoudShout,round_2490,Seed,,2015-08-06,2015
Ravi Jaipuria & others,LoudShout,round_2490,Seed,,2015-08-06,2015
CCube Angels,Wetravelsolo,round_2491,Seed,,2015-08-06,2015
Frontline Strategy,Wetravelsolo,round_2491,Seed,,2015-08-06,2015
Chennai Angels,Ketto,round_2492,Seed,700000.0,2015-08-06,2015
"Calcutta Angels, ah! Ventures",Ketto,round_2492,Seed,700000.0,2015-08-06,2015
Intellecap Impact Investment Network,Ketto,round_2492,Seed,700000.0,2015-08-06,2015
Indus Age Partners,Ketto,round_2492,Seed,700000.0,2015-08-06,2015
Singapore Angel Network,Ketto,round_2492,Seed,700000.0,2015-08-06,2015
India Internet Fund,Ketto,round_2492,Seed,700000.0,2015-08-06,2015
LetsVenture,Ketto,round_2492,Seed,700000.0,2015-08-06,2015
Horizons Ventures,Ezetap,round_2493,Private Equity,25000000.0,2015-08-06,2015
Capricorn Investment Group,Ezetap,round_2493,Private Equity,25000000.0,2015-08-06,2015
Social+Capital,Ezetap,round_2493,Private Equity,25000000.0,2015-08-06,2015
Helion Advisors,Ezetap,round_2493,Private Equity,25000000.0,2015-08-06,2015
Berggruen Holdings,Ezetap,round_2493,Private Equity,25000000.0,2015-08-06,2015
Inflexionpoint,NDTV ecommerce venture,round_2494,Private Equity,,2015-08-06,2015
Pramod Bhasin,NDTV ecommerce venture,round_2494,Private Equity,,2015-08-06,2015
Sixth Sense Ventures,NDTV ecommerce venture,round_2494,Private Equity,,2015-08-06,2015
Vindi Banga,NDTV ecommerce venture,round_2494,Private Equity,,2015-08-06,2015
Hiro Mashita,NDTV ecommerce venture,round_2494,Private Equity,,2015-08-06,2015
YouWeCan Ventures,Carl\\xe2\\x80\\x99s Jr,round_2495,Seed,630000.0,2015-08-07,2015
Wealth First,EasyRewardz,round_2496,Private Equity,500000.0,2015-08-07,2015
Ashneer Grover,EasyRewardz,round_2496,Private Equity,500000.0,2015-08-07,2015
Atul Phadnis,EasyRewardz,round_2496,Private Equity,500000.0,2015-08-07,2015
responsAbility Investments,GIBSS,round_2497,Private Equity,,2015-08-07,2015
Infuse Ventures,GIBSS,round_2497,Private Equity,,2015-08-07,2015
Bedrock Ventures,StoreMore.in,round_2498,Seed,,2015-08-07,2015
Best Foodworks,iOrderFresh,round_2499,Seed,,2015-08-07,2015
Nihon Kotsu,MyTaxiIndia,round_2500,Private Equity,500000.0,2015-08-10,2015
Neha Vats,eSadar,round_2501,Seed,80000.0,2015-08-10,2015
Gaurav Vats,eSadar,round_2501,Seed,80000.0,2015-08-10,2015
B M Gupta,Actionable Analytics,round_2502,Seed,,2015-08-10,2015
Vinod Singhal,Actionable Analytics,round_2502,Seed,,2015-08-10,2015
QPrize from Qualcomm Ventures,MyPoolin,round_2503,Seed,250000.0,2015-08-10,2015
Sequoia Capital,NearBuy (previously\\xc2\\xa0 groupon India),round_2504,Private Equity,16000000.0,2015-08-10,2015
Girish Mathrubootham,Inkmonk,round_2505,Seed,250000.0,2015-08-10,2015
Phanindra Sama,Inkmonk,round_2505,Seed,250000.0,2015-08-10,2015
Vikram Chachra,Inkmonk,round_2505,Seed,250000.0,2015-08-10,2015
Others from LetsVenture,Inkmonk,round_2505,Seed,250000.0,2015-08-10,2015
Reliance Capital Venture,ToneTag,round_2506,Private Equity,1000000.0,2015-08-10,2015
Tiger Global Management,Grey Orange,round_2507,Private Equity,30000000.0,2015-08-10,2015
Helion Ventures,Livspace,round_2508,Private Equity,8000000.0,2015-08-11,2015
Jungle Ventures & Bessemer Venture Partners,Livspace,round_2508,Private Equity,8000000.0,2015-08-11,2015
Indian Angel Network,WOW! MOMO,round_2509,Seed,1600000.0,2015-08-11,2015
Ajeet Khurana & Others,RainCan,round_2510,Seed,100000.0,2015-08-11,2015
Zodius Technology Fund,Allygrow Technologies,round_2511,Private Equity,20000000.0,2015-08-11,2015
ChrysCapital,Infogain,round_2512,Private Equity,63000000.0,2015-08-11,2015
Sequoia Capital,OneAssist,round_2513,Private Equity,7500000.0,2015-08-12,2015
Lightspeed Ventures,OneAssist,round_2513,Private Equity,7500000.0,2015-08-12,2015
Bessemer Venture Partners,BigBasket,round_2514,Private Equity,50000000.0,2015-08-12,2015
Quintillion Media,Sheroes,round_2515,Seed,770000.0,2015-08-12,2015
500 Startups,Sheroes,round_2515,Seed,770000.0,2015-08-12,2015
Accel Partners,Scripbox,round_2516,Private Equity,2500000.0,2015-08-12,2015
Deep Kalra,Scripbox,round_2516,Private Equity,2500000.0,2015-08-12,2015
Rajesh Magow,Scripbox,round_2516,Private Equity,2500000.0,2015-08-12,2015
Mohit Gupta,Scripbox,round_2516,Private Equity,2500000.0,2015-08-12,2015
Shamik Sharma,Scripbox,round_2516,Private Equity,2500000.0,2015-08-12,2015
Amit Ranjan,etaout,round_2517,Seed,500000.0,2015-08-13,2015
Vijay Shekhar Sharma,etaout,round_2517,Seed,500000.0,2015-08-13,2015
Kunal Bahl,etaout,round_2517,Seed,500000.0,2015-08-13,2015
Girish Mathrubootham &\\xc2\\xa0 Group of other Angel investors,etaout,round_2517,Seed,500000.0,2015-08-13,2015
Accion,IFMR Holdings,round_2518,Private Equity,25000000.0,2015-08-13,2015
LeapFrog Investments,IFMR Holdings,round_2518,Private Equity,25000000.0,2015-08-13,2015
Lok Capital,IFMR Holdings,round_2518,Private Equity,25000000.0,2015-08-13,2015
LetsVenture,Massblurb,round_2519,Seed,,2015-08-13,2015
Mumbai Angels,Massblurb,round_2519,Seed,,2015-08-13,2015
IDG Ventures,Agrostar,round_2520,Private Equity,4000000.0,2015-08-13,2015
Jitendra Gupta & others,VoxWeb,round_2521,Seed,100000.0,2015-08-14,2015
Gujarat based angel investors,Trukky,round_2522,Seed,245000.0,2015-08-14,2015
MMY co-Founder,Trukky,round_2522,Seed,245000.0,2015-08-14,2015
Group of angel investors,VanityCube,round_2523,Seed,,2015-08-14,2015
Nalin Jain & other angel investors,Edu4Share,round_2524,Seed,220000.0,2015-08-17,2015
Ratan Tata,YourStory,round_2525,Seed,,2015-08-17,2015
Vani Kola,YourStory,round_2525,Seed,,2015-08-17,2015
T V Mohandas Pai,YourStory,round_2525,Seed,,2015-08-17,2015
Karthee Madasamay,YourStory,round_2525,Seed,,2015-08-17,2015
"Intellecap Impact Investment Network, family office fund",Sampurnearth,round_2526,Seed,160000.0,2015-08-17,2015
Existing & New Investors,Orobind,round_2527,Private Equity,,2015-08-17,2015
VentureNursery,Fixy,round_2528,Seed,,2015-08-17,2015
Rohit Goel,MSM Box,round_2529,Seed,,2015-08-17,2015
Kunal Bahl,ShadowFax,round_2530,Seed,310000.0,2015-08-17,2015
Rohit Bansal,ShadowFax,round_2530,Seed,310000.0,2015-08-17,2015
Zishaan Hayath,ShadowFax,round_2530,Seed,310000.0,2015-08-17,2015
Prashant Malik,ShadowFax,round_2530,Seed,310000.0,2015-08-17,2015
One97 Communications,Gadgets 360,round_2531,Private Equity,,2015-08-17,2015
Tiger Global,Roposo,round_2532,Private Equity,15000000.0,2015-08-18,2015
New Enterprise Associates,IntelligenceNODE,round_2533,Private Equity,4200000.0,2015-08-18,2015
Orios Venture Partners,IntelligenceNODE,round_2533,Private Equity,4200000.0,2015-08-18,2015
NEA,HyperVerge,round_2534,Seed,1000000.0,2015-08-18,2015
Milliways Ventures,HyperVerge,round_2534,Seed,1000000.0,2015-08-18,2015
Naya Ventures,HyperVerge,round_2534,Seed,1000000.0,2015-08-18,2015
Rohit Bhatia,Twyst,round_2535,Seed,,2015-08-18,2015
Sunil Nikhar,Twyst,round_2535,Seed,,2015-08-18,2015
Vaibhav Domkundwar,Twyst,round_2535,Seed,,2015-08-18,2015
Siddharth Nautiyal,Twyst,round_2535,Seed,,2015-08-18,2015
NEA,IDfy,round_2536,Private Equity,,2015-08-18,2015
Blume Ventures & others,IDfy,round_2536,Private Equity,,2015-08-18,2015
RoundGlass Partners,Zoojoo.be,round_2537,Private Equity,1000000.0,2015-08-18,2015
Umesh Yadav,Fashionove,round_2538,Seed,,2015-08-19,2015
Unilazer Ventures,TimeSaverz,round_2539,Private Equity,2400000.0,2015-08-19,2015
Manish Dhingra,Envoged,round_2540,Seed,,2015-08-19,2015
Ankush Nijhawa,Envoged,round_2540,Seed,,2015-08-19,2015
Gaurav Bhatnagar,Envoged,round_2540,Seed,,2015-08-19,2015
AskMe,MebelKart,round_2541,Private Equity,20000000.0,2015-08-19,2015
Group of Angel Investors,LabsAdvisor,round_2542,Seed,156000.0,2015-08-20,2015
Indian Angel Network,Flatpebble,round_2543,Seed,600000.0,2015-08-20,2015
ah! Ventures,Bluegape.com,round_2544,Seed,600000.0,2015-08-20,2015
Times Internet,Bluegape.com,round_2544,Seed,600000.0,2015-08-20,2015
Rudy Gopalakrishnan,Bluegape.com,round_2544,Seed,600000.0,2015-08-20,2015
Orios Venture Partners,ePoise,round_2545,Seed,500000.0,2015-08-21,2015
Amit Ranjan & others,ePoise,round_2545,Seed,500000.0,2015-08-21,2015
The 1947,Jolly Food Fellow,round_2546,Seed,300000.0,2015-08-24,2015
Ajmera Group of Companies,BookMeIn,round_2547,Seed,400000.0,2015-08-24,2015
Prime Capital Markets Ltd,iZofy,round_2548,Seed,,2015-08-24,2015
India Quotient,rBus,round_2549,Seed,,2015-08-24,2015
Anupam Mittal & others,rBus,round_2549,Seed,,2015-08-24,2015
GrowX ventures,Qyk App,round_2550,Private Equity,1000000.0,2015-08-25,2015
Tracxn Labs,Qyk App,round_2550,Private Equity,1000000.0,2015-08-25,2015
"Powai Lake Ventures, and Sahil Barua",Qyk App,round_2550,Private Equity,1000000.0,2015-08-25,2015
DSG Consumer Partners,EazyDiner,round_2551,Private Equity,3000000.0,2015-08-25,2015
Saama Capital,EazyDiner,round_2551,Private Equity,3000000.0,2015-08-25,2015
Norwest Venture Partners,RevX,round_2552,Private Equity,4000000.0,2015-08-25,2015
Nexus Venture Partners,RevX,round_2552,Private Equity,4000000.0,2015-08-25,2015
Helion Venture Partners,RevX,round_2552,Private Equity,4000000.0,2015-08-25,2015
Draper Fisher Jurvetson,RevX,round_2552,Private Equity,4000000.0,2015-08-25,2015
Peepul Capital,RevX,round_2552,Private Equity,4000000.0,2015-08-25,2015
Group of Angel Investors,ICustomMadeIt,round_2553,Seed,250000.0,2015-08-25,2015
GHV Accelerator,PickMyLaundry,round_2554,Seed,100000.0,2015-08-26,2015
India Quotient,Belita,round_2555,Seed,400000.0,2015-08-26,2015
LetsVenture investors,Belita,round_2555,Seed,400000.0,2015-08-26,2015
Lead Angels,Belita,round_2555,Seed,400000.0,2015-08-26,2015
Infuse Ventures,EzySolare,round_2556,Seed,,2015-08-26,2015
Group of Investors,InstaSafe,round_2558,Seed,,2015-08-27,2015
Ravi Agarwal,Eazy Coach,round_2559,Seed,,2015-08-27,2015
Ibibo Group,Djubo.com,round_2560,Private Equity,,2015-08-27,2015
Growx Ventures,BetterButter.in,round_2561,Seed,,2015-08-28,2015
Manish Singhal,BetterButter.in,round_2561,Seed,,2015-08-28,2015
Rocket Internet,Vyomo,round_2562,Private Equity,2000000.0,2015-08-28,2015
Equentia Natural Resources,RollMafia,round_2563,Seed,160000.0,2015-08-28,2015
Li Tao,iamwire,round_2564,Seed,,2015-08-29,2015
Li Jian,iamwire,round_2564,Seed,,2015-08-29,2015
Draphant Consultants,iamwire,round_2564,Seed,,2015-08-29,2015
Nitin Garg,iamwire,round_2564,Seed,,2015-08-29,2015
Saurabh Jain,iamwire,round_2564,Seed,,2015-08-29,2015
Mohit Agarwal,iamwire,round_2564,Seed,,2015-08-29,2015
Manish Singhal,DropKaffe,round_2565,Seed,300000.0,2015-08-31,2015
P39 Capital & Others,DropKaffe,round_2565,Seed,300000.0,2015-08-31,2015
Aspada Investment Advisors,Reverie,round_2566,Private Equity,4000000.0,2015-08-31,2015
Qualcomm Ventures,Reverie,round_2566,Private Equity,4000000.0,2015-08-31,2015
Ratan Tata,Infinite Analytics,round_2567,Private Equity,,2015-08-31,2015
Nikhil Vora & others,Infinite Analytics,round_2567,Private Equity,,2015-08-31,2015
Delhivery,Parcelled,round_2568,Seed,,2015-07-01,2015
Tracxn Labs,Parcelled,round_2568,Seed,,2015-07-01,2015
Omnivore Partners,Retigence Technologies,round_2569,Private Equity,,2015-07-01,2015
The Chennai Angels,Cloudcherry Analytics,round_2570,Seed,1000000.0,2015-07-01,2015
IDG Ventures India,Cloudcherry Analytics,round_2570,Seed,1000000.0,2015-07-01,2015
Bessemer Ventures,HandyHome,round_2571,Seed,630000.0,,
Kae Capital,HandyHome,round_2571,Seed,630000.0,,
ah! Ventures,iDreamCareer,round_2572,Seed,,2015-07-01,2015
Vivek Joshi,iDreamCareer,round_2572,Seed,,2015-07-01,2015
Mohit Satyanand & others,iDreamCareer,round_2572,Seed,,2015-07-01,2015
Ratan Tata,Ola Cabs,round_2573,Private Equity,,2015-07-01,2015
IFC,NxtGen,round_2574,Private Equity,13500000.0,2015-07-01,2015
Axon Partners,NxtGen,round_2574,Private Equity,13500000.0,2015-07-01,2015
Intel Capital,NxtGen,round_2574,Private Equity,13500000.0,2015-07-01,2015
Amazon,BankBazaar,round_2575,Private Equity,60000000.0,2015-07-02,2015
Fidelity Growth Partners,BankBazaar,round_2575,Private Equity,60000000.0,2015-07-02,2015
Mousse Partners,BankBazaar,round_2575,Private Equity,60000000.0,2015-07-02,2015
SAIF Partners,Gozoomo,round_2576,Private Equity,5000000.0,2015-07-02,2015
Rajan Anandan,Zenatix,round_2577,Seed,161000.0,2015-07-02,2015
Kunal Bahl,Zenatix,round_2577,Seed,161000.0,2015-07-02,2015
Rohit Bansal,Zenatix,round_2577,Seed,161000.0,2015-07-02,2015
Rahul Khanna,Zenatix,round_2577,Seed,161000.0,2015-07-02,2015
Tiger Global,CultureAlley,round_2578,Private Equity,6500000.0,2015-07-03,2015
Vijay Shekhar Sharma,Goqii,round_2579,Private Equity,,2015-07-03,2015
Gokul Jaykrishna,Gingercrush,round_2580,Seed,1000000.0,2015-07-03,2015
Brand Capital,Gingercrush,round_2580,Seed,1000000.0,2015-07-03,2015
Rebright Partners,Elanic,round_2581,Seed,,2015-07-04,2015
Tracxn Labs,Elanic,round_2581,Seed,,2015-07-04,2015
Aneesh Reddy,Elanic,round_2581,Seed,,2015-07-04,2015
Powai Lake Ventures,Stitchwood,round_2582,Seed,395000.0,2015-07-04,2015
Ajeet Khurana & others,Stitchwood,round_2582,Seed,395000.0,2015-07-04,2015
Group of angel investors,Urban Tailor,round_2583,Seed,,2015-07-05,2015
Pravin Agarwala & others,ConfirmtTkt,round_2584,Seed,,2015-07-06,2015
Sofina,Paper Boat,round_2585,Private Equity,30000000.0,2015-07-06,2015
Hillhouse Capital,Paper Boat,round_2585,Private Equity,30000000.0,2015-07-06,2015
Atulya Mittal,getNow,round_2586,Seed,,2015-07-06,2015
Mangroves Capital Partners,Wudstay,round_2587,Private Equity,3000000.0,2015-07-07,2015
Vikas Saxena,Wudstay,round_2587,Private Equity,3000000.0,2015-07-07,2015
DMG information Asia Pacific,Liases Foras,round_2588,Private Equity,5000000.0,2015-07-07,2015
Powai Lake Ventures,Eatlo,round_2589,Seed,,2015-07-07,2015
Globeinvestor,Eatlo,round_2589,Seed,,2015-07-07,2015
Abhishekh Goyal,Eatlo,round_2589,Seed,,2015-07-07,2015
DSG Consumer Partners,IndiaLends,round_2590,Private Equity,,2015-07-07,2015
Siddharth Parekh,IndiaLends,round_2590,Private Equity,,2015-07-07,2015
Jaydeep Barman,Quinto,round_2591,Seed,,2015-07-08,2015
Tiger Global Management,Saavn,round_2592,Private Equity,100000000.0,2015-07-08,2015
Bertelsmann India,Saavn,round_2592,Private Equity,100000000.0,2015-07-08,2015
Steadview Capital,Saavn,round_2592,Private Equity,100000000.0,2015-07-08,2015
Liberty Media,Saavn,round_2592,Private Equity,100000000.0,2015-07-08,2015
Mousse Partners,Saavn,round_2592,Private Equity,100000000.0,2015-07-08,2015
Quilvest,Saavn,round_2592,Private Equity,100000000.0,2015-07-08,2015
Sunrise Capital GmBH,Flytxt,round_2593,Private Equity,11000000.0,2015-07-08,2015
Big Data Investments B.V,Flytxt,round_2593,Private Equity,11000000.0,2015-07-08,2015
Helion Venture Partners,Axtria,round_2594,Private Equity,30000000.0,2015-07-08,2015
Amarpreet Sawhney,Axtria,round_2594,Private Equity,30000000.0,2015-07-08,2015
Deshpande Foundation,Axtria,round_2594,Private Equity,30000000.0,2015-07-08,2015
Fred Khosravi,Axtria,round_2594,Private Equity,30000000.0,2015-07-08,2015
Richard S. Braddock,Axtria,round_2594,Private Equity,30000000.0,2015-07-08,2015
Not Disclosed,33Coupons,round_2595,Seed,20000.0,2015-07-08,2015
Ratan Tata,Ampere,round_2596,Seed,,2015-07-08,2015
Mirah Hospitality,Hopping Chef,round_2597,Seed,470000.0,2015-07-08,2015
Accel Partners,Collectabillia,round_2598,Private Equity,7500000.0,2015-07-08,2015
Saama Capital,Lendingkart,round_2599,Private Equity,10000000.0,2015-07-08,2015
Mayfield,Lendingkart,round_2599,Private Equity,10000000.0,2015-07-08,2015
Ashvin Chadha,Lendingkart,round_2599,Private Equity,10000000.0,2015-07-08,2015
Shailesh Mehta,Lendingkart,round_2599,Private Equity,10000000.0,2015-07-08,2015
Tiger Global Management,Lybrate,round_2600,Private Equity,10200000.0,2015-07-08,2015
Ratan Tata,Lybrate,round_2600,Private Equity,10200000.0,2015-07-08,2015
Nexus Venture Partners,Lybrate,round_2600,Private Equity,10200000.0,2015-07-08,2015
Sequoia Capital,Zoomcar,round_2601,Private Equity,11000000.0,2015-07-08,2015
Empire Angels,Zoomcar,round_2601,Private Equity,11000000.0,2015-07-08,2015
NGP,Zoomcar,round_2601,Private Equity,11000000.0,2015-07-08,2015
\\xc2\\xa0Tiger Global,\\xc2\\xa0News in shorts,round_2602,Private Equity,,2015-07-09,2015
\\xc2\\xa0IvyCap Ventures,\\xc2\\xa0Bluestone,round_2603,Private Equity,,2015-07-09,2015
Accel Partners,\\xc2\\xa0Bluestone,round_2603,Private Equity,,2015-07-09,2015
Dragoneer Investment Group,\\xc2\\xa0Bluestone,round_2603,Private Equity,,2015-07-09,2015
\\xc2\\xa0 Sandeep Aggarwal,\\xc2\\xa0Shopsity,round_2604,Seed,,2015-07-09,2015
Teruhide Sato,\\xc2\\xa0Shopsity,round_2604,Seed,,2015-07-09,2015
\\xc2\\xa0Rajeev Saraf,\\xc2\\xa0Notesgen,round_2605,Seed,,2015-07-09,2015
Arvind Jha,\\xc2\\xa0Notesgen,round_2605,Seed,,2015-07-09,2015
R. Satya Narayanan,\\xc2\\xa0Notesgen,round_2605,Seed,,2015-07-09,2015
\\xc2\\xa0Indian Angel Network,\\xc2\\xa0Infinity Assurance,round_2606,Seed,,,
\\xc2\\xa0LetsVenture,\\xc2\\xa0Footprints Education,round_2607,Seed,,2015-07-10,2015
Kumar Bansal,\\xc2\\xa0Footprints Education,round_2607,Seed,,2015-07-10,2015
Kshitij Jain,\\xc2\\xa0Footprints Education,round_2607,Seed,,2015-07-10,2015
\\xc2\\xa0IndianIdeas.com,\\xc2\\xa0Loylty Rewards,round_2608,Private Equity,,2015-07-10,2015
\\xc2\\xa0Forum Synergies PE Fund,\\xc2\\xa0Ameyo,round_2609,Private Equity,,2015-07-13,2015
\\xc2\\xa0Goldman Sachs,\\xc2\\xa0Mamagoto,round_2610,Private Equity,,2015-07-13,2015
\\xc2\\xa0Palaash Ventures,\\xc2\\xa0Satvacart,round_2611,Seed,,2015-07-13,2015
Accel Partners,MySmartPrice,round_2612,Private Equity,10000000.0,2015-07-14,2015
Helion Venture Partners,MySmartPrice,round_2612,Private Equity,10000000.0,2015-07-14,2015
Atul Jalan,Zenify,round_2613,Seed,,2015-07-14,2015
Ritesh Veera,Boxmyspace,round_2614,Seed,300000.0,2015-07-14,2015
Singapore Angel Network,Boxmyspace,round_2614,Seed,300000.0,2015-07-14,2015
Orios Venture Partners,Boxmyspace,round_2614,Seed,300000.0,2015-07-14,2015
HR Technology fund,HackerRank,round_2615,Private Equity,7500000.0,2015-07-14,2015
Tamarind Family Private Trust,WoWexpress,round_2617,Seed,500000.0,2015-07-14,2015
Softbank,Oyo Rooms,round_2618,Private Equity,100000000.0,2015-07-15,2015
Sequoia Capital,Oyo Rooms,round_2618,Private Equity,100000000.0,2015-07-15,2015
Jungle Ventures,Mobikon,round_2619,Private Equity,2300000.0,2015-07-15,2015
Anupam Mittal,InstaLively.com,round_2620,Seed,,2015-07-15,2015
Anand Chandrasekaran,InstaLively.com,round_2620,Seed,,2015-07-15,2015
Uday Shankar,InstaLively.com,round_2620,Seed,,2015-07-15,2015
Chetan Bhagat,InstaLively.com,round_2620,Seed,,2015-07-15,2015
Sequoia Capital,Roadrunnr,round_2621,Private Equity,11000000.0,2015-07-15,2015
Nexus Venture Partners,Roadrunnr,round_2621,Private Equity,11000000.0,2015-07-15,2015
Blume Ventures,Roadrunnr,round_2621,Private Equity,11000000.0,2015-07-15,2015
Pradyumna Dalmia,Ketto,round_2622,Seed,700000.0,2015-07-16,2015
Sudhir Rao & Others,Ketto,round_2622,Seed,700000.0,2015-07-16,2015
Snow Leopard Technology Ventures,QuikWallet,round_2623,Private Equity,1600000.0,2015-07-17,2015
Sumit Gandhi,Omnikart,round_2624,Seed,100000.0,2015-07-17,2015
Manish Gandhi,Omnikart,round_2624,Seed,100000.0,2015-07-17,2015
Tiger Global,Zo Rooms,round_2625,Private Equity,15000000.0,2015-07-20,2015
Orios Venture Partners.,Zo Rooms,round_2625,Private Equity,15000000.0,2015-07-20,2015
Catamaran Ventures,Innoviti,round_2626,Private Equity,4850000.0,2015-07-20,2015
New India Investment Corporation,Innoviti,round_2626,Private Equity,4850000.0,2015-07-20,2015
Tracxn Labs,ZenRadius,round_2627,Seed,,2015-07-21,2015
Deepak Singh,ZenRadius,round_2627,Seed,,2015-07-21,2015
Mumbai Angels,Joy by nature,round_2628,Private Equity,1000000.0,2015-07-21,2015
Vriddhi Fund,Joy by nature,round_2628,Private Equity,1000000.0,2015-07-21,2015
Others,Joy by nature,round_2628,Private Equity,1000000.0,2015-07-21,2015
Exfinity Venture Partners,Iqlect,round_2629,Private Equity,2000000.0,2015-07-22,2015
India Value Fund Advisors,deGustibus,round_2630,Private Equity,30000000.0,2015-07-22,2015
Flipkart,Nestaway,round_2631,Private Equity,12750000.0,2015-07-23,2015
Tiger Global,Nestaway,round_2631,Private Equity,12750000.0,2015-07-23,2015
Falcon Edge Capital,Mswipe,round_2632,Private Equity,25000000.0,2015-07-23,2015
Meru Capital,Mswipe,round_2632,Private Equity,25000000.0,2015-07-23,2015
Ola,Mswipe,round_2632,Private Equity,25000000.0,2015-07-23,2015
Matrix Partners,Mswipe,round_2632,Private Equity,25000000.0,2015-07-23,2015
DSG Consumer Partners,Mswipe,round_2632,Private Equity,25000000.0,2015-07-23,2015
Axis Bank,Mswipe,round_2632,Private Equity,25000000.0,2015-07-23,2015
Jayant Bokadia,Myonsto,round_2633,Seed,320000.0,2015-07-23,2015
IDG Ventures India,iCrushiFlush,round_2634,Seed,,2015-07-23,2015
Sequoia Capital,MedGenome,round_2635,Private Equity,20000000.0,2015-07-23,2015
MakeMyTrip,HolidayIQ,round_2636,Private Equity,15000000.0,2015-07-23,2015
Exfinity Venture Partners,Fitternity,round_2637,Private Equity,1000000.0,2015-07-23,2015
AB Kinnevik,Quikr,round_2638,Private Equity,60000000.0,2015-07-23,2015
Falcon Edge Capital,Quikr,round_2638,Private Equity,60000000.0,2015-07-23,2015
Coatue Management,Quikr,round_2638,Private Equity,60000000.0,2015-07-23,2015
YourWeCan Ventures,JetSetGo,round_2639,Seed,,2015-07-23,2015
Lightspeed India,BroEx,round_2640,Private Equity,1000000.0,2015-07-24,2015
Indian Angel Network,Shopatplaces,round_2641,Seed,,2015-07-25,2015
Fidelity Growth Partners,CredR,round_2642,Private Equity,15000000.0,2015-07-25,2015
Accel Partners,ManageMySpa,round_2643,Private Equity,6000000.0,2015-07-27,2015
Lightspeed Venture Partners,Townrush,round_2644,Seed,,2015-07-27,2015
growX ventures,Locus,round_2645,Seed,,2015-07-27,2015
\\xc2\\xa0 Manish Singhal,Locus,round_2645,Seed,,2015-07-27,2015
Varun Agarwal & Others,Bevy,round_2646,Seed,,2015-07-27,2015
Goldman Sachs,Pepperfry,round_2647,Private Equity,100000000.0,2015-07-28,2015
Zodius Technology Fund,Pepperfry,round_2647,Private Equity,100000000.0,2015-07-28,2015
Bertelsmann India Investments Norwest Venture Partners.,Pepperfry,round_2647,Private Equity,100000000.0,2015-07-28,2015
Steadview Capital and existing investors,Flipkart.com,round_2648,Private Equity,700000000.0,2015-07-28,2015
Accel Partners,Opinio,round_2649,Seed,1300000.0,2015-07-28,2015
Traxcn Labs & Others,Opinio,round_2649,Seed,1300000.0,2015-07-28,2015
Sandeep Parwal,Zoctr,round_2650,Seed,1000000.0,2015-07-28,2015
Krishan Gupta & Others,Zoctr,round_2650,Seed,1000000.0,2015-07-28,2015
IDG Ventures India,Zimmber,round_2651,Private Equity,2000000.0,2015-07-29,2015
Omidyar Network,Zimmber,round_2651,Private Equity,2000000.0,2015-07-29,2015
Sherpalo Ventures,Zimmber,round_2651,Private Equity,2000000.0,2015-07-29,2015
\\xc2\\xa0 Mohandas Pai,Zimmber,round_2651,Private Equity,2000000.0,2015-07-29,2015
Sachin and Binny Bansal,trueHb,round_2652,Seed,2400000.0,2015-07-29,2015
Malvinder and Shivinder Singh,trueHb,round_2652,Seed,2400000.0,2015-07-29,2015
Gurpreet Singh & others,trueHb,round_2652,Seed,2400000.0,2015-07-29,2015
Paytm,Zovi.com / Little App,round_2653,Private Equity,50000000.0,2015-07-29,2015
SAIF Partners,Zovi.com / Little App,round_2653,Private Equity,50000000.0,2015-07-29,2015
\\xc2\\xa0 Tiger Global Management & others,Zovi.com / Little App,round_2653,Private Equity,50000000.0,2015-07-29,2015
Abhishek Gupta,Swajal,round_2654,Private Equity,1200000.0,2015-07-29,2015
LionRock Capital,Pipa Bella,round_2655,Private Equity,600000.0,2015-07-30,2015
SIDBI Venture Capital Ltd,Pragmatix,round_2656,Private Equity,2400000.0,2015-07-30,2015
Lightbox Ventures,Droom.in,round_2657,Private Equity,16000000.0,2015-07-30,2015
Beenos,Droom.in,round_2657,Private Equity,16000000.0,2015-07-30,2015
Kunal Bahl,MadRat Games,round_2658,Seed,168000.0,2015-07-30,2015
Rohit Bansal,MadRat Games,round_2658,Seed,168000.0,2015-07-30,2015
Elliot Stechman,Noodle Play,round_2659,Seed,168000.0,2015-07-30,2015
Gautam Sinha,Noodle Play,round_2659,Seed,168000.0,2015-07-30,2015
Ambarish Ray,Noodle Play,round_2659,Seed,168000.0,2015-07-30,2015
B S Nagesh,Wassup,round_2660,Private Equity,,2015-07-30,2015
YouWeCan Ventures,Cartisan,round_2661,Seed,,2015-07-30,2015
\\xc2\\xa0 Aprameya Radhakrishna,Cartisan,round_2661,Seed,,2015-07-30,2015
Jai Choi,LazyLad,round_2662,Private Equity,500000.0,2015-07-31,2015
Kiyohiro Sugashita,LazyLad,round_2662,Private Equity,500000.0,2015-07-31,2015
Hirokazu,LazyLad,round_2662,Private Equity,500000.0,2015-07-31,2015
Aarin Capital Partners,TripFactory,round_2663,Private Equity,,2015-07-31,2015
Oliphabs Capital,Prothom,round_2664,Private Equity,2000000.0,2015-07-31,2015
MakeMyTrip,Bona Vita,round_2665,Private Equity,5000000.0,2015-07-31,2015
Aprameya Radhakrishna,Vyomo,round_2666,Seed,,2015-06-01,2015
DSG Consumer Partners,Veeba Foods,round_2667,Private Equity,6000000.0,2015-06-01,2015
Saama Capital.,Veeba Foods,round_2667,Private Equity,6000000.0,2015-06-01,2015
Kae Capital,Truebil,round_2668,Seed,500000.0,2015-06-01,2015
Anupam Mittal,Truebil,round_2668,Seed,500000.0,2015-06-01,2015
InfoEdge,Meritnation,round_2669,Private Equity,4000000.0,2015-06-01,2015
Group of 15 Angel Investors,Eattreatonline,round_2670,Seed,350000.0,2015-06-01,2015
GrowthStory,CredR,round_2671,Seed,,2015-06-01,2015
Ventureworks India,Glamrs,round_2672,Private Equity,1000000.0,2015-06-01,2015
Blume Ventures,Glamrs,round_2672,Private Equity,1000000.0,2015-06-01,2015
Batlivala & Karani Securities,Glamrs,round_2672,Private Equity,1000000.0,2015-06-01,2015
Nikunj Jhaveri,Glamrs,round_2672,Private Equity,1000000.0,2015-06-01,2015
Infuse Ventures,Proviera,round_2673,Private Equity,550000.0,2015-06-01,2015
Srinivas Tirupati,Arth DesignBuild,round_2674,Seed,500000.0,2015-06-01,2015
Carrick Capital Partners,Saama,round_2675,Private Equity,35000000.0,2015-06-02,2015
Mumbai Angels & Other angel investors,AllIzHealth,round_2676,Seed,350000.0,2015-06-02,2015
Ennovent Impact Investment Holding,Karma Healthcare,round_2677,Private Equity,,2015-06-02,2015
Mark Mobius & 9 Other Angel investors,Entropy Innovations,round_2678,Seed,,2015-06-03,2015
DMG Information,Propstack,round_2679,Private Equity,3000000.0,2015-06-03,2015
Green House Ventures,MyTaxiIndia,round_2680,Seed,100000.0,2015-06-03,2015
Nexus Venture Partners,Arkin Net,round_2681,Private Equity,15000000.0,2015-06-03,2015
Rajan Anandan,Little Black Book Delhi,round_2682,Seed,150000.0,2015-06-03,2015
Niraj Singh,Little Black Book Delhi,round_2682,Seed,150000.0,2015-06-03,2015
Sachin Bhatia,Little Black Book Delhi,round_2682,Seed,150000.0,2015-06-03,2015
Singapore Angel Network & Aseem Vadehra,Little Black Book Delhi,round_2682,Seed,150000.0,2015-06-03,2015
Sharad Sharma,MyPoolin,round_2683,Seed,,2015-06-03,2015
Rajan Anandan,MyPoolin,round_2683,Seed,,2015-06-03,2015
Sunil Kalra,MyPoolin,round_2683,Seed,,2015-06-03,2015
Amit Ranjan,MyPoolin,round_2683,Seed,,2015-06-03,2015
Rohan Malhotra,MyPoolin,round_2683,Seed,,2015-06-03,2015
\\xc2\\xa0 Arjun Malhotra,MyPoolin,round_2683,Seed,,2015-06-03,2015
Gautam Gandhi,MyPoolin,round_2683,Seed,,2015-06-03,2015
Virendra Shahney,iCustomadeit,round_2684,Seed,250000.0,2015-06-03,2015
Dr Paresh Doshi,iCustomadeit,round_2684,Seed,250000.0,2015-06-03,2015
Ratan Tata,KAARYAH,round_2685,Seed,,2015-06-03,2015
Warburg Pincus,Ecom Express,round_2686,Private Equity,137000000.0,2015-06-04,2015
Bessemer Venture Partners,Vidooly,round_2687,Private Equity,1000000.0,2015-06-04,2015
Tiger Global,Zopper,round_2688,Private Equity,20000000.0,2015-06-04,2015
\\xc2\\xa0 Nirvana Ventures Advisors,Zopper,round_2688,Private Equity,20000000.0,2015-06-04,2015
Morgan Stanley,Flipkart,round_2689,Private Equity,50000000.0,2015-06-04,2015
Fidelity Growth Partners,Medwell Ventures,round_2691,Private Equity,10000000.0,2015-06-05,2015
Fidelity Biosciences,Medwell Ventures,round_2691,Private Equity,10000000.0,2015-06-05,2015
Snow Leopard,Jugnoo,round_2692,Private Equity,5000000.0,2015-06-05,2015
Paytm,Jugnoo,round_2692,Private Equity,5000000.0,2015-06-05,2015
Natarajan Iyer,PosterGully,round_2693,Seed,,2015-06-08,2015
Rajesh Sawhney,PosterGully,round_2693,Seed,,2015-06-08,2015
\\xc2\\xa0 & other Angel investors.,PosterGully,round_2693,Seed,,2015-06-08,2015
Future Fund,Applied Solar Technologies,round_2694,Private Equity,40000000.0,2015-06-08,2015
Bessemer Venture,Applied Solar Technologies,round_2694,Private Equity,40000000.0,2015-06-08,2015
Capricorn Investment and IFC,Applied Solar Technologies,round_2694,Private Equity,40000000.0,2015-06-08,2015
IvyCap Ventures,Clovia,round_2695,Private Equity,5000000.0,2015-06-09,2015
Norwest Venture Partners,Swiggy,round_2696,Private Equity,16500000.0,2015-06-09,2015
SAIF Partners,Swiggy,round_2696,Private Equity,16500000.0,2015-06-09,2015
Accel Partners,Swiggy,round_2696,Private Equity,16500000.0,2015-06-09,2015
Group of Angel Investors,PayMango,round_2697,Seed,234000.0,2015-06-09,2015
SIDBI Venture Capital Ltd,Printland,round_2698,Private Equity,,2015-06-09,2015
KCL,Teritree,round_2699,Seed,140000.0,2015-06-09,2015
Pawan Borle,Guiddoo,round_2700,Seed,,2015-06-10,2015
SVP Fly Dubai & Others,Guiddoo,round_2700,Seed,,2015-06-10,2015
Sequoia Capital,Voonik,round_2701,Private Equity,5000000.0,2015-06-10,2015
Seedfund,Voonik,round_2701,Private Equity,5000000.0,2015-06-10,2015
Arihant Patni,AdStringO,round_2702,Seed,350000.0,2015-06-11,2015
Vishal Khare,AdStringO,round_2702,Seed,350000.0,2015-06-11,2015
\\xc2\\xa0 Viswanath Ramachandran,AdStringO,round_2702,Seed,350000.0,2015-06-11,2015
M&S Partners Pte. Ltd,Faircent.com,round_2703,Seed,250000.0,2015-06-11,2015
Sequoia Capital,La Renon,round_2704,Private Equity,16000000.0,2015-06-12,2015
Sequoia Capital,Homelane,round_2705,Private Equity,50000000.0,2015-06-15,2015
Unitus Seed Fund,iSTAR,round_2706,Private Equity,,2015-06-15,2015
i2india Pvt Ltd,Shippr,round_2707,Seed,500000.0,2015-06-15,2015
Group of angel investors,FoodAbhi,round_2708,Seed,,2015-06-16,2015
Infuse Ventures,Karma Recycling,round_2709,Private Equity,,2015-06-16,2015
Low Carbon Enterprise Fund,Karma Recycling,round_2709,Private Equity,,2015-06-16,2015
Mahesh Pratapneni,CouponRaja,round_2710,Seed,500000.0,2015-06-16,2015
Pallab Chatterjee & others,CouponRaja,round_2710,Seed,500000.0,2015-06-16,2015
Mumbai Angels,Babychakra,round_2711,Seed,,2015-06-17,2015
Patni Family Office,Babychakra,round_2711,Seed,,2015-06-17,2015
Singapore Angel Network,Babychakra,round_2711,Seed,,2015-06-17,2015
Karan Maheshwari,Babychakra,round_2711,Seed,,2015-06-17,2015
Jatin Aneja,Babychakra,round_2711,Seed,,2015-06-17,2015
Kishor Ganji,Babychakra,round_2711,Seed,,2015-06-17,2015
Roopa Nath,Babychakra,round_2711,Seed,,2015-06-17,2015
Unitus Seed Fund,Jiffstore,round_2712,Seed,,2015-06-17,2015
Times Internet,Jiffstore,round_2712,Seed,,2015-06-17,2015
LGT Group,MyDentist,round_2713,Private Equity,8200000.0,2015-06-17,2015
Asian Healthcare fund,MyDentist,round_2713,Private Equity,8200000.0,2015-06-17,2015
Seedfund,MyDentist,round_2713,Private Equity,8200000.0,2015-06-17,2015
YouWeCan Ventures,Moovo,round_2714,Seed,,2015-06-18,2015
Neoteric Infomatique Limited,Fracktal Works,round_2715,Private Equity,3000000.0,2015-06-18,2015
ASK Pravi,Hansa Customer Equity,round_2716,Private Equity,5000000.0,2015-06-18,2015
Gopal Srinivasan,HealthifyMe,round_2717,Private Equity,,2015-06-18,2015
Sashi Reddy,HealthifyMe,round_2717,Private Equity,,2015-06-18,2015
Amit Gupta,HealthifyMe,round_2717,Private Equity,,2015-06-18,2015
Pallav Nadhani,HealthifyMe,round_2717,Private Equity,,2015-06-18,2015
Sunil Maheshwari & group of investors,CAKART.in,round_2718,Seed,,2015-06-18,2015
Matrix Partners,Housejoy,round_2719,Private Equity,4000000.0,2015-06-19,2015
Faering Capital,FundsIndia.com,round_2720,Private Equity,11000000.0,2015-06-19,2015
Foundation Capital,FundsIndia.com,round_2720,Private Equity,11000000.0,2015-06-19,2015
Inventus Capital Partners,FundsIndia.com,round_2720,Private Equity,11000000.0,2015-06-19,2015
Group of Angel Investors from US/India,Cupick,round_2721,Seed,120000.0,2015-06-20,2015
Sachin Bansal,Tracxn,round_2722,Private Equity,10000000.0,2015-06-20,2015
Bunny Bansal & other investors,Tracxn,round_2722,Private Equity,10000000.0,2015-06-20,2015
Kalaari Capital,Holachef,round_2723,Private Equity,3100000.0,2015-06-21,2015
India Quotient,Holachef,round_2723,Private Equity,3100000.0,2015-06-21,2015
Kunal Bahl,elong,round_2724,Private Equity,5000000.0,2015-06-22,2015
Rohit Bansal,elong,round_2724,Private Equity,5000000.0,2015-06-22,2015
Blume Ventures,elong,round_2724,Private Equity,5000000.0,2015-06-22,2015
Phanindra Sama,elong,round_2724,Private Equity,5000000.0,2015-06-22,2015
Raju Reddy,elong,round_2724,Private Equity,5000000.0,2015-06-22,2015
Micromax Informatics,Ixigo,round_2725,Private Equity,,2015-06-22,2015
Sprout Angels LLP,SkillAngels,round_2726,Seed,,2015-06-22,2015
AngelPrime,Vidgyor,round_2727,Seed,500000.0,2015-06-22,2015
Dr David Cheriton,Banihal,round_2728,Seed,,2015-06-22,2015
Sequoia Capital,Goodservice,round_2729,Private Equity,1600000.0,2015-06-23,2015
Matrix Partners India,Treebo,round_2730,Private Equity,6000000.0,2015-06-23,2015
SAIF Partners,Treebo,round_2730,Private Equity,6000000.0,2015-06-23,2015
Holostik Group,EduKart,round_2731,Private Equity,1000000.0,2015-06-23,2015
YouWeCan Ventures,EduKart,round_2731,Private Equity,1000000.0,2015-06-23,2015
500 Startups,EduKart,round_2731,Private Equity,1000000.0,2015-06-23,2015
Vijay Shekhar Sharma,EduKart,round_2731,Private Equity,1000000.0,2015-06-23,2015
Manish Kheterpal,EduKart,round_2731,Private Equity,1000000.0,2015-06-23,2015
Amit Patni,EduKart,round_2731,Private Equity,1000000.0,2015-06-23,2015
YouWeCan Ventures,Healthians.com,round_2732,Seed,,2015-06-23,2015
Unitus Seed Fund,LabInApp,round_2733,Seed,,2015-06-24,2015
Chennai Angels,Syona Cosmetics,round_2734,Seed,,2015-06-24,2015
Oliphans Capital,Sigrid Education,round_2735,Seed,,2015-06-24,2015
Nokia Growth Partners,Indix,round_2736,Private Equity,15000000.0,2015-06-24,2015
Nexus Venture Partners,Indix,round_2736,Private Equity,15000000.0,2015-06-24,2015
Avalon Ventures,Indix,round_2736,Private Equity,15000000.0,2015-06-24,2015
Sequoia Capital,The Porter,round_2737,Private Equity,5500000.0,2015-06-24,2015
Kae Capital,The Porter,round_2737,Private Equity,5500000.0,2015-06-24,2015
Anupam Mittal,The Porter,round_2737,Private Equity,5500000.0,2015-06-24,2015
Sandeep Tandon,The Porter,round_2737,Private Equity,5500000.0,2015-06-24,2015
Mercury Fund,Retention.ai,round_2738,Seed,500000.0,2015-06-24,2015
Anshu Sharma,Retention.ai,round_2738,Seed,500000.0,2015-06-24,2015
Pratyush Prasanna,Retention.ai,round_2738,Seed,500000.0,2015-06-24,2015
Robert Winters & others,Retention.ai,round_2738,Seed,500000.0,2015-06-24,2015
Development finance institution Belgian Investment Company,Fusion Microfinance,round_2739,Private Equity,8600000.0,2015-06-25,2015
Oikocredit,Fusion Microfinance,round_2739,Private Equity,8600000.0,2015-06-25,2015
Accel Partners,Zinka,round_2740,Private Equity,6000000.0,2015-06-25,2015
Flipkart,Zinka,round_2740,Private Equity,6000000.0,2015-06-25,2015
IDG Ventures India,CreditMantri,round_2741,Private Equity,2500000.0,2015-06-26,2015
Elevar Equity,CreditMantri,round_2741,Private Equity,2500000.0,2015-06-26,2015
Accion Venture Lab,CreditMantri,round_2741,Private Equity,2500000.0,2015-06-26,2015
SAIF Partners,UrbanClap,round_2743,Private Equity,10000000.0,2015-06-29,2015
\\xc2\\xa0 Accel Partners,UrbanClap,round_2743,Private Equity,10000000.0,2015-06-29,2015
Tracxn Labs,StayGlad,round_2744,Seed,,2015-06-29,2015
Sahil Barua,StayGlad,round_2744,Seed,,2015-06-29,2015
Mape Advisory,AdWyze,round_2745,Seed,1000000.0,2015-06-29,2015
Naveen Tiwari,Zimmber,round_2746,Seed,400000.0,2015-06-29,2015
Mohit Saxena,Zimmber,round_2746,Seed,400000.0,2015-06-29,2015
Amit Gupta,Zimmber,round_2746,Seed,400000.0,2015-06-29,2015
Piyush Shah,Zimmber,round_2746,Seed,400000.0,2015-06-29,2015
Manish Dugar,Zimmber,round_2746,Seed,400000.0,2015-06-29,2015
Kanwaljit Singh,Buttercups,round_2747,Seed,,2015-06-30,2015
Angie Mahtaney,Buttercups,round_2747,Seed,,2015-06-30,2015
Manoj Varghese,Buttercups,round_2747,Seed,,2015-06-30,2015
Helion Ventures,RailYatri,round_2748,Private Equity,,2015-06-30,2015
Omidiyar Network,RailYatri,round_2748,Private Equity,,2015-06-30,2015
Blume Ventures and Ujama,RailYatri,round_2748,Private Equity,,2015-06-30,2015
Group of Investors,aagaar.com,round_2749,Seed,,2015-06-30,2015
Commonfloor,Flatchat,round_2750,Private Equity,2500000.0,2015-06-30,2015
Sameer Koticha,MyCFO,round_2751,Private Equity,1500000.0,2015-06-30,2015
Goldman Sachs,Foodpanda,round_2752,Private Equity,100000000.0,2015-05-01,2015
Rocket Internet,Foodpanda,round_2752,Private Equity,100000000.0,2015-05-01,2015
Anand Vijay,Termsheet,round_2753,Seed,100000.0,2015-05-01,2015
Nipun Dureja,Termsheet,round_2753,Seed,100000.0,2015-05-01,2015
Satyajit Heeralal,Termsheet,round_2753,Seed,100000.0,2015-05-01,2015
Keith Rodricks,Termsheet,round_2753,Seed,100000.0,2015-05-01,2015
Gaurav Lochan,Termsheet,round_2753,Seed,100000.0,2015-05-01,2015
Azmul Haque,Termsheet,round_2753,Seed,100000.0,2015-05-01,2015
Nikhil Bagri,Termsheet,round_2753,Seed,100000.0,2015-05-01,2015
Rishi Vasudev,Applicate,round_2754,Seed,550000.0,2015-05-04,2015
Amit Gupta,Applicate,round_2754,Seed,550000.0,2015-05-04,2015
Rajiv Nayan,Applicate,round_2754,Seed,550000.0,2015-05-04,2015
Viraj Tyagi & others,World Art Community,round_2755,Seed,200000.0,2015-05-04,2015
SAIF Partners,SpoonJoy,round_2756,Seed,1000000.0,2015-05-04,2015
Acumen Fund,Seed Schools,round_2757,Seed,650000.0,2015-05-05,2015
Acumen Fund,Ignis Careers,round_2758,Seed,250000.0,2015-05-05,2015
IDG Ventures,Fintellix,round_2760,Private Equity,15000000.0,2015-05-05,2015
Sequoia Capital,Fintellix,round_2760,Private Equity,15000000.0,2015-05-05,2015
Vishwas Patel,Customer360,round_2761,Seed,,2015-05-05,2015
Tiger Global Management,Delhivery,round_2762,Private Equity,85000000.0,2015-05-06,2015
Multiples Alternate Asset Management,Delhivery,round_2762,Private Equity,85000000.0,2015-05-06,2015
Nexus Venture Partners,Delhivery,round_2762,Private Equity,85000000.0,2015-05-06,2015
Times Internet,Delhivery,round_2762,Private Equity,85000000.0,2015-05-06,2015
Norwest Venture Partners,Swiggy,round_2763,Private Equity,15000000.0,2015-05-06,2015
IDG Ventures,Uniphore,round_2764,Private Equity,,2015-05-07,2015
Kris Gopalakrishnan,Uniphore,round_2764,Private Equity,,2015-05-07,2015
Mayfield Ventures,Box8,round_2765,Private Equity,3500000.0,2015-05-07,2015
Fidelity Growth Partners India,Toppr,round_2766,Private Equity,10000000.0,2015-05-07,2015
SAIF Partners,Toppr,round_2766,Private Equity,10000000.0,2015-05-07,2015
\\xc2\\xa0 Helion Ventures,Toppr,round_2766,Private Equity,10000000.0,2015-05-07,2015
Accel Partners,Vedantu,round_2767,Private Equity,5000000.0,2015-05-07,2015
Tiger Global Management,Vedantu,round_2767,Private Equity,5000000.0,2015-05-07,2015
S.Gopalakrishnan,BuyHatke,round_2768,Seed,1000000.0,2015-05-08,2015
Beenos,BuyHatke,round_2768,Seed,1000000.0,2015-05-08,2015
Aarin Capital Partners,KleverKid,round_2769,Seed,,2015-05-08,2015
Exfinity Ventures,Uniken,round_2770,Private Equity,2000000.0,2015-05-08,2015
Florida based Angel investor,GrandOpinion,round_2771,Seed,150000.0,2015-05-08,2015
Micromax Informatics,HealthifyMe,round_2772,Private Equity,,2015-05-08,2015
Helion Venture Partners,ZapStitch,round_2773,Private Equity,2000000.0,2015-05-12,2015
Orios Venture Partners,ZapStitch,round_2773,Private Equity,2000000.0,2015-05-12,2015
Arun Chandra Mohan,Wassup,round_2774,Private Equity,2000000.0,2015-05-12,2015
Praveen Sinha,Wassup,round_2774,Private Equity,2000000.0,2015-05-12,2015
Prototyze,Mobiefit,round_2775,Seed,,,
Rajendra Gogri,Plancess,round_2776,Seed,2000000.0,,
\\xc2\\xa0 Chandrakant Gogri,Plancess,round_2776,Seed,2000000.0,,
Rajan Anandan,Innovaccer,round_2778,Seed,,2015-05-13,2015
Teru Sato,Innovaccer,round_2778,Seed,,2015-05-13,2015
Aneesh Reddy,Innovaccer,round_2778,Seed,,2015-05-13,2015
Venkatesh Valluri,Innovaccer,round_2778,Seed,,2015-05-13,2015
Lead Angels,MyCuteOffice,round_2779,Seed,,2015-05-13,2015
KJS Group,IndianRoots.com,round_2780,Private Equity,5000000.0,2015-05-14,2015
Phanindra Sama,Venturesity,round_2782,Seed,270000.0,2015-05-15,2015
Jay Sethuram,Venturesity,round_2782,Seed,270000.0,2015-05-15,2015
Hemant Kanakia,Venturesity,round_2782,Seed,270000.0,2015-05-15,2015
Ravi Trivedi,Venturesity,round_2782,Seed,270000.0,2015-05-15,2015
Mohandas Pai,TheBetterIndia.com,round_2783,Seed,,2015-05-18,2015
Samir Shah,Awaaz De,round_2784,Seed,,2015-05-18,2015
Tiger Global Management,Chaayos,round_2785,Private Equity,1000000.0,2015-05-19,2015
Sequoia Capital,Akosha,round_2786,Private Equity,16000000.0,2015-05-19,2015
Subhash Goyal,Cooey,round_2787,Seed,470000.0,2015-05-19,2015
Peesh Venture Capital,MeetUniv,round_2788,Seed,1000000.0,2015-05-19,2015
MakeMyTrip Innovation Fund,Inspirock,round_2789,Private Equity,,2015-05-19,2015
Accel Partners,Crown-it,round_2790,Private Equity,5500000.0,2015-05-19,2015
Helion Venture Partners,Crown-it,round_2790,Private Equity,5500000.0,2015-05-19,2015
SAIF partners,Trucksfirst,round_2791,Private Equity,10000000.0,2015-05-19,2015
Biz Stone,Lookup,round_2792,Private Equity,3000000.0,2015-05-20,2015
Sunergy Investors,SunTerrace,round_2793,Private Equity,,2015-05-21,2015
Kae Capital,\\xc2\\xa0Nudgespot,round_2794,Seed,625000.0,2015-05-22,2015
Anoop Goyal,\\xc2\\xa0Nudgespot,round_2794,Seed,625000.0,2015-05-22,2015
Mike Shah,\\xc2\\xa0Nudgespot,round_2794,Seed,625000.0,2015-05-22,2015
VA Sastry,\\xc2\\xa0Nudgespot,round_2794,Seed,625000.0,2015-05-22,2015
HDFC Bank,CarDekho,round_2795,Private Equity,,2015-05-22,2015
Sandiep Shrivatsava,EveningFlavors,round_2796,Seed,500000.0,2015-05-22,2015
Punit Soni,Razorpay,round_2797,Seed,,2015-05-25,2015
i2india Ventures,ZenParent,round_2798,Seed,500000.0,2015-05-25,2015
Jan Manten,Newgen Payments,round_2799,Seed,,2015-05-25,2015
Nirvana Venture Advisors,UrbanPro,round_2800,Private Equity,2000000.0,2015-05-26,2015
Manipal Group,Goodbox,round_2801,Seed,200000.0,2015-05-26,2015
Astarc Ventures,Renderlogy,round_2802,Private Equity,1000000.0,2015-05-26,2015
Nexus Venture Partners,Postman,round_2803,Seed,1000000.0,2015-05-27,2015
Accel Partners,Casa2inns,round_2804,Private Equity,5000000.0,2015-05-27,2015
Kalaari Capital,Casa2inns,round_2804,Private Equity,5000000.0,2015-05-27,2015
Tim Chen,FleetRover,round_2805,Seed,180000.0,2015-05-27,2015
Sanjay Venkat,FleetRover,round_2805,Seed,180000.0,2015-05-27,2015
Sol Primero,TheKarrier,round_2806,Seed,240000.0,2015-05-28,2015
Outbox Ventures,TheKarrier,round_2806,Seed,240000.0,2015-05-28,2015
Nikunj Jain,TheKarrier,round_2806,Seed,240000.0,2015-05-28,2015
Sequoia Capital,Zoomcar,round_2807,Private Equity,5000000.0,2015-05-28,2015
Kalaari Capital,Truweight,round_2808,Private Equity,,2015-05-28,2015
Tiger Global,Ather Energy,round_2809,Private Equity,12000000.0,2015-05-30,2015
Accel Partners,Swiggy,round_2810,Private Equity,2000000.0,2015-04-03,2015
SAIF Partners,Swiggy,round_2810,Private Equity,2000000.0,2015-04-03,2015
"Rudy Gopalakrishnan, ah! Ventures",Bluegape,round_2811,Seed,200000.0,2015-04-04,2015
Rajesh Sawheny,InstaLively,round_2813,Seed,120000.0,2015-04-06,2015
Rajan Anandan,InstaLively,round_2813,Seed,120000.0,2015-04-06,2015
Amit Ranjan,InstaLively,round_2813,Seed,120000.0,2015-04-06,2015
Niraj Singh,InstaLively,round_2813,Seed,120000.0,2015-04-06,2015
AECAL,InstaLively,round_2813,Seed,120000.0,2015-04-06,2015
MeraEvents.,InstaLively,round_2813,Seed,120000.0,2015-04-06,2015
Amit Tyagi,Pricejugaad,round_2814,Seed,165000.0,2015-04-07,2015
Sandeep Acharya & others,Pricejugaad,round_2814,Seed,165000.0,2015-04-07,2015
Tiger Global,Quikr,round_2815,Private Equity,150000000.0,2015-04-07,2015
Investment AB Kinnevik,Quikr,round_2815,Private Equity,150000000.0,2015-04-07,2015
Steadview Capital,Quikr,round_2815,Private Equity,150000000.0,2015-04-07,2015
Sequoia Capital,PressPlay,round_2816,Seed,2200000.0,2015-04-07,2015
Jason Hirschhorn,PressPlay,round_2816,Seed,2200000.0,2015-04-07,2015
"Jarett Posner, and Amit Bhatiani",PressPlay,round_2816,Seed,2200000.0,2015-04-07,2015
Ajit Surana,LogiNext,round_2817,Seed,,2015-04-07,2015
Sanjay Mehta,LogiNext,round_2817,Seed,,2015-04-07,2015
Silicon Valley Ventures,FirstCry.com,round_2818,Private Equity,10000000.0,2015-04-08,2015
NEA Ventures,FirstCry.com,round_2818,Private Equity,10000000.0,2015-04-08,2015
Valiant Capital,FirstCry.com,round_2818,Private Equity,10000000.0,2015-04-08,2015
IDG Ventures India,FirstCry.com,round_2818,Private Equity,10000000.0,2015-04-08,2015
\\xc2\\xa0 SAIF Partners,FirstCry.com,round_2818,Private Equity,10000000.0,2015-04-08,2015
Vertex Ventures,FirstCry.com,round_2818,Private Equity,10000000.0,2015-04-08,2015
Tree Line Asia,MobiKwik,round_2819,Private Equity,25000000.0,2015-04-08,2015
Cisco Investments,MobiKwik,round_2819,Private Equity,25000000.0,2015-04-08,2015
American Express,MobiKwik,round_2819,Private Equity,25000000.0,2015-04-08,2015
Sequoia Capital,MobiKwik,round_2819,Private Equity,25000000.0,2015-04-08,2015
DST Global,Olacabs,round_2820,Private Equity,400000000.0,2015-04-08,2015
Steadview Capital,Olacabs,round_2820,Private Equity,400000000.0,2015-04-08,2015
Tiger Global,Olacabs,round_2820,Private Equity,400000000.0,2015-04-08,2015
Accel Partners & Others,Olacabs,round_2820,Private Equity,400000000.0,2015-04-08,2015
Ajai Chowdhry,Gadgetwood,round_2821,Seed,200000.0,2015-04-09,2015
Ashvin Chadha,Gadgetwood,round_2821,Seed,200000.0,2015-04-09,2015
Yogesh Bansal,Gadgetwood,round_2821,Seed,200000.0,2015-04-09,2015
\\nNitin Singhal & Others,Gadgetwood,round_2821,Seed,200000.0,2015-04-09,2015
Kanwaljit Singh,Bonhomia,round_2822,Seed,2000000.0,2015-04-09,2015
Shripad Nadkarni,Bonhomia,round_2822,Seed,2000000.0,2015-04-09,2015
Sarvesh Shahra & Others,Bonhomia,round_2822,Seed,2000000.0,2015-04-09,2015
Hyderabad based investor,Changer Mints,round_2823,Seed,165000.0,2015-04-09,2015
Sequoia Capital,Urban Ladder,round_2824,Private Equity,50000000.0,2015-04-09,2015
TR Capital,Urban Ladder,round_2824,Private Equity,50000000.0,2015-04-09,2015
Steadview Capital,Urban Ladder,round_2824,Private Equity,50000000.0,2015-04-09,2015
SAIF Partners,Urban Ladder,round_2824,Private Equity,50000000.0,2015-04-09,2015
Kalaari Capital,Urban Ladder,round_2824,Private Equity,50000000.0,2015-04-09,2015
Matrix Partners India,Purple Squirrel,round_2825,Private Equity,,2015-04-09,2015
India Quotient,Purple Squirrel,round_2825,Private Equity,,2015-04-09,2015
Helion Venture Partner,Whatfix,round_2826,Seed,900000.0,2015-04-10,2015
Powerhouse Ventures,Whatfix,round_2826,Seed,900000.0,2015-04-10,2015
GSF and Other angel investors,Whatfix,round_2826,Seed,900000.0,2015-04-10,2015
Unitus Seed Fund,iMMi Life,round_2827,Seed,,2015-04-10,2015
Info Edge (India),Zomato,round_2828,Private Equity,25000000.0,2015-04-11,2015
Dragoneer Investment,ZopNow,round_2829,Private Equity,10000000.0,2015-04-13,2015
Accel Partners,ZopNow,round_2829,Private Equity,10000000.0,2015-04-13,2015
Qualcomm Ventures,ZopNow,round_2829,Private Equity,10000000.0,2015-04-13,2015
Times Internet,ZopNow,round_2829,Private Equity,10000000.0,2015-04-13,2015
Ajay Relan,Nayi Disha,round_2830,Seed,300000.0,2015-04-13,2015
Kae Capital,The Porter,round_2831,Seed,500000.0,,
Jungle Ventures,Commeasure,round_2832,Seed,1000000.0,2015-04-13,2015
Accel Partners India,Capricoast,round_2833,Seed,1250000.0,2015-04-13,2015
Tiger Global Management,LocalOye,round_2834,Private Equity,5000000.0,2015-04-14,2015
Lightspeed Venture Partners,LocalOye,round_2834,Private Equity,5000000.0,2015-04-14,2015
Tiger Global,Grofers,round_2835,Private Equity,35000000.0,2015-04-15,2015
Sequoia Capital,Grofers,round_2835,Private Equity,35000000.0,2015-04-15,2015
SAIF Partners,PepperTap,round_2836,Private Equity,10000000.0,2015-04-15,2015
Sequoia Capital,PepperTap,round_2836,Private Equity,10000000.0,2015-04-15,2015
PremjiInvest,PolicyBazaar,round_2837,Private Equity,40000000.0,2015-04-15,2015
Tiger Global,PolicyBazaar,round_2837,Private Equity,40000000.0,2015-04-15,2015
Ribbit Capital,PolicyBazaar,round_2837,Private Equity,40000000.0,2015-04-15,2015
SAIF Partners,UrbanClap,round_2838,Seed,1600000.0,2015-04-16,2015
Accel Partners,UrbanClap,round_2838,Seed,1600000.0,2015-04-16,2015
Kunal Bahl,UrbanClap,round_2838,Seed,1600000.0,2015-04-16,2015
Rohit Bansal,UrbanClap,round_2838,Seed,1600000.0,2015-04-16,2015
Orios Venture Partners,Taskbob,round_2839,Seed,1200000.0,2015-04-16,2015
Mayfield India,Taskbob,round_2839,Seed,1200000.0,2015-04-16,2015
Ascent Capital,Robosoft,round_2840,Private Equity,12000000.0,2015-04-17,2015
Kalaari Capital,Robosoft,round_2840,Private Equity,12000000.0,2015-04-17,2015
Powai Lake Ventures,Doormint,round_2841,Seed,,2015-04-18,2015
YouWeCan Ventures,Vyomo,round_2842,Seed,,2015-04-20,2015
Agnus Capital,Pastiwala,round_2843,Private Equity,4000000.0,2015-04-20,2015
Deep Kalra,1mg (Healthkartplus),round_2844,Private Equity,6000000.0,2015-04-20,2015
Sequoia Capital,1mg (Healthkartplus),round_2844,Private Equity,6000000.0,2015-04-20,2015
Omidyar Network,1mg (Healthkartplus),round_2844,Private Equity,6000000.0,2015-04-20,2015
Intel Capital & Kae Capital,1mg (Healthkartplus),round_2844,Private Equity,6000000.0,2015-04-20,2015
Tiger Global,Freshdesk,round_2845,Private Equity,50000000.0,2015-04-20,2015
Google Capital & Accel Partners,Freshdesk,round_2845,Private Equity,50000000.0,2015-04-20,2015
GIC ventures,Sulekha.com,round_2846,Private Equity,28000000.0,2015-04-20,2015
The Phoenix Fund,FindYahan,round_2847,Private Equity,,2015-04-22,2015
Michael & Susan Dell Foundation,Avanti Learning,round_2849,Private Equity,1500000.0,2015-04-22,2015
Pearson Learning Fund,Avanti Learning,round_2849,Private Equity,1500000.0,2015-04-22,2015
Mayfield Ventures,Simplilearn,round_2850,Private Equity,15000000.0,2015-04-23,2015
Kalaari Capital,Simplilearn,round_2850,Private Equity,15000000.0,2015-04-23,2015
Helion Ventures,Simplilearn,round_2850,Private Equity,15000000.0,2015-04-23,2015
Sequoia Capital,Craftstvilla,round_2851,Private Equity,18000000.0,2015-04-23,2015
Nexus venture Partners,Craftstvilla,round_2851,Private Equity,18000000.0,2015-04-23,2015
Lightspeed Ventures,Craftstvilla,round_2851,Private Equity,18000000.0,2015-04-23,2015
GFC,Craftstvilla,round_2851,Private Equity,18000000.0,2015-04-23,2015
Version One Ventures,HeadOut,round_2852,Seed,1800000.0,2015-04-23,2015
500 Startups,HeadOut,round_2852,Seed,1800000.0,2015-04-23,2015
Nexus Venture Partners and Arena Ventures,HeadOut,round_2852,Seed,1800000.0,2015-04-23,2015
AngelPrime,happay,round_2853,Seed,500000.0,2015-04-23,2015
Rakesh Mathur,Jugnoo,round_2854,Seed,1000000.0,2015-04-23,2015
Vikas Taneja & others,Jugnoo,round_2854,Seed,1000000.0,2015-04-23,2015
Deepak Shahdadpuri,EazyDiner,round_2855,Seed,,2015-04-23,2015
Gulpreet Kohli,EazyDiner,round_2855,Seed,,2015-04-23,2015
Lightspeed Ventures,Phone Warrior,round_2856,Seed,,2015-04-23,2015
Accel US,Coverfox,round_2857,Private Equity,12000000.0,2015-04-24,2015
Accel India,Coverfox,round_2857,Private Equity,12000000.0,2015-04-24,2015
SAIF Partners.,Coverfox,round_2857,Private Equity,12000000.0,2015-04-24,2015
S S Mukherji & Others,Torqus,round_2858,Seed,350000.0,2015-04-27,2015
Oliphans Capital,Grab,round_2859,Seed,1000000.0,2015-04-27,2015
Haresh Chawla,Grab,round_2859,Seed,1000000.0,2015-04-27,2015
Ah! Ventures,LogicRoots,round_2860,Seed,400000.0,2015-04-27,2015
Calcutta Angels,LogicRoots,round_2860,Seed,400000.0,2015-04-27,2015
\\xc2\\xa0 91SpringBoard,LogicRoots,round_2860,Seed,400000.0,2015-04-27,2015
Infuse Ventures fund,GIBBS,round_2861,Private Equity,,2015-04-27,2015
SEEK Ltd & affiliates,Babajobs,round_2862,Private Equity,10000000.0,2015-04-28,2015
Anand Rajaraman,Urban Ladder,round_2863,Private Equity,,2015-04-28,2015
Venky Harinarayan,Urban Ladder,round_2863,Private Equity,,2015-04-28,2015
Cross Border Angels & others,Jay Robotix,round_2864,Seed,250000.0,2015-04-28,2015
Mitsui & Co & existing investors,Naaptol.com,round_2865,Private Equity,21500000.0,2015-04-28,2015
Bessemer Ventures,ReGlobe,round_2866,Seed,1000000.0,2015-04-29,2015
Blume Ventures,ReGlobe,round_2866,Seed,1000000.0,2015-04-29,2015
Greycroft Partners,Icertis,round_2867,Private Equity,6000000.0,2015-04-29,2015
Fidelity Growth Partners,Icertis,round_2867,Private Equity,6000000.0,2015-04-29,2015
SAIF Partners,Tracxn,round_2868,Private Equity,3500000.0,2015-04-29,2015
Sumit Jain,Dazo,round_2869,Seed,,2015-04-29,2015
Aprameya Radhakrishna,Dazo,round_2869,Seed,,2015-04-29,2015
Alok Goel,Dazo,round_2869,Seed,,2015-04-29,2015
Rajan Anandan,Dazo,round_2869,Seed,,2015-04-29,2015
Amit Agrawal,Dazo,round_2869,Seed,,2015-04-29,2015
Vinay Goel,Dazo,round_2869,Seed,,2015-04-29,2015
Gaurav Munjal,Dazo,round_2869,Seed,,2015-04-29,2015
Ashish Dev Kapur,Dazo,round_2869,Seed,,2015-04-29,2015
Rainmatter,Tradelab,round_2870,Seed,400000.0,2015-04-29,2015
The HR Fund,PiQube,round_2871,Seed,500000.0,2015-04-29,2015
Bessemer Venture Partners,Travel Triangle,round_2872,Private Equity,8000000.0,2015-04-29,2015
SAIF Partners,Travel Triangle,round_2872,Private Equity,8000000.0,2015-04-29,2015
Helion Venture Partners,TrulyMadly.com,round_2873,Private Equity,5500000.0,2015-03-02,2015
Kae Capital,TrulyMadly.com,round_2873,Private Equity,5500000.0,2015-03-02,2015
Group of Angel Investors,InstaLively,round_2874,Seed,120000.0,2015-03-02,2015
Maverick Capital,Vserv,round_2875,Private Equity,15000000.0,2015-03-03,2015
IDG Ventures India,Vserv,round_2875,Private Equity,15000000.0,2015-03-03,2015
Ashutosh Lawania,Intruo.com,round_2876,Seed,,2015-03-03,2015
Alok Goel & others,Intruo.com,round_2876,Seed,,2015-03-03,2015
SAIF Partners,Niffler,round_2877,Seed,1000000.0,2015-03-05,2015
Madhukar Gangadi,CustomFurnish.com,round_2878,Private Equity,2500000.0,2015-03-05,2015
Satish Reddy,CustomFurnish.com,round_2878,Private Equity,2500000.0,2015-03-05,2015
Srini Raju,CustomFurnish.com,round_2878,Private Equity,2500000.0,2015-03-05,2015
Srini Koppolu & SIDBI,CustomFurnish.com,round_2878,Private Equity,2500000.0,2015-03-05,2015
Rajan Anandan & other angel investors,MapMyGenome,round_2879,Private Equity,1200000.0,2015-03-06,2015
Kalaari Capital,Crowdfire (formerly Justunfollow),round_2880,Private Equity,2500000.0,2015-03-09,2015
Powai Lake Ventures,Bite Club,round_2881,Seed,500000.0,2015-03-09,2015
Aneesh Reddy,Bite Club,round_2881,Seed,500000.0,2015-03-09,2015
Ashish Kashyap,Bite Club,round_2881,Seed,500000.0,2015-03-09,2015
Alok Mittal,Bite Club,round_2881,Seed,500000.0,2015-03-09,2015
Shrem Strategies,Localbanya,round_2882,Private Equity,,2015-03-10,2015
Tarun Arora,Fitraq.com,round_2884,Seed,150000.0,2015-03-11,2015
Tiger Global,ChargeBee,round_2885,Private Equity,5000000.0,2015-03-11,2015
Accel Partners,ChargeBee,round_2885,Private Equity,5000000.0,2015-03-11,2015
Sequoia Capital,Groupon India,round_2886,Private Equity,20000000.0,2015-03-11,2015
IAN Ventures,Process 9,round_2887,Seed,,2015-03-12,2015
Alok Sharma,Process 9,round_2887,Seed,,2015-03-12,2015
Kris Gopalakrishnan,Process 9,round_2887,Seed,,2015-03-12,2015
Saurabh Srivastava,Process 9,round_2887,Seed,,2015-03-12,2015
Ajai Chowdhry,Process 9,round_2887,Seed,,2015-03-12,2015
Tiger Global,MoonFrog Labs,round_2888,Private Equity,15000000.0,2015-03-12,2015
Sequoia Capital.,MoonFrog Labs,round_2888,Private Equity,15000000.0,2015-03-12,2015
Rocket Internet AG & others,Foodpanda,round_2889,Private Equity,110000000.0,2015-03-13,2015
Ratan Tata,Paytm,round_2890,Private Equity,,2015-03-13,2015
VentureEast,DiabetOmics,round_2891,Private Equity,5000000.0,2015-03-13,2015
\\xc2\\xa0 Varaprasad Reddy,DiabetOmics,round_2891,Private Equity,5000000.0,2015-03-13,2015
Powai Lake Ventures,Qyk,round_2892,Seed,,2015-03-13,2015
Zishan Hayath,Qyk,round_2892,Seed,,2015-03-13,2015
Abhishek Goyal,Qyk,round_2892,Seed,,2015-03-13,2015
Sahil Barua,Qyk,round_2892,Seed,,2015-03-13,2015
Kae Capital,Daily Rounds,round_2893,Seed,500000.0,2015-03-14,2015
GSF,Daily Rounds,round_2893,Seed,500000.0,2015-03-14,2015
Teruhide Sato,Daily Rounds,round_2893,Seed,500000.0,2015-03-14,2015
Zishaan Hayath,Orobind,round_2894,Seed,200000.0,2015-03-14,2015
Lalit Mangal,Orobind,round_2894,Seed,200000.0,2015-03-14,2015
Harpreet Singh Grover,Orobind,round_2894,Seed,200000.0,2015-03-14,2015
Kunal Bahl,Routofy,round_2895,Seed,,2015-03-14,2015
Rohit Bansal,Routofy,round_2895,Seed,,2015-03-14,2015
Ramesh kavediya,Digital Gorkha,round_2896,Seed,166000.0,2015-03-16,2015
IDG Ventures,NestAway,round_2897,Seed,1300000.0,2015-03-16,2015
Naveen Tewari,NestAway,round_2897,Seed,1300000.0,2015-03-16,2015
I-cube-N,The Better India,round_2898,Seed,166000.0,2015-03-16,2015
Value Fund Advisors,Meru Cabs,round_2899,Private Equity,50000000.0,2015-03-16,2015
YourNest Angel Fund,GolfLAN,round_2900,Seed,,2015-03-17,2015
Wipro,Drivestream,round_2901,Private Equity,5000000.0,2015-03-18,2015
Group of Angel Investors,wWhere,round_2902,Seed,200000.0,2015-03-18,2015
Snapdeal,GoJavas,round_2903,Private Equity,,2015-03-18,2015
IDG Ventures,Tripoto,round_2904,Private Equity,2000000.0,2015-03-19,2015
Outbox Ventures,Tripoto,round_2904,Private Equity,2000000.0,2015-03-19,2015
CA Media LP,Graphic India,round_2905,Seed,2800000.0,2015-03-19,2015
\\xc2\\xa0 Start Media.,Graphic India,round_2905,Seed,2800000.0,2015-03-19,2015
Armat Group,Harness Handitouch,round_2906,Private Equity,,2015-03-20,2015
Wu Chay Chin,Lets Corp,round_2907,Seed,3000000.0,2015-03-20,2015
LetsVenture,CollateBox,round_2908,Seed,180000.0,2015-03-20,2015
Valiant Capital,Mahindra First Choice,round_2909,Private Equity,15000000.0,2015-03-20,2015
HT Media,Round One,round_2910,Seed,,2015-03-21,2015
Arun Duggal,Round One,round_2910,Seed,,2015-03-21,2015
Y Combinator,RazorPay,round_2911,Seed,120000.0,2015-03-23,2015
RVCF and SIDBI,Mosambee,round_2912,Private Equity,,2015-03-23,2015
LightBox Ventures,Furlenco,round_2913,Private Equity,6000000.0,2015-03-24,2015
Sol Primero,Cubito,round_2914,Seed,160000.0,2015-03-24,2015
JAFCO Asia,Teabox,round_2915,Private Equity,6000000.0,2015-03-25,2015
Keystone Group,Teabox,round_2915,Private Equity,6000000.0,2015-03-25,2015
Dragoneer Investment,Teabox,round_2915,Private Equity,6000000.0,2015-03-25,2015
Accel Partners,Teabox,round_2915,Private Equity,6000000.0,2015-03-25,2015
Accion Venture Labs,Artoo,round_2916,Private Equity,500000.0,2015-03-25,2015
Rianta Capital,Artoo,round_2916,Private Equity,500000.0,2015-03-25,2015
Dr Mushtaq Shah,Fxkart.com,round_2917,Seed,2000000.0,2015-03-25,2015
Dr Faraz Naqvi,Fxkart.com,round_2917,Seed,2000000.0,2015-03-25,2015
Impact Investment Holding,Rozgar Mela,round_2918,Seed,,2015-03-25,2015
Upaya Social Ventures,Rozgar Mela,round_2918,Seed,,2015-03-25,2015
Greenoaks capital,OYO Rooms,round_2919,Private Equity,25000000.0,2015-03-25,2015
Sequoia Capital,OYO Rooms,round_2919,Private Equity,25000000.0,2015-03-25,2015
LightSpeed Ventures,OYO Rooms,round_2919,Private Equity,25000000.0,2015-03-25,2015
Tiger Global Management,Roposo.com,round_2920,Private Equity,5000000.0,2015-03-26,2015
Indian Quotient,Roposo.com,round_2920,Private Equity,5000000.0,2015-03-26,2015
Binny Bansal,Roposo.com,round_2920,Private Equity,5000000.0,2015-03-26,2015
Sequoia Capital,Teewe,round_2921,Seed,1750000.0,2015-03-26,2015
India Quotient,Teewe,round_2921,Seed,1750000.0,2015-03-26,2015
Solidarity Venture Capital & others,Urjas,round_2923,Seed,100000.0,2015-03-27,2015
Pittie Group,Chargein,round_2924,Seed,100000.0,2015-03-27,2015
Nick Adams,Yogurt Labs,round_2925,Seed,115000.0,2015-03-28,2015
Kiran Bhat,Yogurt Labs,round_2925,Seed,115000.0,2015-03-28,2015
Family Pot Investments LLP,Yogurt Labs,round_2925,Seed,115000.0,2015-03-28,2015
Tiger Global,LimeRoad.com,round_2926,Private Equity,30000000.0,2015-03-28,2015
Matrix Partners,LimeRoad.com,round_2926,Private Equity,30000000.0,2015-03-28,2015
Lightspeed Venture Partners,LimeRoad.com,round_2926,Private Equity,30000000.0,2015-03-28,2015
Nandan Nilekani,Team Indus,round_2927,Private Equity,1500000.0,2015-03-28,2015
Rajiv Mody,Team Indus,round_2927,Private Equity,1500000.0,2015-03-28,2015
Ajai Chowdhary,Team Indus,round_2927,Private Equity,1500000.0,2015-03-28,2015
Tano Capital,Arohan Financial Services,round_2928,Private Equity,10000000.0,2015-03-30,2015
TA Associates,BillDesk,round_2929,Private Equity,75000000.0,2015-03-30,2015
Mayfield Ventures,Triphobo,round_2930,Private Equity,3000000.0,2015-03-31,2015
Kalaari Capital,Triphobo,round_2930,Private Equity,3000000.0,2015-03-31,2015
Trinity Ventures,Aryaka,round_2931,Private Equity,16000000.0,2015-03-31,2015
InterWest Partners,Aryaka,round_2931,Private Equity,16000000.0,2015-03-31,2015
Mohr Davidow Ventures,Aryaka,round_2931,Private Equity,16000000.0,2015-03-31,2015
Presidio Ventures,Aryaka,round_2931,Private Equity,16000000.0,2015-03-31,2015
Zodius Capital,Appsdaily,round_2932,Private Equity,16000000.0,2015-03-31,2015
Ru-Net,Appsdaily,round_2932,Private Equity,16000000.0,2015-03-31,2015
Kalaari Capital,Appsdaily,round_2932,Private Equity,16000000.0,2015-03-31,2015
\\xc2\\xa0 Qualcomm Ventures,Appsdaily,round_2932,Private Equity,16000000.0,2015-03-31,2015
Group of Angel Investors,Faaya,round_2933,Seed,16600.0,2015-02-02,2015
Group of Angel Investors,InstaBounce,round_2934,Seed,16600.0,2015-02-02,2015
Group of Angel Investors,Chloroplast Foods,round_2935,Seed,16600.0,2015-02-02,2015
Group of Angel Investors,Dealwithus,round_2936,Seed,16600.0,2015-02-02,2015
Group of Angel Investors,CleverSharks,round_2937,Seed,16600.0,2015-02-02,2015
Group of Angel Investors,Leaf,round_2938,Seed,16600.0,2015-02-02,2015
Sol Primero,SmartPocket,round_2939,Seed,250000.0,2015-02-02,2015
Rajiv Mehta,SmartPocket,round_2939,Seed,250000.0,2015-02-02,2015
Orios Venture Partner,Yumist,round_2940,Private Equity,1000000.0,2015-02-02,2015
Omidyar Network,NowFloats,round_2941,Private Equity,,2015-02-02,2015
Valiant Capital Partners,FirstCry,round_2942,Private Equity,26000000.0,2015-02-02,2015
India Quotient,HolaChef,round_2943,Seed,325000.0,2015-02-02,2015
India Quotient,Frsh.co.in,round_2944,Seed,518000.0,2015-02-03,2015
Kae Capital,Frsh.co.in,round_2944,Seed,518000.0,2015-02-03,2015
Temasek,Manthan,round_2945,Private Equity,60000000.0,2015-02-03,2015
Norwest Venture Partners,Manthan,round_2945,Private Equity,60000000.0,2015-02-03,2015
Splice Advisors,Kobster.com,round_2946,Seed,,2015-02-05,2015
Tiger Global,Culture Machine,round_2947,Private Equity,18000000.0,2015-02-05,2015
Times Internet,Culture Machine,round_2947,Private Equity,18000000.0,2015-02-05,2015
Zodius Capital,Culture Machine,round_2947,Private Equity,18000000.0,2015-02-05,2015
Ant Financial Services (Alipay),Paytm,round_2948,Private Equity,,2015-02-05,2015
Anand Vijay,Aisle.co,round_2949,Seed,100000.0,2015-02-05,2015
Shashank Mehrotra & Others,Aisle.co,round_2949,Seed,100000.0,2015-02-05,2015
Valiant Capital,FreeCharge,round_2950,Private Equity,80000000.0,2015-02-06,2015
Tybourne Capital,FreeCharge,round_2950,Private Equity,80000000.0,2015-02-06,2015
Sequoia Capital,FreeCharge,round_2950,Private Equity,80000000.0,2015-02-06,2015
RuNet and Sofina,FreeCharge,round_2950,Private Equity,80000000.0,2015-02-06,2015
Falcon Edge Capital,NewsHunt,round_2951,Private Equity,40000000.0,2015-02-06,2015
Matrix Partners India,NewsHunt,round_2951,Private Equity,40000000.0,2015-02-06,2015
Sequoia Capital India and Omidyar Network,NewsHunt,round_2951,Private Equity,40000000.0,2015-02-06,2015
IDG Ventures,MyNoticePeriod,round_2952,Private Equity,3000000.0,2015-02-09,2015
Ratan Tata,CarDekho.com,round_2953,Private Equity,,2015-02-09,2015
Lightbox Ventures,Faaso\\xe2\\x80\\x99s,round_2954,Private Equity,20000000.0,2015-02-09,2015
Chip Perry,CarTrade.com,round_2955,Private Equity,,2015-02-10,2015
Mangrove Capital Partners,StoreKing,round_2956,Private Equity,,2015-02-10,2015
SAIF Partners,Capital Float,round_2957,Private Equity,13000000.0,2015-02-11,2015
Sequoia Capital,Capital Float,round_2957,Private Equity,13000000.0,2015-02-11,2015
Aspada,Capital Float,round_2957,Private Equity,13000000.0,2015-02-11,2015
AngelPrime,Nimble Wireless,round_2958,Seed,3000000.0,2015-02-11,2015
Group of Angel Investors,Townscript,round_2959,Seed,,2015-02-11,2015
Karan Bajwa,FindYahan,round_2960,Seed,,2015-02-11,2015
Parvesh Bareja,FindYahan,round_2960,Seed,,2015-02-11,2015
Sunjay Kapur,FindYahan,round_2960,Seed,,2015-02-11,2015
Amanpreet Bajaj,FindYahan,round_2960,Seed,,2015-02-11,2015
Nexus Venture Partners,Stayzilla,round_2961,Private Equity,20000000.0,2015-02-12,2015
Matrix Partners,Stayzilla,round_2961,Private Equity,20000000.0,2015-02-12,2015
Sequoia Capital,Practo,round_2962,Private Equity,30000000.0,2015-02-12,2015
Matrix Partners,Practo,round_2962,Private Equity,30000000.0,2015-02-12,2015
Suresh Senapaty,CimplyFive,round_2963,Seed,,2015-02-13,2015
TV Mohandas Pai,CimplyFive,round_2963,Seed,,2015-02-13,2015
Srinivas Aluri,20Dresses,round_2964,Seed,1000000.0,2015-02-13,2015
Srinivas Modukury,20Dresses,round_2964,Seed,1000000.0,2015-02-13,2015
BS Nagesh,20Dresses,round_2964,Seed,1000000.0,2015-02-13,2015
Ashok Goel (promoter),Itzcash,round_2965,Private Equity,16500000.0,2015-02-13,2015
Tiger Global,NewsInShorts,round_2966,Private Equity,4150000.0,2015-02-16,2015
Rebright Partners,NewsInShorts,round_2966,Private Equity,4150000.0,2015-02-16,2015
Sachin and Binny Bansal,NewsInShorts,round_2966,Private Equity,4150000.0,2015-02-16,2015
ah! Ventures,iTraveller.com,round_2967,Private Equity,1000000.0,2015-02-16,2015
Mumbai Angels & Group of other investors,NextGen,round_2968,Seed,,2015-02-17,2015
Helion Venture Partners,Wooplr.com,round_2969,Private Equity,5000000.0,2015-02-18,2015
Cross Border Angels,Springleap,round_2970,Seed,800000.0,2015-05-19,2015
Calcutta Angels,Klip.in,round_2971,Seed,500000.0,2015-02-20,2015
Venture Nursery Angels Mumbai Angels,Klip.in,round_2971,Seed,500000.0,2015-02-20,2015
Brick Eagle,Renderlogy,round_2972,Private Equity,1600000.0,2015-02-20,2015
DA-IICT,Appbase,round_2973,Seed,290000.0,2015-02-21,2015
Techstars,Appbase,round_2973,Seed,290000.0,2015-02-21,2015
Carnegie Mellon University,Appbase,round_2973,Seed,290000.0,2015-02-21,2015
Startup Brasil program,Appbase,round_2973,Seed,290000.0,2015-02-21,2015
Sequoia Capital,HomeLane,round_2974,Private Equity,4500000.0,2015-02-23,2015
Ranjan Pai,HomeLane,round_2974,Private Equity,4500000.0,2015-02-23,2015
Mohandas Pai & others,HomeLane,round_2974,Private Equity,4500000.0,2015-02-23,2015
InterGlobe Technology Quotient,Trip38,round_2975,Private Equity,1000000.0,2015-02-23,2015
Lantern Capital,Trip38,round_2975,Private Equity,1000000.0,2015-02-23,2015
SAIF Partners,NoBroker,round_2977,Private Equity,3000000.0,2015-02-23,2015
Fulcrum Ventures,NoBroker,round_2977,Private Equity,3000000.0,2015-02-23,2015
Unitus Seed Fund\\nNarayan Ramachandran,Caravan Craft Retail,round_2978,Seed,500000.0,2015-02-24,2015
Bijou Kurien,Caravan Craft Retail,round_2978,Seed,500000.0,2015-02-24,2015
Amit Ranjan,SquadRun,round_2979,Seed,,2015-02-25,2015
Deepinder Goyal,SquadRun,round_2979,Seed,,2015-02-25,2015
Zishaan Hayath,SquadRun,round_2979,Seed,,2015-02-25,2015
Powai Lake Ventures,SquadRun,round_2979,Seed,,2015-02-25,2015
V Balakrishnan,Clonect Solutions,round_2980,Seed,250000.0,2015-02-25,2015
T V Mohandas Pai,Clonect Solutions,round_2980,Seed,250000.0,2015-02-25,2015
BC Prabhakar,Clonect Solutions,round_2980,Seed,250000.0,2015-02-25,2015
V Balakrishnan,TaxSutra,round_2981,Seed,160000.0,2015-02-25,2015
T V Mohandas Pai,TaxSutra,round_2981,Seed,160000.0,2015-02-25,2015
Sequoia Capital,PepperTap,round_2982,Seed,,2015-02-25,2015
Sumit Jain,Sattviko,round_2983,Seed,320000.0,2015-02-25,2015
Rajat Jain,Sattviko,round_2983,Seed,320000.0,2015-02-25,2015
Sanjay Bhasin,Sattviko,round_2983,Seed,320000.0,2015-02-25,2015
SAIF Partners,IndustryBuying,round_2984,Private Equity,2000000.0,2015-02-25,2015
Kris Gopalakrishnan,FreshWorld,round_2985,Seed,,2015-02-26,2015
Nagaraja Prakasam,FreshWorld,round_2985,Seed,,2015-02-26,2015
Matrix Partners,TinyOwl,round_2986,Private Equity,16000000.0,2015-02-26,2015
Sequoia Capital,TinyOwl,round_2986,Private Equity,16000000.0,2015-02-26,2015
Nexus Venture Partners,TinyOwl,round_2986,Private Equity,16000000.0,2015-02-26,2015
IDG Ventures India,Momoe,round_2987,Seed,1200000.0,2015-02-27,2015
Jungle Ventures,Momoe,round_2987,Seed,1200000.0,2015-02-27,2015
India Quotient.,Momoe,round_2987,Seed,1200000.0,2015-02-27,2015
Tiger Global Management,Grofers,round_2988,Private Equity,10000000.0,2015-02-27,2015
Sequoia Capital India,Grofers,round_2988,Private Equity,10000000.0,2015-02-27,2015
TPG Growth,LensKart,round_2989,Private Equity,2150000.0,2015-01-02,2015
TR Capital,LensKart,round_2989,Private Equity,2150000.0,2015-01-02,2015
IDG Ventures,LensKart,round_2989,Private Equity,2150000.0,2015-01-02,2015
Venkat Vallabhneni,VioletStreet,round_2990,Seed,315000.0,2015-01-02,2015
Sudhakar Reddy,VioletStreet,round_2990,Seed,315000.0,2015-01-02,2015
Srinivasa Rao Paturi,VioletStreet,round_2990,Seed,315000.0,2015-01-02,2015
DeNA Co.,Lookup,round_2991,Seed,380000.0,2015-01-05,2015
Japan & Teruhide Sato (in Addition to MKS Switzerland & Kris GopalKrishnan),Lookup,round_2991,Seed,380000.0,2015-01-05,2015
TO THE NEW Ventures,#Fame,round_2992,Private Equity,10000000.0,2015-01-05,2015
Tom Clausen,Gympik,round_2993,Seed,135000.0,2015-01-05,2015
Rohan Ajila,Gympik,round_2993,Seed,135000.0,2015-01-05,2015
Haldyn Glass,Gympik,round_2993,Seed,135000.0,2015-01-05,2015
Anupam Mittal,Near.in,round_2994,Seed,285000.0,2015-01-06,2015
Manish Vij,Near.in,round_2994,Seed,285000.0,2015-01-06,2015
Prashant Tandon,Near.in,round_2994,Seed,285000.0,2015-01-06,2015
Gaurav Agarwal,Near.in,round_2994,Seed,285000.0,2015-01-06,2015
Akash Agarwal,Near.in,round_2994,Seed,285000.0,2015-01-06,2015
Himanshu Aggarwal,Near.in,round_2994,Seed,285000.0,2015-01-06,2015
Kevin Parikh,Near.in,round_2994,Seed,285000.0,2015-01-06,2015
IvyCap Ventures,Purplle.com,round_2995,Private Equity,,2015-01-06,2015
SRI Capital,NumberMall,round_2996,Private Equity,10000000.0,2015-01-06,2015
Jungle Ventures,Tookitaki,round_2997,Private Equity,1000000.0,2015-01-06,2015
Redbright Partners,Tookitaki,round_2997,Private Equity,1000000.0,2015-01-06,2015
Blume Ventures,Tookitaki,round_2997,Private Equity,1000000.0,2015-01-06,2015
Matrix Partners,Frankly,round_2998,Seed,600000.0,2015-01-06,2015
Devesh Sachdev,Faircent,round_2999,Seed,,2015-01-07,2015
Ashish Tiwari,Faircent,round_2999,Seed,,2015-01-07,2015
Seedrs Crowd funding platform,Nurturey,round_3000,Crowdfunding,125000.0,2015-01-07,2015
Rohit Bansal,Bewakoof,round_3001,Seed,,2015-01-07,2015
Kunal Bahl,Bewakoof,round_3001,Seed,,2015-01-07,2015
Nikhil Vora,Bewakoof,round_3001,Seed,,2015-01-07,2015
Kickstarter,Stridalyzer,round_3002,Crowdfunding,30768.0,2015-01-07,2015
Google Capital,Commonfloor,round_3003,Private Equity,5000000.0,2015-01-07,2015
IvyCap Ventures,Sokrati,round_3004,Private Equity,,2015-01-09,2015
Inventus Capital,Sokrati,round_3004,Private Equity,,2015-01-09,2015
JS Capital,YepMe,round_3005,Private Equity,13000000.0,2015-01-09,2015
Helion Venture Partners,YepMe,round_3005,Private Equity,13000000.0,2015-01-09,2015
Capricorn Investment Group,YepMe,round_3005,Private Equity,13000000.0,2015-01-09,2015
Alok Goel,TapCibo,round_3006,Seed,,2015-01-09,2015
GWB Group,Verayu,round_3007,Private Equity,,2015-01-12,2015
Blume Ventures,Verayu,round_3007,Private Equity,,2015-01-12,2015
Rajan Anandan,AppVirality,round_3009,Seed,,2015-01-13,2015
Mike Galgon,AppVirality,round_3009,Seed,,2015-01-13,2015
Ashim Mehra,AppVirality,round_3009,Seed,,2015-01-13,2015
Mohit Saxena,AppVirality,round_3009,Seed,,2015-01-13,2015
Ravi Gururaj,AppVirality,round_3009,Seed,,2015-01-13,2015
TNN Capital & IIG,AppVirality,round_3009,Seed,,2015-01-13,2015
TA Associates,RateGain,round_3010,Private Equity,50000000.0,2015-01-14,2015
Rajan Anandan,Wishberry,round_3011,Seed,650000.0,,
Shankar Mahadevan,Wishberry,round_3011,Seed,650000.0,,
Deep Kalra & Others,Wishberry,round_3011,Seed,650000.0,,
Adroitent Pvt. Ltd.,eKincare,round_3012,Seed,161000.0,2015-01-16,2015
Tiger Global & Other investors,ShopClues,round_3013,Private Equity,100000000.0,2015-01-18,2015
Cogent E Services,Refiral,round_3014,Seed,330000.0,2015-01-19,2015
Consortium of Angel Investors,Ping Digital,round_3015,Seed,,2015-01-19,2015
Group of Angel Investors,HealthyWorld.in,round_3016,Seed,200000.0,2015-01-19,2015
Hyderabad Angels (at Startup Heroes event),Hostel Dunia,round_3017,Seed,16000.0,2015-01-19,2015
Hyderabad Angels (at Startup Heroes event),Play your sport,round_3018,Seed,16000.0,2015-01-19,2015
Hyderabad Angels (at Startup Heroes event),Yo Grad,round_3019,Seed,16000.0,2015-01-19,2015
Hyderabad Angels (at Startup Heroes event),Enabli,round_3020,Seed,16000.0,2015-01-19,2015
Hyderabad Angels (at Startup Heroes event),CBS,round_3021,Seed,16000.0,2015-01-19,2015
Eduardo Saverin & Velos Capital,Hopscotch,round_3022,Private Equity,11000000.0,2015-01-20,2015
Premji Invest & Mayfield Fund,Amagi Media Labs,round_3023,Private Equity,,2015-01-20,2015
Group of Angel Investors,HealthyWorld.in,round_3024,Seed,200000.0,2015-01-20,2015
Mayfield India,Simplilearn,round_3025,Private Equity,14750000.0,2015-01-21,2015
Kalaari Capital,Simplilearn,round_3025,Private Equity,14750000.0,2015-01-21,2015
Helion Ventures,Simplilearn,round_3025,Private Equity,14750000.0,2015-01-21,2015
Rohit Jain,Knit,round_3027,Seed,,2015-05-21,2015
Amit Rambhia & Others,Knit,round_3027,Seed,,2015-05-21,2015
Michael & Susan Dell Foundation,Villgro,round_3028,Seed,3250000.0,2015-05-21,2015
Group of Angel Investors,Corporate360,round_3029,Seed,200000.0,,
August Capital Partners,Freshmonk,round_3030,Seed,,2015-01-22,2015
Michael Blakey,Freshmonk,round_3030,Seed,,2015-01-22,2015
ANALEC,Englishleap.com,round_3031,Private Equity,,2015-01-22,2015
Goldman Sachs,Antuit,round_3032,Private Equity,56000000.0,2015-01-22,2015
Zodius Capital,Antuit,round_3032,Private Equity,56000000.0,2015-01-22,2015
Tiger Global,Caratlane.com,round_3033,Private Equity,31000000.0,2015-01-22,2015
Inventus Capital Partners,Aasaanjobs,round_3034,Seed,1500000.0,2015-01-24,2015
IDG Ventures,Aasaanjobs,round_3034,Seed,1500000.0,2015-01-24,2015
Kaizen Private Equity,Impartus,round_3035,Private Equity,,2015-01-24,2015
People Group (Shaadi.com),Thrill App,round_3036,Private Equity,1000000.0,2015-01-25,2015
Hillhouse Capital,CarDekho.com,round_3037,Private Equity,50000000.0,2015-01-27,2015
Tybourne Capital,CarDekho.com,round_3037,Private Equity,50000000.0,2015-01-27,2015
Kalaari Capital,Grabhouse.com,round_3038,Private Equity,2500000.0,2015-01-28,2015
Sequoia Capital,Grabhouse.com,round_3038,Private Equity,2500000.0,2015-01-28,2015
Asia Pacific Internet Group,Printvenue,round_3039,Private Equity,4500000.0,2015-01-29,2015
KARSEMVEN Fund,Graphene,round_3040,Private Equity,825000.0,2015-01-29,2015
Exfinity Fund,Mad Street Den,round_3041,Private Equity,1500000.0,2015-01-30,2015
GrowX Ventures.,Mad Street Den,round_3041,Private Equity,1500000.0,2015-01-30,2015
MakeMyTrip,Simplotel,round_3042,Private Equity,,2015-01-30,2015
UK based Group of Angel Investors,couponmachine.in,round_3043,Seed,140000.0,2015-01-31,2015
