roundId,investor
round_0,Tiger Global Management
round_1,Susquehanna Growth Equity
round_2,Sequoia Capital India
round_3,Vinod Khatumal
round_4,Sprout Venture Partners
round_5,Chiratae Ventures
round_6,Ant Financial
round_7,Sathguru Catalyzer Advisors
round_8,Ping An Global Voyager Fund
round_9,Mumbai Angels
round_9,Ravikanth Reddy
round_10,SAIF Partners
round_10,Spring Canter Investment Ltd.
round_11,Paytm
round_11,NPTK
round_11,Sabre Partners and Neoplux
round_12,Vertex Growth Fund
round_14,Ruizheng Investment
round_15,Manipal Education and Medical Group (MEMG)
round_16,SoftBank Vision Fund
round_17,Sequoia
round_17,CapitalG
round_17,Accel
round_18,Sauce.vc
round_18,Rainforest Ventures
round_19,Prime Venture Partners
round_19,LetsVenture
round_19,PS1 Venture and GlobalLogic co-founder Rajul Garg
round_20,RB Investments
round_21,DG Daiwa Ventures
round_21,DG Incubation
round_22,Trifecta Capital Advisors
round_23,FinTech
round_24,Dream Incubator
round_25,Altimeter Capital
round_25,Sutter Hill Ventures
round_26,Startup Buddy
round_27,Amour Infrastructure
round_28,Ackermans & van Haaren
round_28,HealthQuad
round_28,Rebright Partners
round_28,Toppan Printing
round_29,Matrix Partners
round_29,Stellaris Venture Partners
round_29,Kalaari Capital
round_30,IAN Fund and DSG Consumer Partners
round_31,Vijay Shekhar Sharma
round_32,Lightbox
round_33,Altimeter Capital
round_33,DST Global
round_34,Ayushmann Khurana
round_35,Matrix Partners India
round_35,Sequoia India
round_36,SAIF Partners
round_37,TIW Private Equity
round_38,Exfinity Venture Partners
round_39,Breakthrough Energy Ventures
round_40,Endiya Partners
round_41,A91 Partners
round_42,Bennett Coleman and Company Ltd (BCCL)
round_43,India Quotient
round_43,Axilor Ventures
round_44,SC GG India Mobility Holdings LLC
round_45,Sequoia India
round_47,Azim Premji
round_47,Binny Bansal
round_48,Pine Labs Pte Ltd
round_49,Naspers
round_50,MS Dhoni
round_51,March Capital Partners
round_52,XL Innovate
round_53,Rashmi Daga (founder
round_53,FreshMenu)
round_53,Raveen Sastry (co-founder
round_53,Myntra) and Mitesh Shah (finance chief
round_53,BookMyShow)
round_54,RPS Ventures
round_55,Tiger Global Management
round_56,One97 Communications Ltd.
round_57,Growth DNA
round_58,Vir Sanghvi
round_59,Softbank Vision Fund
round_60,Westbridge Capital
round_61,Lok Capital
round_61,IIFL Wealth
round_62,WaterBridge Ventures
round_63,Kapil Dev
round_64,DIG Investment Ab
round_64,Deshe Holdings
round_64,Samih Toukan and Hussam Khoury
round_65,March Capital Partners
round_66,Artha Venture
round_67,Qatar Investment Authority
round_68,Composite Capital Management
round_68,Sequoia Capital India
round_68,Tiger Global Management
round_70,Ventureast
round_71,Blume Ventures
round_72,Binny Bansal
round_73,Multiple Angel Investors
round_74,General Atlantic
round_75,Anicut Capital
round_76,Goldman Sachs
round_76,Accel Partners and Qualcomm
round_77,Matrix Partners
round_78,Insight Partners
round_79,Triton Investment Advisors
round_79,Pidilite Industries director Ajay Parekh
round_80,Blume Ventures and RTP Global
round_81,Shell Foundation
round_81,DILA CAPITAL
round_81,Engie RDE Fund
round_81,EcoEnterprise Fund
round_81,EDFIMC (ElectriFI)
round_81,Endeavor Catalyst Fund
round_81,CoCapital
round_81,Triodos
round_81,"Alpha Mundi, and Lendahand"
round_82,IAN Fund
round_83,Qiming Venture Partners
round_84,Nexus Venture Partners
round_85,Tiger Global Management
round_86,WestBridge Capital
round_87,Alteria Capital
round_88,Mumbai Angels
round_89,Tata Sons
round_90,C4D Partners
round_91,Indian Angel Network and other angel investors
round_91,Innov8 founder Ritesh Malik
round_91,"Josh Talks founders Supriya Paul and Shobha Banga, and former Hero Corporate president Rohit Chanana"
round_92,Goldman Sachs Investment Partners and Silicon Valley-based Accel
round_92,Wellington
round_92,Sequoia Capital
round_92,B Capital
round_92,LightStreet
round_92,Sands Capital and International Finance Corporation
round_93,Tiger Global Management
round_94,Sachin Bansal
round_95,Equanimity Ventures
round_96,Korea Investment Partners
round_96,Vertex Ventures
round_97,Sixth Sense Ventures
round_98,Eight Roads
round_99,Prasid Uno Family Trust
round_100,Unilever
round_100,Beehive Capital Advisor
round_100,ABCOM Investments
round_100,Parekh Marine Transport
round_101,Orchid India
round_101,Hornbill Orchid India Fund
round_101,Chiratae Ventures (formerly IDG Ventures)
round_101,3one4 Capital
round_101,Lasmer NV
round_102,Unnamed angel investors
round_103,Lightspeed India Partners
round_104,Milestone
round_105,Supera Pte Ltd
round_106,Kalyan Krishnamurthy
round_107,Sequoia India
round_107,Tiger Global Management
round_107,Accel Partners
round_108,Sixth Sense Ventures
round_109,BAC Acquisitions
round_109,Unifi AIF
round_109,BRD Securities
round_109,Northern R Capital
round_110,New Atlantic Ventures
round_111,021 Capita
round_111,Binny Bansal
round_112,India Quotient and LetsVenture\\xe2\\x80\\x99s Angel Fund
round_113,Sequoia Capital and Temasek Holdings
round_113,EDBI
round_113,"Burda Principal Investments, and Sofina"
round_114,LetsVenture
round_114,PitchRight Venture
round_114,91SpringBoard
round_114,AL Nour International Holdings and Mark V Investments
round_115,DiDi Chuxing
round_116,Sequoia India
round_116,Hillhouse Capital
round_116,Alphabet\\xe2\\x80\\x99s growth investment arm Capital G and Axis Bank
round_117,Iron Pillar
round_117,Perceptive Advisors
round_117,Romulus Capital and Kalaari Capital
round_118,"MASSIF, a Dutch government fund"
round_119,Stellaris Venture Partners
round_120,Steadview Capital and Vy Capital.
round_121,Individual Investors
round_122,Individual Investors
round_123,Omphalos Ventures India LLP
round_124,Info Edge
round_124,AET Fund
round_124,Akatsuki and Incubate Fund from Japan and Better Capital AngelList syndicate.
round_125,Venture Highway
round_125,GREE Ventures
round_125,Space Matrix
round_125,Individual Investors
round_126,Lead Angels Network
round_127,Norwest Venture Partners
round_127,"CDC Group, the UK\\xe2\\x80\\x99s Development Finance Institution and P Surendra Pai"
round_128,Shunwei Capital
round_128,DST Partners and RPS Ventures
round_130,RB Investments
round_130,Singapore
round_131,Tiger Global
round_132,Mayfield Fund
round_133,Stevens Creek Ventures
round_134,Venture Catalysts
round_135,SoftBank Vision Fund
round_136,Sistema Asia Fund
round_136,VC Samsung NEXT
round_136,Chiratae Ventures
round_136,Inventus Capital
round_136,Blume Ventures and Innoven Capital.
round_137,Individual investors
round_138,Teachers Insurance and Annuity Association (TIAA)
round_139,Individual investors
round_140,Stellaris Venture Partners and Kalaari Capital
round_140,Rajan Anandan from Google
round_140,"Dilip Khandwelwal from SAP Labs India, and Amrish Rau from PayU India"
round_141,Lakestar and Jungle Ventures
round_141,Softbank\\xe2\\x80\\x99s DeepCore.
round_142,Paragon Partners
round_142,Individual Investors
round_143,Bertelsmann India Investments
round_144,Prashant Jaiswal
round_145,Cooperative Oikocredit
round_145,Caspian and Hivos-Triodos Fund
round_146,Ravi Viswanathan
round_147,ZigExN
round_148,Credence Family Office
round_149,Sequoia Capital India
round_150,Fosun International
round_151,Sistema Asia Fund
round_151,Sistema JSFC and Tanncam Investment
round_152,DST Global and Lightspeed Venture Partners\\xe2\\x80\\x99 global fund.
round_153,Falcon Edge
round_155,Korea Investment Partners (KIP)
round_155,Samsung and China-based CITIC Capital and others
round_156,Lighthouse
round_157,KDDI\\xc2\\xa0
round_158,Tencent
round_158,Kalaari Capital and Private equity firm Multiples Alternate Asset Management
round_159,Stellaris Ventures & Others
round_160,CLP Holdings Group
round_160,Innogy
round_160,"\\xc3\\x98rstead, and Tenaska"
round_161,InnoVen Capital
round_162,Shunwei Capital
round_162,Quotient
round_162,Mayfield & Others
round_163,Vertex Ventures Southeast Asia (SEA) and India and Sistema Asia Fund
round_163,Fosun RZ Capital
round_163,"Ventureast, and Endiya Partners.\\n\\n"
round_164,Farm To Fork
round_164,Arts Alliance
round_164,The Syndicate Fund
round_164,Sven Hensen
round_164,Zeroth and Artesian Venture Partners
round_165,Axilor
round_165,Sprout Venture Partners and others
round_166,Xiaomi and Sequoia Capital India
round_167,Y Combinator
round_169,Fung Strategic Holdings
round_170,MakeMyTrip Limited
round_171,Vertex Ventures
round_172,Sequoia Capital India Advisors
round_172,Accel Partners and G Raghunandan
round_173,Flipkart
round_174,Nexus Venture Partners
round_174,Prime Venture Partners and Others
round_175,AJ Ventures and Jain International Trade Organisation (JITO)
round_176,Ventureast
round_176,Orios Venture Partners and the IAN Fund
round_177,Nexus Venture Partners
round_177,MGV
round_177,Liquid 2 Ventures
round_177,Hack VC
round_177,Emergent Ventures and Y Combinator
round_179,Denlow Investment Trust and Beenext
round_181,Alteria Capital
round_182,CDC Group plc\\xc2\\xa0
round_183,Hyundai
round_183,Edelweiss and Beenext
round_183,Dream Incubator
round_183,Sunjay Kapoor and Telama Investment
round_184,Xiaomi
round_184,PayU
round_184,Ribbit Capital and Omidyar Network
round_185,Saama Capital
round_185,SRI Capital
round_185,"Beenext, and Pravega Ventures"
round_186,Nexus Venture Partners
round_186,Omidyar Network and Shunwei Capital
round_187,Accel (formerly known as Accel Partners)
round_189,Y Combinator
round_190,Ajay Relan and Vinay Mittal
round_191,MDI Ventures & Telkom Indonesia
round_192,Shunwei Capital
round_192,Tuscan Ventures
round_192,Ashish Goenka
round_192,VC firms India Quotient and Kae Capital
round_193,Info Edge (India) Ltd and Temasek
round_194,Info Edge (India) Ltd
round_195,Insignia Ventures Partners
round_195,Lightbridge Partners & Kairos
round_196,"Avtar Monga, chief operating office at IDFC Bank"
round_196,Aditya Malik & Others
round_197,Venture Catalysts
round_198,ResponsAbility
round_199,Stellaris Venture Partners
round_199,Vy Capital
round_199,"Raghunandan G, and Ramakant Sharma"
round_200,Base of Pyramid Asia (BOPA) Pte Ltd
round_201,Rishi Vasudev
round_201,Excelsior Investments
round_201,Ritesh Vohra
round_201,Praveer Kumar
round_201,Prashant Gupta and Others
round_202,Brand Capital and Others
round_203,Siddharth Agarwal
round_203,Mahavir Sharma
round_203,Amit Singal
round_203,100 Co-founders Lab and others.
round_204,Creation Investments
round_204,Falcon Edge
round_204,Matrix Partners India and Zodius Capital
round_205,Kingsway FCI Fund
round_205,KCK Global & Others
round_206,Omidyar Network & Others
round_207,TPG Growth
round_207,The Rise Fund & Others
round_209,PayU & Others
round_211,AngelList
round_211,Rahul Khanna
round_211,Rajeev Arora and Ram Ramsundar.
round_212,Metaform Ventures
round_212,Hemant Luthra
round_212,Micro venture capital firm GEMS Partners and Others
round_213,Gray Matters
round_214,Fairfax
round_215,Allcargo Logistics
round_215,Navneet Education and Mahavir Agency
round_216,BeeNext
round_216,WEH Ventures and Sprout Ventures
round_217,Ventureast and Exfinity
round_218,Bharat Innovation
round_218,IDFC-Parampara Capital
round_218,Arthavida Ventures
round_218,Jitendra Gupta & Others
round_219,MakeMyTrip
round_220,Lindwall Family Investments LLC (LFI)
round_221,Amazon Alexa Fund & Dentsu Ventures
round_222,IDG Ventures
round_222,Accel Partners
round_222,Kalaari Capital and Others
round_223,TPG
round_223,Norwest Venture Partners
round_223,Sequoia Capital & Matrix Partners
round_224,Kantilal Patel
round_225,Sabre Partners
round_225,Puneet Dalmia & Others
round_226,Aspire Logistics LLC
round_227,Bhairavi Jani
round_227,Alok Divatia
round_227,Namrata Kaul
round_227,Sohail Hashemi
round_227,Aijaz Saleem
round_228,Anil Advani
round_228,Pramod Jain
round_228,Amrendra Reddy and Manish Satnaliwala.
round_229,NB Ventures and Others
round_230,Oman India Joint Investment Fund (OIJIF)
round_231,Sequoia Capital India
round_231,SAIF Partners
round_231,Y Combinator and Venture Highway
round_232,CapitalG
round_232,SAIF Partners and LGT Impact Ventures
round_233,Mumbai Angels Network
round_234,Alpha Capital
round_235,Paragon Partners
round_236,Saama Capital and Sequoia Capital
round_237,Spiral Ventures
round_237,Subho Ray and Samir Kumar
round_238,LetsVenture
round_238,Rajan Anandan
round_238,Basab Pradhan
round_238,Vivek Khare and Bijoy George
round_239,Rannvijay Singha
round_240,Brand Capital
round_241,Helix Investments
round_242,Lighthouse Funds & Thuasne Participations
round_243,Hyperplane Venture Capital and several angel investors
round_244,Menterra Venture & Artha Initiatives
round_245,Shorooq Investments
round_245,LetsVenture & Others
round_246,Accel Partners
round_246,Sequoia India
round_246,Y Combinator and others.
round_247,Sequoia Capital
round_247,Accel Partners & Raghunandan Gangappa
round_248,SoftBank Vision Fund & Info Edge (India) Ltd
round_249,Diageo India
round_250,Equanimity Venture Fund
round_251,One 97 Communications
round_252,Accel Partners
round_252,IDG Venture
round_252,"Endiya Partners, pi Ventures"
round_252,VH Capital
round_252,Axilor Ventures and Binny Bansal
round_253,Undisclosed Existing Investors As Well As The Tamarind Family Trust
round_254,Speciale Invest & Others
round_255,Leo Capital
round_256,Shiva Gunapu & Others
round_257,Unknown High Net-Worth Individuals
round_258,B Capital
round_258,International Finance Corporation (IFC)
round_258,Accel Partners and IDG Ventures
round_259,IL&FS Private Equity
round_259,Kae Capital & Others
round_261,Unitus Ventures
round_261,Behram Vakil and Jerxis Vandrevala
round_262,Rairah Corporation
round_263,Sunil Munjal
round_263,Harsh Mariwala
round_263,Dalip Pathak and Others
round_264,Prime Venture Partners
round_264,Stellaris Venture Partners and Mayur Abhaya Srisrimal
round_265,Blume ventures
round_266,Kalaari Capital
round_266,Unilever Ventures and Blume Ventures
round_267,Credika and unnamed angel investors
round_268,LetsVenture
round_269,RS Shanbag
round_270,Insistor
round_270,Oikocredit
round_271,Ashish Kacholi
round_271,S Chand Group
round_272,Atul Gupta and Saurabh Rastogi
round_273,Amazon
round_273,Ashish Dhawan
round_273,Catamaran Ventures
round_273,NR Narayana Murthy.
round_274,Prashant Mehta
round_274,Mitali Pawar
round_274,Nikhil G and Bhavesh P
round_274,R Ranganathan
round_274,ONCOTRUST and Medintel Services Pvt. Ltd
round_275,Kalaari Capital
round_275,Omidyar Network and Accion Venture Labs
round_276,Amazon Inc. and Mastercard
round_277,Treebo
round_278,IndusAge Partners
round_278,Bill & Melinda Gates Foundation
round_278,Qualcomm Venture
round_278,ABB Technology Ventures
round_278,Omnivore
round_278,Blume Ventures
round_278,Venture Highway and BEENEXT
round_279,Accion Venture Lab
round_279,YourNest Venture Capital And Other Angel Investors
round_280,Exfinity Venture
round_280,Saha fund Partners
round_280,Arihant Patni of Patni Family Office
round_280,Anjali Bansal
round_280,Shardul Amarchand Mangaldas
round_280,Satish Khanna and Taparia family office.
round_281,Subhkam Ventures and Mohit Khadaria
round_282,Vishal Bali
round_282,Yogesh Misra
round_282,Thomas Assessments and others
round_284,ChrysCapital
round_284,Existing investors
round_284,Elevar Equity
round_284,LGT Impact
round_284,Omidyar Network and Kaizen Private Equity also participated in the round
round_285,"Maheshwar Peri, founder and chairman of career information portal Careers360, and Jamshed Jeejeebhoy, director at Byramjee Jeejeebhoy Pvt. Ltd were among the angels"
round_286,Accel Partners
round_286,Tiger Global And Others
round_287,Omidyar Network. Blume Ventures and Professor Shlomo Ben-Haim
round_288,Fireside Ventures
round_289,Matrix Partner
round_289,Amrish Rau
round_289,Investopad
round_289,Digital Currency Group
round_289,Hinduja Group
round_289,Lightspeed India
round_289,Eight Innovate
round_289,Amit Ranjan
round_289,Prashant Malik and others
round_291,Kae Capital Management
round_292,Fundamentum
round_292,SAIF Partners
round_292,Bessemer Venture Partners
round_292,RB investments & Others
round_293,SRI Capital
round_293,Waterbridge Ventures and ThinKuvate
round_294,BlueOrchard Finance Ltd
round_294,Hinduja Leyland Finance and IntelleGrow
round_295,Lok Capital
round_296,Mr. Manoj Prasad
round_297,Rajan Anandan
round_297,Madhusudhan Kannan
round_297,Jayant Kadambi
round_297,Puneet Gupta and Pradeep K Jaisingh
round_298,International Finance Corporation
round_298,Transamerica and others.
round_299,TR Capital
round_300,Shilpa Shetty Kundra
round_301,Pravega Ventures and Beenext
round_302,Line Ventures Corporation
round_302,Line Corp
round_302,Naver
round_302,Shinhan Bank and TS Investment
round_303,Biz Stone
round_303,Kunal Bahl
round_303,Rohit Bansal
round_303,Alagu Periyannan and Karthee Madasamy
round_304,Vidal Healthcare
round_305,Sunil Munjal
round_305,Harsh Mariwala
round_305,Dalip Pathak and Others
round_307,Amazon
round_308,GEMS Advisory
round_308,Alok Mittal and Sachin Bhatia
round_309,Neoplux
round_309,OPPO
round_309,IDG Ventures India
round_309,Kalaari Capital
round_309,GREE Ventures and Summit Media
round_310,Omidyar Network
round_310,Nandan Nilekani
round_310,Blume Ventures
round_310,Helion Venture Partners
round_311,Sequoia Capital
round_311,Maverick Capital Ltd and HBM Healthcare Investments Ltd
round_312,Emery Capital
round_312,Blacksoil and Kalaari Capital
round_313,Bay Capital Investments and Others
round_314,SAR Group
round_315,Bessemer Venture Partners and Orios Venture Partners
round_315,JM Financials and MEMG
round_316,CBA Capital and others
round_317,Sequoia Capital
round_317,SAIF Partners and Kalaari capital
round_318,Baskar Subramanian
round_318,Saket Kumar
round_318,Gaurav Suri and Ankit Kesarwani
round_319,InfoEdge
round_320,Ranjan Pai
round_320,Apoorva Patni
round_320,Beenext Ventures
round_320,GrowX Ventures
round_321,HDFC Life
round_321,HDFC Asset Management
round_322,Sequoia Capital
round_323,Vertex Ventures
round_323,Accel Partners and Saama Capital
round_324,Nexus Venture Partners
round_325,Avendus Finance Pvt. Ltd
round_326,Aegon NV
round_327,State Street Global Advisors
round_328,Trifecta Capital
round_329,HR Fund
round_330,Actis
round_330,Altimeter Capital
round_331,Venkat Subramanian
round_331,"Sudhakar Pennam, and other tech investors from Silicon Valley"
round_332,Matrix Partners
round_332,Bhavish Aggarwal
round_332,Ankit Bhati
round_332,Binny Bansal
round_332,Kunal Shah and Manish Patel.
round_333,SoftBank
round_333,Tiger Global and Apoletto Managers.
round_334,Alteria Capital
round_335,1Crowd
round_335,Ankur Capital
round_336,Amit Burman
round_336,SIDBI Venture Capital
round_337,Pi Ventures
round_337,Axilor Ventures
round_338,Micromax Informatics Ltd
round_339,Jessica Wong
round_339,Hiro Mashita
round_339,Xue Manzi and Yiyun Zhang.
round_340,Insight Venture Partners
round_340,Accel Partners and Tiger Global Management.
round_341,SucSEED Venture Partners
round_342,Endiya Partners
round_343,Kumar Vembu
round_343,Axilor Ventures
round_344,Initia Holdings
round_344,Vipin Agarwal and others.
round_346,Accion Venture Lab
round_346,Unicorn India Ventures and ISME ACE.
round_347,Ratan Tata
round_348,Amit Singhal and Unitus Seed Fund
round_349,Google
round_349,Kae Capital
round_349,IIFL
round_349,Singularity Ventures
round_349,GrowX
round_349,Tracxn Labs
round_349,Venture Catalyst
round_349,Patni family office and Axis Capital.
round_350,Alibaba
round_350,Helion Venture Partners
round_350,Bessemer Venture Partners
round_350,Ascent Capital
round_351,Ant Financials
round_352,Omidyar Network
round_353,CDC Group Plc
round_354,Man Capital LLP
round_354,Girnar Software
round_354,Others
round_355,Bhavesh Manglani
round_355,Suraj Saharan
round_355,Darshan Upadhyay
round_355,Sanjay Notani & Others
round_356,Montane Ventures
round_357,Naspers
round_358,Sandeep Mathur
round_359,Meritech Capital Partners
round_360,Sistema Asia Fund
round_361,British and Indian Governments
round_362,Accel Partners
round_362,Sequoia Capital
round_363,Social Capital
round_364,Fullerton Financial Holdings Pte Ltd & Others
round_365,Bessemer Venture Partners
round_365,Stellaris Venture Partners
round_365,Axis Capital
round_365,Singapore
round_365,Jungle Venture Partners
round_366,Trifecta Capital
round_367,Ashok Kumar Gajera
round_368,Tribe Impact Capital LLP
round_369,Michael & Susan Dell Foundation
round_369,LGT Impact Ventures
round_370,Kalpavriksh
round_371,Axis Capital Partners
round_372,Dewang Neralla
round_372,Mahesh Kothurkar
round_372,Atul Agarwal
round_373,S7 Group
round_374,Michael Patrick Hickey
round_375,Network 18
round_376,Sequoia and Jerry Yang
round_377,Mohammed Khan
round_377,Sameer Narayan & Others
round_378,Hinduja Leyland Finance
round_378,IntelleGrow
round_379,Ankur Capital
round_380,Lightspeed & Yuri Milner
round_381,Wargburg Pincus
round_381,Sequoia
round_382,Blume Ventures
round_382,HealthQuad and Fireside Ventures
round_383,PNC
round_383,Citi Ventures
round_384,Auxano Deals
round_385,Kris Gopalakrishnan
round_385,Pratithi Investment Trust
round_385,MEMG Family Office
round_385,S Gopal
round_386,Dr Devi Shetty
round_387,Startup Buddy
round_387,Amit Manocha and others
round_388,Tencent Holdings Ltd
round_388,Times Internet
round_389,Y Combinator
round_389,Khosla Ventures
round_389,Vy Capital and others
round_390,Unitus Seed Fund
round_391,Recruit Holdings
round_391,Sequoia Capital India
round_391,Accel Partners
round_392,Eight Roads Ventures India
round_393,Claris Capital
round_393,Mumbai Angels Network
round_394,Rohan Agila
round_395,Nederlandse Financierings-Maatschappij voor Ontwikkelingslanden N.V.
round_397,RuNet & Other
round_398,Amazon-Patni JV
round_399,responsAbility
round_399,Elevar Equity and Accel Partners
round_400,Morgan Stanley Private Equity Asia
round_401,Pankaj Chopra
round_401,Ankush Gupta
round_402,Tiger Global
round_402,Y Combinator
round_403,Indian fintech fund
round_403,Rainmatter
round_404,Sunil Kant Munjal
round_404,Hero Electronix\\xe2\\x80\\x99s corporate financing arm
round_404,Electronic Development Fund
round_405,"Goldman Sachs, hedge fund & Others"
round_406,Polaris Fund
round_407,Xiaomi Singapore
round_407,Shunwei Capital
round_408,The Chennai Angels
round_409,Lionrock Capital
round_410,Incubate Fund India
round_410,Anuj Agrawal
round_411,DMI Finance
round_412,Dr. Ranjan Pai
round_413,Unilever Ventures
round_414,LeapFrog Investments
round_414,Aspada Investment
round_414,Quona Capital
round_415,Avendus Finance
round_416,IFMR Capital
round_417,Chennai Angels
round_417,Lead Angels
round_417,LetsVenture
round_418,Pravega Ventures
round_419,RNT Capital
round_420,Ventureast
round_420,Endiya Partners
round_420,Eight Roads Ventures
round_420,Touchstone Equities
round_420,BVR Mohan Reddy
round_421,Blume Ventures
round_422,Shivani Singh
round_422,Rahul Maroli
round_422,Mitesh Shah
round_422,Venture Catalysts
round_422,Alfa Capital
round_422,Green Shots Capital
round_422,Real Time Ventures.
round_423,Accel Partners
round_424,Axilor Ventures
round_424,Newfort Capital
round_426,HDFC Bank
round_426,Axis Bank
round_427,Ventureast
round_428,Scale Minds
round_429,Google
round_430,Hines
round_431,NB Ventures
round_433,Apis Partner
round_433,Eight Roads Ventures
round_433,Bamboo Capital Partners
round_434,Lightbox
round_435,Eduardo Saverin
round_436,Kalpvriksh
round_437,Somerset Indus Capital Ventures
round_438,IDG Ventures
round_439,Tiger Global
round_440,Singapore Angel Network
round_440,Mumbai Angel
round_441,Village Capital
round_442,Village Capital
round_443,Aamir Khan
round_444,HT Media
round_445,Hyderabad Angels
round_446,Accel Partners
round_447,Munesh Khanna
round_448,Canaan Partners
round_449,Rakesh Jhunjhunwala
round_450,Bessemer Venture Partners
round_451,Mohan Tanksale
round_451,Kiran Shetty
round_451,Darshak Shah
round_451,Mandar Mhatre
round_452,RB Investments
round_453,Matrix Partners
round_454,RoundGlass Partners LLC
round_455,Accel Partners
round_455,Sequoia Capital
round_455,RB Investments
round_456,Mumbai Angels Network
round_457,Mountain Pain Capital
round_457,Suncoast Investments
round_459,InsuResillience Investment Fund
round_460,Costanoa
round_460,Learn Capital
round_460,Jyoti Bansal
round_461,Unilever Ventures
round_462,Swati Gupta
round_462,Purnima Khandelwal
round_462,Maheshwar Peri
round_462,Sanjay Singh
round_463,Axilor Ventures
round_463,E-City VEntures Atul Goel
round_464,"""Kedaraa Capital"
round_464,"Ontario Teachers\\'"""
round_465,Omidyar Network
round_466,Ambarish Gupta
round_466,Aneesh Reddy
round_466,Bold Ventures
round_466,Vona Investments
round_467,Venture Catalysts
round_468,Eight Roads Ventures India
round_469,Gaurav Gupta
round_470,Jones Lang LaSalle
round_471,Manish Poddar
round_471,Arun Garg
round_471,Parmeshwar Sharma
round_472,CIO Angel Network
round_473,Jayant Humbarwadi
round_475,Kae Capital Management
round_475,Nazara Technologies
round_476,Venture Catalysts
round_477,IDG Ventures India
round_478,IDG Ventures India
round_479,Alok Mittal
round_479,Deepak Jain
round_479,Ritesh Malik
round_479,Jim Schimdktke
round_480,Infosys co-founder Kris Gopalakrishnan
round_481,Matrix Partners India
round_481,Khosla Ventures
round_482,Titan Co Ltd
round_482,Tata Group\\xe2\\x80\\x99s watch and jewellery retailing firm
round_483,Lumis Partners
round_484,Quona Capital Management
round_485,Pioneering Ventures
round_485,Syngenta AG
round_486,Axilor Ventures
round_486,Kumar Vembu
round_487,Info Edge
round_488,Matrix Partners
round_489,IDG Ventures
round_489,IDFC-Parampara Fund
round_490,Singtel
round_490,Innov8
round_490,Harmony Partners
round_491,Wipro Consumer Care
round_492,Accel Partners
round_493,GAIL India Ltd
round_494,Vertex Ventures
round_496,Rugmini Menon
round_497,Omidyar Network
round_498,Girish Mathrubootham
round_498,Apurva Chamaria
round_498,Rohit Chanana
round_499,Nishit Sharma
round_499,Alok Srivastava
round_501,SSCBS Innovation
round_501,Incubation Foundation (SIIF)
round_502,Z Nation Lab
round_503,Skycatcher Fund
round_503,Aravind Sanka
round_504,Notion Capital
round_504,IDG Ventures
round_505,1Crowd
round_506,Vida Ventures
round_506,Dr. Aniruddha Malpani
round_507,Sabre Partners
round_507,MEMG CDC
round_508,Paytm
round_509,Global Institutional Investors
round_510,Axilor Ventures
round_511,Sandeep Aggarwal
round_512,Uniliver Ventures
round_513,Javelin StartupO Victory Fund
round_515,Amit Patni
round_516,Sixth Sense Ventures
round_517,Gaja Capital
round_518,IFMR Capital
round_519,NB Ventures
round_519,MediAssist
round_520,Matrix PArtners
round_520,Accel
round_521,Startup Buddy
round_521,Apurva Chamaria
round_521,Sachin Arora
round_521,Bharat Gupta
round_521,Amit Manocha
round_522,Venture Catalysts
round_523,Tencent
round_523,Softbank Group
round_524,Digital Garage
round_525,Sprout Angels
round_526,Flipkart
round_527,Blume Ventures
round_527,IDG Ventures & Indian Angel Network
round_528,Globevestor
round_529,Sequoia India
round_529,Helion Venture Partners
round_529,Beenext
round_530,Carpediem Capital
round_531,Epsilon Venture Partners
round_531,Tara India Fund IV and others
round_532,Das Capital
round_532,Axan Partners
round_532,Das Capital and IT Farm
round_533,Das Capital
round_533,Simile Ventures
round_534,Daffodil Software
round_535,Firoze Irani
round_535,Vipul Parekh
round_535,Ananda Kallugadde
round_535,Rajesh K Murthy
round_536,Shailesh Haribhakti
round_537,Aequs Group
round_538,Orient BlackSwan
round_539,Rahul Agarwalla
round_539,Keshav Sanghi
round_539,Batlivala & Karani Securities
round_540,Multipoint Capital
round_541,Saama Capital and DSG Consumer Partners
round_542,SAIF Partners
round_542,YCombinator
round_542,Venture Highway
round_543,KStart Capital
round_545,Wellington Management
round_545,DG Ventures India
round_545,True North
round_546,Vida Ventures
round_546,Snehal Mantri
round_546,Anshu Bahadur
round_547,Tiger Global Management
round_548,Xiaomi Technologies
round_548,Shunwei Capital
round_549,Amicus Capital
round_550,Accel Partners
round_550,Zephyr Peacock
round_551,Experian
round_552,Nexus
round_552,GREE Ventures
round_553,Innoven Capital
round_555,SAIF Partners
round_555,Helion Ventures
round_555,FIL Capital Management
round_556,DSG Consumer Partners
round_556,Sequoia Capital
round_556,Saama Capital
round_557,IFMR Capital
round_558,Rockstart Accelerator
round_559,Indian Angel network
round_559,IAN Fund
round_560,Venture Catalysts
round_561,Matrix Partners India
round_561,WaterBridge Ventures
round_561,Whiteboard Capital
round_561,Sarbvir Singh
round_562,Blume Ventures
round_562,Indian Angel Network
round_563,Greenfield Advisory
round_564,Abhishek Bhatewara
round_564,Vivek Shah
round_564,Haitong Securities
round_564,Suraj Saharan
round_564,Paras Arora
round_565,Hunch Ventures
round_565,Spiral Ventures
round_565,500 Startups
round_565,Singapore Angel Network
round_565,Citrus Payments
round_566,Helion Ventures Partners
round_567,Kotak Mahindra Bank
round_568,Incubate Fund
round_568,Sandesh Kirkire
round_568,Anand Kumar
round_568,Yogesh Chaudhary
round_569,Y Combinator
round_570,ANI Technologies Pvt. Ltd
round_571,Mahindra & Mahindra and Infuse Ventures
round_572,TannCam Investment & Sistema Asia Fund
round_573,IL&FS
round_573,Trust Capital
round_573,Rosy Blue Securities
round_573,Radhakrishan Damani and Rakesh Jhunjhunwala
round_574,YourNest Angel Fund
round_575,Stellaris Venture Partners
round_575,Mayur Abhaya
round_575,Rohit MA
round_576,InfoEdge
round_577,Accel Partners
round_577,Exfinity Ventures
round_577,Partech Ventures
round_578,SRI Capital
round_578,BeeNext
round_578,Pravega Ventures
round_579,Michael and Susan Dell Foundation
round_579,Anand Mahindra
round_580,Bertelsmann India
round_580,Mayfield Capital
round_580,Saama Capital
round_580,Darrin Capital
round_581,HIS Co. Ltd
round_581,MakeMyTrip
round_582,Sequoia Capital India
round_582,Artiman Ventures
round_583,International Finance Corporation (IFC)
round_583,Inventus Capital Partners
round_583,Accel Partners
round_583,"Kalaari Capital, and Nandan Nilekani"
round_584,Matrix Partners
round_585,V Balakrishnan.
round_586,SoftBank Group
round_586,Sequoia Capital India
round_586,Lightspeed Venture Partners
round_586,Greenoaks Capital
round_586,Hero Enterprise
round_587,IFMR Capital
round_588,Fireside Ventures
round_589,RPG Enterprises
round_590,Triodos Investment Management
round_591,Venture Highway
round_591,Alok Mittal
round_591,Mohit Agarwal
round_591,Anuj Gupta
round_592,Warburg Pincus
round_593,Sachin Tendulkar
round_593,P.V SIndhu
round_593,Pullela Gopichand
round_594,Raman Roy
round_594,Arvind Uppal
round_594,Sonu Bhasin
round_594,G Ravishankar
round_596,WRV Capital
round_596,Qualcomm Ventures
round_596,Edelweiss Private Equity
round_596,Artiman Ventures
round_597,IAN Fund
round_597,Beenext
round_597,Indian Angel Network
round_598,Anand Chandrasekaran
round_598,Apurva Chamaria
round_598,Ritesh Malik
round_598,Ashish Toshniwal
round_598,Ajeet Khurana
round_599,Accel Partners
round_600,China Lodging Group
round_601,Sequoia Capital India
round_601,SAIF Partners
round_601,Nexus Venture Partners and Blume Ventures
round_602,Chennai Angels
round_602,Keiretsu Forum & Others
round_603,Rohit Nanda
round_603,Rajit Nanda
round_603,Smarak Bhuyan
round_603,Sashwat Brahma
round_604,ECL Finance
round_605,Y Combinator
round_606,Rising Stars
round_606,Manish Amin
round_606,Pallav Pandey
round_606,Chavi Jafa
round_607,DSG Consumer Partners
round_607,Saama Capital
round_608,Shamik Sharma
round_608,Aprameya Radhakrishna
round_609,Susquehanna Growth Equity LLC
round_611,Incofin Investment Management.
round_612,AdvantEdge
round_613,Sandway Investment Ltd
round_613,Pearl Brook Holdings
round_613,Silo Holdings and Al Nour
round_614,LG Chandrasekhar
round_615,InnoVen Capital India
round_616,InnoVen Capital
round_617,AV Thomas Group
round_618,Vertex Ventures
round_618,Prime Venture Partners.
round_619,Zomato Media Pvt. Ltd
round_620,Beenext
round_621,Battery Road Digital Holdings LLC
round_622,Mehul Shah
round_623,Kae Capital
round_624,Rajan Anandan
round_624,Jamil Khatri
round_624,Ravi Iyer
round_624,Raghav Bahl
round_625,Aniruddha Malpani
round_625,Startup Oasis
round_626,IL&FS Investment Managers
round_626,Omidyar Network.
round_627,Capillary Technologies
round_627,Whiteboard Capital
round_627,YourNest Angel Fund
round_627,Rajul Garg
round_628,Blume Ventures
round_628,Goldbell Group
round_628,Anurag Srivastava
round_628,Shailesh Rao
round_628,Amiya Pathak
round_628,Rajesh Yohanan and Rahul Garg
round_629,Rivergate Capital
round_630,LetsVenture
round_631,Keiretsu Forum
round_632,Kae Capital
round_633,Triton Investment Advisors
round_634,Kashyap Deorah
round_634,Anand Sankeshwar
round_634,Deepak Jain
round_634,Sadashiva NT
round_634,Arjun Mehta
round_634,Satish Kaul
round_634,Anindya Ghose
round_635,Kunal Shah
round_635,LetsVenture
round_635,Anupam Mittal
round_635,Hetal Sonpal
round_636,Narottam Thudi
round_636,Shireesh Palle
round_637,Cismat Cargo Services Pvt. Ltd.
round_638,Rajasthan Angel Investor Network
round_639,DSG Consumer Partners
round_639,Eight Roads Ventures India
round_640,SIDBI
round_641,JSW Ventures
round_642,Anuj Puri
round_642,Redcliffe Capital
round_642,Artha India Ventures
round_642,Siddharth Kothari
round_642,Apoorv Ranjan Sharma
round_643,R. Jayakumar
round_643,Vaibhav Vohra
round_643,Aditya Vazirani
round_643,Rhea Vazirani
round_643,AVN Business Solutions
round_643,Dreamweaver Investments
round_644,Anicut Capital
round_646,Rahul Dev Kumar
round_646,Rajesh Mahajan
round_646,Ankit Sharma and others
round_647,Venugopal Dhoot
round_647,Ajay Bhatia
round_647,Tarun Khandelwal
round_647,Ganpat Singhvi
round_647,Mandhian family & Others
round_648,Factor[e] Ventures
round_649,Tom Varkey
round_650,Incubate Fund
round_650,Sanjay Shenoy
round_650,Mridul Upreti
round_651,Softbank
round_652,Nazara Games
round_653,Tekne Capital Management
round_654,Bennett
round_654,Coleman and Company Ltd (BCCL)
round_655,InCred Finance
round_655,Fullerton India Credit Company Ltd
round_656,InCred
round_656,Krishnakumar Natarajan
round_656,Ravi Bhardwaj
round_657,Green Visor Capital LP II
round_657,IA Venture Strategies Fund II LP
round_657,Boillot Family Trust
round_657,Russell M Byrne
round_657,The Oliver R. Grace
round_657,Jr. Millennium Trust
round_657,SF Capital Investments LP
round_658,Abhinav Gupta
round_659,IDG Ventures
round_660,Undisclosed HNI\\xe2\\x80\\x99s
round_661,iSquare Global
round_662,Social Alpha
round_662,Rajan Anandan
round_662,Rajeev Ahuja
round_662,Kshitij Arora
round_663,Blume Ventures. Lenovo Capital and Incubator Group (LCIG)
round_664,Riverwood Capital
round_664,Sequoia Capital India
round_664,Nexus Venture Partners
round_664,Tenaya Capital
round_665,Fireside Ventures
round_666,IIT Ropar
round_666,Imanpreet Singh Arora
round_666,Sidharth Rozario
round_666,Saurabh Abichandani
round_666,Shikhar Gupta
round_667,Haresh Chawla
round_668,JS Capital Management
round_668,Social Capital
round_668,Horizons Ventures
round_669,VAMM Ventures
round_669,Raksul
round_669,Dena
round_670,PBS Srinivas
round_670,Vinod Martin
round_671,Sistema Asia Fund
round_671,C31 Ventures
round_671,Qualgro.
round_672,Accel Partners
round_672,IDG Ventures
round_672,Kalaari Capital
round_672,\\xc2\\xa0 UC-RNT fund
round_673,"idal Health, growx ventures"
round_673,Capier Investments
round_673,Globevestor & others
round_674,Small Industries Development Bank of India (SIDBI)
round_675,Ward Ferry Management and Karst Peak Capital
round_676,Sequoia India
round_676,Sofina s.a.
round_676,Zodius Capital
round_676,Kris Gopalakrishnan
round_676,Lakshmi Narayanan
round_677,Reliance Corporate Advisory Services Ltd
round_678,Infuse Ventures
round_678,JLL
round_679,Asset Management (Asia) Ltd
round_679,Digital Garage Inc
round_680,Kalaari Capital
round_680,Nexus India Capital Advisors
round_681,International Finance Corporation
round_681,Rocketship
round_681,Accel Partners
round_681,Jungle Ventures
round_681,Shailesh Rao
round_681,Venture Highway
round_682,BCCL
round_683,Blume Ventures
round_683,Contrarian Capital India Partners
round_683,Emergent Ventures India
round_683,Pallav Nadhani
round_683,Ashish Gupta
round_683,Sharad Sharma
round_683,Sirion Labs
round_685,India Quotient
round_685,Shunwei Capital
round_686,Sreeram Iyer
round_686,Suvo Sarkar
round_686,Anita Gupta
round_686,Likemind Ventures
round_687,Mitsui & Co.
round_688,Dunamis Ventures Pte Ltd
round_689,Venture Catalysts
round_689,Sourav Ganguly
round_689,Ankit Aditya
round_689,Moksh Sports Ventures
round_690,Fireside Ventures
round_690,Apurva Salarpuria
round_690,Sidharth Pansari
round_690,Sprout Capital
round_691,SBI-FMO Fund
round_691,Bessemer Venture Partners
round_691,Catamaran Ventures
round_692,Corvus Ventures
round_692,MAPE Advisory Group
round_693,500 Startups
round_693,Purvi Capital
round_693,Rajan Anandan
round_693,Abhishek Gupta
round_694,Indian Angel Network
round_695,Brigade Innovations LLP
round_695,TV Mohandas Pai
round_695,Suhail Rahman
round_695,Bobby Reddy
round_695,M George Oommen
round_696,Blacksoil Capital Pvt. Ltd
round_697,Sequoia Capital
round_697,Grey Orange
round_697,Rajesh Ramaiah
round_697,Anshuman Das
round_697,Rishi Das
round_698,IDG Ventures India Advisors
round_698,Jungle Ventures
round_699,One97 Communication Ltd
round_700,Uber Technologies Inc
round_700,Amaya Capital LLP
round_701,Xelpmoc
round_702,Kae Capital
round_703,ain Capital Ventures
round_703,Renaud Laplanche
round_704,Francesco Cara
round_705,ABI-Showatech (India) Ltd
round_706,Kae Capital
round_706,M&S Partners
round_707,Subramani Somasundaram
round_707,Sundeep Sahni
round_707,Mayank Mittal & Others
round_708,Harmeet Bajaj
round_708,Pameela P
round_708,Fusiontech Ventures & Others
round_709,Sunil Kalra
round_709,Aditya Singh
round_709,Rishi Srivastava
round_709,Rajan Anandan
round_710,Blume Ventures
round_710,NB Ventures
round_710,Nspira
round_711,Stellaris Venture Partners
round_712,Tencent Holdings
round_713,Yuvraj Singh
round_714,Goldman Sachs
round_715,Indian Angel Network
round_715,Anand Mahindra
round_716,HBM Healthcare Investments
round_716,Maverick Capital Ventures
round_716,Sequoia India
round_716,Omidyar Network and Kae Capital
round_717,Amen Dhyllon
round_718,Info Edge (India) Ltd
round_719,RoundGlass Partners
round_720,Grace Grace Techno Ventures LLP
round_720,Rajul Garg & Other undisclosed investors
round_721,TVS Motor Company
round_722,Emerging India
round_723,lockchain ecosystem Global Advisors
round_723,Horseferry
round_724,Blume Ventures
round_724,Indian Angel Network
round_724,Kunal Shah
round_724,Sandeep Tandon
round_725,Arun Patodia
round_725,Bharat Kedia
round_726,500 Startups
round_726,IvyCap Ventures
round_727,Blume Ventures
round_728,Harsh Mahajan
round_728,Farhan Naqvi
round_728,Sreepathy Viswanathan
round_729,Sundaram Finance Holdings
round_730,SBI (Stand Up India Scheme)
round_731,WaterBridge Ventures
round_732,SQue Capital
round_733,Bodhtree Consulting Limited
round_734,Norwest Venture Partners
round_735,Norwest Venture Partners
round_736,Mohan Alexander
round_736,R. Natarajan
round_736,Vikrant Varshney
round_736,Amit Sinha
round_737,Pawan Borle
round_737,Nirmal Singh
round_737,Manish Prasad
round_737,Vineet Varma
round_737,Nick Haulkoury
round_737,Abhai S. Rao
round_738,Dr Ramesh Ayyala
round_738,Satya Muthyala
round_739,Cao Yibin
round_739,Huang Wei
round_739,Madhusudan E
round_740,Yes Bank
round_741,Unicorn India Ventures
round_741,Venky Krishnakumar
round_741,Suresh Shankar
round_741,Vivek Bhargava
round_742,Venture Catalysts
round_742,Alfa Capital
round_742,Green Shots Capital
round_742,Real Time Ventures
round_743,Artha India Ventures
round_743,Singularity Holdings
round_743,Rajan Anandan
round_743,Girish Mathrubootham
round_744,Transamerica
round_745,Nexus Venture Partners
round_745,Founders Fund
round_746,Nexus Venture Partners
round_746,Omidyar Network
round_747,Fairfax Holdings
round_748,Tekne Capital Management LLC
round_749,RB Investments
round_751,Sequoia India
round_751,NEA
round_751,Prime Venture Partners
round_752,Nexus Venture Partners
round_752,Mekin Maheshwari
round_753,Mohammed Khan
round_753,Sameer Narayan & Others
round_754,Alphard Maritime Group
round_755,Cross Border Angels & Experts
round_755,Rajasthan Angel Innovators Network
round_755,The Chennai Angels
round_756,YouWeCan Ventures
round_757,BLIP Initiatives
round_758,Eight Roads Ventures
round_759,Lightspeed India Partners
round_759,Endiya Partners
round_759,3one4 Capital Advisors LLP
round_759,Startupxseed Ventures LLP
round_760,91maker.com
round_761,Paytm
round_762,IIFL Seed Ventures
round_762,Kae Capital
round_762,FJ Labs
round_762,Singularity Ventures
round_762,GrowX
round_762,Tracxn Labs
round_762,Axis Capital
round_763,Manipal Education and Medical Group (MEMG)
round_763,SAR Group
round_763,The Grover Trust
round_764,iBhubs
round_765,UC-RNT Fund
round_765,"Matrix Partners, alcon Edge Capital"
round_765,DSG Consumer Partners
round_766,Sequoia Capital
round_767,General Catalyst
round_767,Founder Collective
round_768,Endiya Partners
round_768,Ventureast
round_769,Mekin Maheshwari
round_769,Bharat Vijay
round_769,Krish Seshadri
round_769,Amar Arsikere
round_770,Kae Capital
round_770,India Quotient
round_770,"IFMR, and MAS Financial Services Ltd"
round_772,Mohit Srivastav
round_772,Kishore Ganji
round_772,Venkat Vallabhaneni
round_772,Rajeev Menon
round_773,Naspers
round_774,Seedfund
round_774,RB International
round_775,Snow Leopard Ventures
round_775,Alto Partners
round_776,Gujarat Venture Finance Ltd
round_777,The Chennai Angels
round_777,Anthill Scale Ventures
round_777,Esvee Technologies Inc
round_777,Inc95 Consulting
round_778,Aparup Sengupta
round_778,Devendra Reddy
round_779,Kalaari Capital
round_779,Udayan Goyal
round_780,SAP.iO
round_780,Unilazer Ventures
round_781,Abhinav Bindra
round_781,Gaurav Marya
round_782,Zeta
round_784,Vy Capital
round_784,SAIF Partners
round_784,Accel Partner
round_784,Bessemer Venture Partners
round_785,Clairvest Group
round_786,International Finance Corporation
round_787,Hyderabad Angels
round_788,Accel Partners
round_788,Nandan Nilekani
round_789,Dutch government fund
round_791,Falcon Edge Capital
round_791,\\xc2\\xa0 Capital Advisers
round_793,Asuka Holdings
round_793,YouWeCan Ventures
round_793,Beenext
round_793,Beenos
round_793,M&S Partners
round_794,Nimit Panigrahi
round_795,Hinduja family
round_796,50K Ventures
round_797,Accel Partners
round_798,Rainmatter
round_799,Rainbow Digital Services Pvt. Ltd
round_799,ILearnFinance Academy Pvt. Ltd.
round_800,Indian Angels Network
round_800,LetsVenture
round_801,Deepak Nathani
round_802,Ajay Relan
round_802,LetsVenture
round_803,Vertex Ventures
round_803,C31 Ventures
round_804,Trifecta Capital Advisors LLP
round_804,Prathithi Investment Trust
round_804,RNT Capital
round_804,Gokul Rajaram
round_804,Aditya Agarwal
round_804,Ruchi Sanghvi & others
round_805,Satoshi Studios
round_806,Anand Chandrasekaran
round_807,Luxasia Group
round_808,GVFL
round_808,Unicorn India Ventures
round_809,Vellayan Subbiah
round_809,Jonathan Boutelle
round_809,Rajan Anandan
round_809,\\xc2\\xa0 Rahul Chawla
round_809,Salil Donde
round_809,Amit Ranjan
round_809,Govind Rajan & Others
round_810,Times Internet
round_810,GVFL
round_811,InnoVen Capital
round_812,1Crowd
round_813,Varsha Rao
round_813,Surojit Chatterjee
round_813,Nirav Choksi & Others
round_814,DG Ventures India
round_814,Dewan Housing Finance Corp
round_815,Chirag Nikunj Sheth & Others
round_816,Aakrit Vaish
round_816,Swapan Rajdev
round_816,Sushill Jiwarajka
round_817,Impanix Capital
round_818,GEMs
round_819,Infibeam
round_819,CCavenue
round_821,IdeaSpring Capital
round_822,Kstart Capital
round_823,SAP
round_824,Innovations East
round_825,Rocketship
round_827,Jungle Ventures
round_828,Ayesha Takia Azmi
round_828,Abu Farhan Azmi
round_829,Dr. Ritesh Malik
round_830,SoftBank Group
round_831,Dheeraj Pandey
round_831,Rajesh Yohannan
round_831,Akash Garg
round_832,Ankur Capital
round_832,Hyderabad Angels
round_833,Gokaldas Exports Ltd
round_834,Fosun International
round_835,JLL
round_835,1Crowd
round_836,Eagle10 Ventures
round_837,Lightspeed Venture Partners
round_837,Vy Capital
round_838,Ratan Tata
round_838,Nandan Nilekani
round_838,Uday Kotak
round_838,Vijay Shekhar Sharma
round_838,Kiran Mazumdar-Shaw
round_838,Rajiv C Mody
round_839,Trifecta Capital
round_841,Blue Orchard
round_842,Lahiri Music\\xe2\\x80\\x99s family office
round_844,PV Sahad
round_844,Sandeep Shroff
round_844,Rahul Gupta
round_846,Carpediem Capital
round_847,Matrix Partners
round_849,Soma Capital
round_849,Great Oaks Ventures
round_849,122 West Ventures
round_850,Nasper
round_850,Accel India
round_850,SAIF Partners
round_850,Bessemer Venture Partners
round_850,Harmony Partners
round_850,Norwest Venture Partners
round_851,Rohto Pharmaceutical
round_852,Lightspeed India Partners
round_852,Waterbridge Ventures
round_853,Mathew Cyriac
round_853,Florintree Advisors
round_854,Bertelsmann India
round_855,Matrix Partners India
round_856,Quadria Capital Advisors
round_857,Rohitash Gupta
round_858,Unicorn India Ventures & Others
round_859,Aspada Investments
round_860,Bessemer Venture Partners
round_861,Stellaris Venture Partners
round_861,Helion Venture Partners
round_861,Powerhouse Ventures
round_861,Gokul Rajaram
round_861,Girish Mathrubootham
round_861,Aneesh Reddy
round_861,Vispi Daver
round_862,Kalaari Capital
round_862,Norwest Venture Partners
round_863,Keyur Joshi
round_863,Pavan Bakeri
round_864,Koen Bouwers
round_864,Lomesh Agarwal
round_864,Jeroen Mensen
round_864,Pablo van den Bosch & Others
round_865,Deepak Kulkarni
round_865,Sandeep Pangal
round_866,Zephyr Peacock India
round_867,FreakOut Group
round_867,Blume Ventures
round_867,Herb Madan
round_867,WaterBridge Ventures
round_868,Mahindra Partners
round_868,Eight Roads Ventures
round_868,F-Prime Capital Partners
round_869,Accel Partners
round_869,Shunwei Capital
round_870,YouWeCan Ventures
round_871,Paytm
round_872,Ishwar Singh
round_872,Farhaan Shabbir
round_873,Bessemer Venture Partners
round_873,Orios Venture Partners
round_873,Trifecta Capital
round_874,Labruyere Eberl\\xc3\\xa9
round_875,Lightspeed India Partners
round_875,Blume Ventures
round_875,CyberAgent Ventures
round_875,GrowX Ventures
round_875,IMJ Investment Partners
round_876,Rajan Anandan
round_876,L.D Sharma
round_876,Saurabh Arora
round_877,Mahindra and Mahindra Financial Services
round_878,Accel Partners
round_878,Nandan Nilekani\\xe2\\x80\\x99s NRJN Trust
round_878,Mistletoe
round_878,Qualcomm Ventures
round_878,M&S Partners
round_879,Philippe Bouchet
round_880,Sushil Kumar
round_880,Sandeep Singh
round_881,Ivycap Ventures Advisors
round_881,Singularity Ventures and Ravi Dhariwal
round_882,Mayfield
round_882,Nishant Rao
round_882,Dileep Nath
round_883,DHI Group Inc
round_883,Prime Venture Partners
round_883,Beenext
round_883,Beenos
round_883,Digital Garage
round_883,BizReach
round_884,Blume Ventures
round_884,Contrarian Capital
round_884,91springboard
round_884,Emergent Ventures
round_884,Abstract Ventures
round_884,Anthill Ventures
round_884,Axilor Ventures
round_885,MAPE Advisory Group
round_885,R Ramaraj
round_885,Corvus Ventures
round_886,Z Nation Lab
round_887,Redcliffe Capital
round_888,Urrshila Kerkar
round_889,SIMI Pacific Pte
round_890,mall Industries Development Bank of India (SIDBI)
round_891,Tolaram Inc
round_891,Mountain Pine Capital
round_892,Benori Ventures LLP
round_893,Jacqueline Fernandez
round_894,Nibhrant Shah
round_894,Anandbir Singh
round_894,Anirudh Sheth
round_894,Pratik Singhi
round_894,Vikram Mehta
round_894,Murali Nair
round_895,Gaurav Kachru
round_895,Sundeep Singh Sahni
round_895,Jatin Aneja
round_895,Arun Malhotra
round_896,Village Capital
round_897,Anicut Capital
round_898,IndiaNivesh Venture Capital Fund
round_899,Ideaspring Capital
round_900,Exfinity Venture Partners
round_902,SIDBI Venture Capital Ltd
round_902,Kalaari Capital
round_903,Ankit Nagori
round_904,Ravi Garikipati
round_904,Surot Chatterjee
round_904,Ashish Agrawal
round_904,LG Chandrasekhar
round_904,Sashi Reddi
round_905,Ligthbox Ventures II
round_905,Lightbox Expansion Fund
round_905,Sequoia Capital India
round_905,RuNet South Asia
round_905,RB Investments
round_906,SoftBank Vision Fund
round_906,Lightspeed Venture Partners
round_906,Sequoia Capital India Advisors
round_906,Greenoaks Capital Partners
round_907,WGG International
round_908,pi Ventures
round_908,Axilor Ventures
round_908,500 Startups
round_908,Binny Bansal
round_909,Arun Tadanki
round_909,Aditya Verma
round_910,Trifecta Capital
round_911,Sequoia India
round_912,Times Internet
round_912,Matrix Partners
round_913,DAH Beteiligungs GmbH
round_914,S. Xavier Britto
round_915,Trifecta Capital
round_916,Orios Ventures Partners
round_916,Team Builder Ventures
round_916,Omidyar Networks
round_917,Agnus Capital
round_917,Khattar Holdings
round_918,GardX International
round_919,Cross Border Angels & Experts
round_920,BlackSoil Capital Pvt. Ltd
round_921,Accel Partners
round_922,Poshika Financial Ecosystem
round_923,NB Ventures
round_924,SoftBank Group Corp
round_925,Sequoia Capital India
round_926,Calcutta Angels Network (CAN)
round_926,Augment Ventures
round_927,Vishwadeep Bajaj
round_927,Harsh Kundra
round_927,Nandkumar Rane
round_927,LN Buddharaju
round_927,Anupam Tyagi
round_928,Ventureast
round_928,Endiya Partners
round_928,Eight Roads Ventures
round_928,F-Prime Capital Partners
round_929,Ideaspring Capital
round_930,Lightspeed Venture Partners
round_931,Langoor
round_932,Quona Capital
round_933,Chandigarh Angels Network
round_933,Social Alpha and other unnamed angel investors
round_934,Bhupen Shah
round_934,Jayesh Parekh
round_934,Sanjay Sathe
round_935,Sandeep Aggarwal
round_935,Gautam Chhaochharia
round_935,R Balachandar
round_936,Bennett
round_936,Coleman and Company Ltd
round_937,Undisclosed angel investors
round_938,Alibaba
round_939,CDC Group Plc
round_940,Atul Nishar
round_941,Aneesh Seth
round_941,Tushar Mittal
round_942,SIDBI Venture Capital Fund
round_943,Accel Partners
round_944,Star India Pvt Ltd
round_945,IDFC Parampara Early Stage Opportunities Fund
round_946,National Science and Technology Entrepreneurship Development Board
round_947,IDG Ventures India
round_947,Michael & Susan Dell Foundation
round_947,Draper Associates
round_947,Unitus Seed Fund
round_948,Private Sector Banks (Debt Funding)
round_949,IDG ventures
round_949,Axilor Ventures
round_949,Emergent Ventures
round_949,Indian Angel Network
round_950,Y Combinator
round_951,Kae Capital
round_951,SEGNEL Ventures
round_952,Deepak Gurnani
round_953,Times Internet Ltd
round_954,Indian Angel Network
round_955,Singapore Angel Network
round_956,Ideaspring Capital
round_957,Asuka
round_957,Pravega Ventures
round_957,BEENEXT
round_958,Cyber Carrier
round_959,Florintree
round_959,Mathew Cyriac
round_959,Chidambaram Palaniappan
round_959,Bharat Sheth
round_961,IDG Ventures
round_961,Blume Ventures
round_961,Saha Fund
round_962,Puneet Gupta
round_962,Nimitt Desai & Others
round_963,GREE Ventures
round_963,Kalaari Capital and IDG Ventures India
round_963,Summit Media
round_963,"Atul Goel, and Gurpreet Singh"
round_964,Sujeet Kumar
round_964,Bhupender Singh
round_964,Yashish Dhaiya
round_965,Indian Angel Network
round_966,"Microsoft, eBay"
round_966,Tencent Holdings
round_967,Kalaari Capital
round_967,Rakesh and Rajesh Jhunjhunwala
round_968,L\\xe2\\x80\\x99Occitane
round_969,Shripad Nadkarni
round_969,Nandu Nandkishore
round_970,Ravi Saxena
round_970,Sandeep Raju
round_971,Sequoia Capital
round_971,Kinzon Capital
round_972,FTV Capital
round_972,Zodius Capital
round_973,Ojas Ventures
round_974,Mahavir Sharma
round_974,Vishal Jain
round_974,Rohit Sethi
round_974,Gaurav Luniya
round_975,Carlyle Group
round_975,Tiger Global
round_976,Vikas Bajaj
round_976,Amit Kharbanda
round_977,Venture Catalysts
round_978,3one4 capital
round_979,Brand Capital
round_981,Ankit Gupta
round_981,Puneet Motihar
round_982,KStart Capital
round_983,Verlinvest
round_984,Mayfield India
round_984,3one4 Capital
round_984,Sistema Asia Fund
round_984,Neoplux Technology Fund
round_985,Vinod Martin
round_985,Hemant Kaul
round_985,Prof. Ram Kumar Kakani & Others
round_986,JSW Ventures
round_986,VenturEast
round_987,Meher Roy
round_987,Nikhil Arora
round_987,Meet Kanodia
round_987,Krit Sankalp
round_987,Nitish Singh
round_987,Risabh Gupta
round_988,Om Chaudhry
round_989,Malini Patel
round_989,Stelcore Management Services
round_989,Anjani Prasad
round_990,Samridhi Fund
round_991,Trifecta Capital
round_992,Intex Technologies
round_993,Satveer Thakral
round_993,LetsVenture
round_993,Mumbai Angels
round_994,B Capital Group
round_994,Ignition Partners
round_994,"Greycroft, e.ventures"
round_994,\\xc2\\xa0 Eight Roads Ventures
round_996,Satya D Sinha
round_996,Gyanendra Singh
round_997,IFMR Capital Finance
round_998,Jaarvis Accelerator
round_999,Batlivala & Karani Securities
round_999,Venture Works
round_1000,RB Investments
round_1000,SAIF Partners
round_1000,Bessemer Venture Partners
round_1001,Earlsfield Capital
round_1002,pi Ventures
round_1002,Blume Ventures
round_1003,Temasek Holdings
round_1004,Japan Vyas
round_1004,Tarun Adlakha
round_1005,Facebook FB Start programme
round_1006,RB Investments
round_1006,Sequoia Capital
round_1007,Ganesh Natarajan
round_1008,Sistema Asia Fund
round_1008,Amereus Group
round_1008,Helion Ventures
round_1009,Al Dhaheri family
round_1010,ThinQbate
round_1011,Accel Partners
round_1011,IDG Ventures
round_1011,"Endiya Partners, pi Ventures"
round_1011,VH Capital
round_1011,Axilor Partners
round_1012,Vertex Ventures
round_1012,Lumis Partners
round_1013,Anil Jain & other HNIs
round_1014,Kleiner Perkins
round_1014,Goldman Sachs
round_1014,Pine Brook
round_1015,Mohit Joshi & Others
round_1016,Pravega Ventures
round_1017,Mahalingam K
round_1017,Girish Mathrubootham
round_1018,Infibeam
round_1019,Vikram Sud
round_1020,Vijay Shekhar Sharma
round_1020,Rajan Anandan
round_1020,Kunal Shah
round_1020,Girish Mathrubootham
round_1020,Punit Soni
round_1020,Anand Chandrasekaran
round_1020,Sunil Kalra
round_1020,Utsav Somani
round_1020,Vishal Gondal
round_1020,Vikram Limaye
round_1021,PayU
round_1021,Ribbit Capital
round_1021,Omidyar Network
round_1022,Quake Capital
round_1023,Shunwei Capital
round_1024,Kalaari Capital Partners
round_1024,Qualcomm
round_1024,3ONE4 Capital Advisors
round_1024,UC-RNT
round_1025,SRI Capital
round_1026,Aprameya Radhakrishna
round_1026,Deepak Natraj
round_1026,Girish Mathrubootham
round_1026,Mahesh Murthy
round_1026,Pallav Nadhani
round_1026,Pavan Ongole
round_1026,Sandeep Mathur
round_1026,Vijay Shekhar Sharma & Others
round_1027,Kalaari Capital
round_1027,SAIF Partners
round_1027,Steadview Capital
round_1027,Sequoia Capital
round_1028,Konglo Ventures
round_1028,White Unicorn Ventures
round_1028,LetsVenture
round_1029,BookMyShow
round_1030,Facebook FBStart
round_1031,Facebook FBStart
round_1032,Bennett
round_1032,Coleman and Co. Ltd (BCCL)
round_1033,Softbank Ventures Korea
round_1033,IMM Investment
round_1034,Facebook FBStart
round_1035,Indian Angel Network (IAN)
round_1035,BEENEXT
round_1035,The Chennai Angels
round_1035,Sunil Munjal
round_1036,Kunal Shah
round_1036,Sandeep Tandon
round_1036,Nitin Saluja
round_1036,Gagan Goyal
round_1037,Pankaj Rungta
round_1037,Yogesh Agarwal
round_1038,Ishan Manaktala
round_1039,Chandigarh Angels
round_1039,Ashish Gupta
round_1039,Rohit
round_1039,Ashish Chand
round_1039,Sunil Singh & Others
round_1041,Brand Capital
round_1041,Paragon Trust
round_1042,Sands Capital
round_1042,IFC
round_1042,Accel Partners
round_1042,Flipkart
round_1042,Sanjiv Rangrass
round_1043,TV Mohandas Pai
round_1043,V Balakrishnan
round_1043,PV Srinivasan
round_1044,K2 Capital
round_1045,Anand Chandrasekaran
round_1045,Rajiv Mehta
round_1045,Ramakant Sharma
round_1046,Vishal Malik
round_1047,Kae Capital
round_1048,DanGold Investment Corp
round_1049,Marico Innovation Foundation (MIF)
round_1049,Villgro
round_1050,India Nivesh Growth Fund
round_1050,Sixth Sense
round_1050,TCI Ventures
round_1051,Jasper Infotech Pvt Ltd
round_1052,Alibaba Pictures
round_1053,BlackSoil Capital Pvt Ltd
round_1054,Mayfield India
round_1054,Trifecta Capital
round_1055,Vedanta Capital
round_1055,William Campbell
round_1055,Toos N Daruvala
round_1056,Aavya Ventures
round_1057,Vinod Martin
round_1057,Evan Lim
round_1057,Kanchan Ghoshal
round_1057,Ram Kumar Kakani
round_1058,Ronnie Screwvala
round_1059,Zishaan Hayath
round_1059,Karan Chellani
round_1059,Mohit Satyan
round_1060,IDG Ventures
round_1060,Endiya Partners
round_1061,Lohia Group
round_1061,Andre Hoffman
round_1062,Deutsche Telekom Strategic Investments & Others
round_1063,Vividhity Ventures
round_1064,Blume Ventures
round_1064,Girish Mathrubootham
round_1064,Aprameya Radhakrishna
round_1065,Nexus Venture Partners
round_1065,Blume Ventures
round_1066,Axilor Ventures
round_1066,Parampara Early Stage Opportunities Fund & Others
round_1067,Harsh V. Pant
round_1067,Ratheesh Raveendran
round_1068,Nexus Venture Partners
round_1068,Innoven Capital
round_1069,Quarizon
round_1071,Menterra Social Impact Fund
round_1071,Unitus Seed Fund
round_1072,Flipkart
round_1073,Tencent
round_1073,\\xc2\\xa0 ru-Net
round_1073,RSI Fund
round_1073,Thrive Capital
round_1074,India Quotient and others
round_1076,Ajith Nair
round_1076,Anish K
round_1077,Amajit Gupta
round_1077,Praveen Dubey
round_1077,J.P. Bhatt
round_1078,Rajasthan Venture Capital Fund
round_1079,Mumbai Angels Network
round_1079,Fireside Ventures
round_1079,Singapore Angel Network
round_1081,SB Ventures
round_1082,Singularity Ventures
round_1083,Indian Angel Network
round_1083,Native Angels Network
round_1084,SD Group
round_1085,Deepak Nathani
round_1086,Bessemer Venture Partners
round_1086,Stellaris Venture Partners
round_1086,Jungle Venture Partners
round_1086,Axis Capital
round_1087,IvyCamp Ventures
round_1088,Umang Moondra
round_1090,Singapore based investor
round_1091,YourNest Fund II
round_1092,CapitalG
round_1092,Sequoia India
round_1093,India Educational Investment Fund
round_1094,India Educational Investment Fund
round_1095,Indochine International
round_1096,Iron Pillar and IIFL
round_1096,Blume Ventures
round_1096,Omidyar Network
round_1097,GMO Japan
round_1097,Neelesh Bhatnagar
round_1098,East Ventures & Others
round_1099,Sharad Sharma
round_1099,Rajan Anandan
round_1099,\\xc2\\xa0 Amit Ranjan
round_1099,Alok Mittal & others
round_1100,IvyCap Ventures
round_1101,Senovo
round_1101,Unternehmertum Venture Capital
round_1101,Alexander Bruehl
round_1102,ABM Knowledgeware
round_1103,Bennett
round_1103,Coleman and Company Ltd
round_1104,Dream Incubator
round_1105,Brand Capital
round_1106,V Aanand R
round_1107,Rajesh Yohannan
round_1107,Puthen & Cole
round_1108,Sanjay Mehta & Others ( The Ten Minute Million)
round_1109,The Ten Minute Million
round_1110,The Ten Minute Million
round_1111,The Ten Minute Million
round_1112,Chandigarh Angels Network (CAN)
round_1114,Mumbai Angels
round_1115,SQue Capital
round_1115,Grace Capital Ventures
round_1115,Soham Vencaps
round_1116,DSG Consumer Partners
round_1116,American Express Ventures
round_1116,Cyber Carrier VC
round_1116,AdvantEdge Partners
round_1117,Songhyun Investment
round_1119,GEMs Advisory
round_1119,Quarizon
round_1120,Franchise India
round_1121,IvyCamp Ventures
round_1122,Lakshmi Vilas Bank & undisclosed HNIs
round_1123,Grace Capital Ventures
round_1124,Info Edge (India)
round_1125,Ajith Sukumaran
round_1125,Currae Healthtech Fund
round_1126,Eros Labs
round_1127,The Chennai Angels
round_1127,LetsVenture
round_1128,Investors from Mumbai Angels & LetsVenture
round_1129,Mohan Kumar
round_1129,V. Balakrishnan
round_1130,Edelweiss Private Equity
round_1131,Venk Krishnan
round_1131,MJ Aravind
round_1131,Vikram Kotak
round_1131,Jayant Davar
round_1131,\\xc2\\xa0 Ramkumar Nishtal
round_1131,Arjun Sharmaa
round_1132,Calcutta Angel Network
round_1132,Appliyifi
round_1133,PayU
round_1134,Venture Catalysts
round_1135,Kalaari Capital
round_1136,Max Ventures and Industries
round_1137,Mumbai Angels
round_1138,Unicorn India Ventures
round_1139,Verlinvest SA
round_1141,RoundGlass Partners
round_1142,"Axilor, undisclosed investors"
round_1143,Siddhartha Gupta
round_1143,Ashvin Chadha
round_1144,Omidyar Network
round_1145,India Quotient
round_1145,Rajul Garg
round_1145,Rajesh Yabaji
round_1145,Chanakya Hridaya
round_1145,Ramasubramaniam B
round_1145,Vishwanathan
round_1145,Nobel House
round_1145,Sunstone Capital
round_1146,Zodius Technology Opportunities Fund
round_1146,Matrix Partners
round_1147,FiNC
round_1147,GHV
round_1148,Lead Angels Network
round_1148,Anbu Pandian
round_1148,Prabhakar MR & Others
round_1149,Mumbai Angels
round_1150,Anand Chandrasekaran
round_1151,V. Krishna Prasad
round_1151,Bhupen Shah & Others
round_1152,Swastika Investmart Ltd
round_1153,Digital Financial Service Lab
round_1154,WRV Capital and IndusAge Partners
round_1154,Infosys Innovation Fund
round_1155,Emerald Media
round_1155,Premji Invest
round_1156,Sequoia Capital India
round_1156,North Base Media
round_1156,Aarin Capital
round_1156,3one4 Capital
round_1156,Axilor Ventures
round_1156,Kunal Shah
round_1156,Sandeep Tandon
round_1157,Epsilon Venture Partners
round_1158,GEMS Advisory
round_1158,Quarizon
round_1159,Axilor Ventures
round_1160,KTB Network
round_1160,SAIF Partners
round_1160,BEENEXT
round_1160,Digital Garage
round_1162,Ajith Nair
round_1163,Cyber Carrier CL
round_1164,International Financial Corporation
round_1165,Dr. Apoorv Ranjan Sharma
round_1165,Anil Jain
round_1165,Anuj Golecha
round_1165,Krishna Jhunjhunwala
round_1165,Anirudh Damani
round_1166,Indian Angel Network
round_1166,Let\\xe2\\x80\\x99s Venture
round_1167,Fireside Ventures & Others
round_1168,The Chennai Angels
round_1169,HCS Venture capital fund
round_1170,Taxmann
round_1171,Kaushal Agarwal
round_1171,Harminder Sahani
round_1171,KK Mehra
round_1171,Pranay Jivrajka
round_1171,Navjot Saini
round_1172,Ivy League Alumni Angel Network
round_1173,Incubate Fund
round_1173,Lead Angels Group & Others
round_1174,Pradyumna Dalmia
round_1174,S. Somasegar & Others
round_1175,Quarizon
round_1176,Ajay Relan
round_1177,The Chennai Angels
round_1177,Ritesh Mehta
round_1177,Aruna Ganesh Ram
round_1178,Sachin Bansal
round_1178,Binny Bansal
round_1180,Eight Roads Ventures
round_1181,Nandan Nilekani
round_1182,Lead Angels
round_1182,Mumbai Angels
round_1182,LetsVenture
round_1182,Girish Mathrubootham
round_1182,Anbu Pandian
round_1183,NB Ventures
round_1184,WaterBridge Ventures
round_1185,CoCreate Ventures
round_1186,RB Investments
round_1186,\\xc2\\xa0 Kaleden Holdings
round_1187,Kedar Lele
round_1187,GHV Accelerator
round_1188,Sequoia Capital India
round_1188,Accel Partners
round_1190,Calcutta Angels Network
round_1190,LetsVenture
round_1190,Anupam Mittal
round_1190,Currae Healthtech Fund
round_1191,Raman Roy
round_1191,Ashish Gupta
round_1191,Yogesh Andlay
round_1191,Vaibhav Jain
round_1192,Sequoia India
round_1193,3one4 Capital
round_1193,Mumbai Angels
round_1193,Aarin Capital
round_1194,Unilazer Ventures
round_1195,Gati Ltd
round_1196,Aavishkaar Venture Management
round_1197,Ameera Shah
round_1197,Vivek Bhargava
round_1199,Chandigarh Angels Network
round_1200,A M Sikander
round_1201,IDG Ventures
round_1201,Accel Partners
round_1202,Warburg Pincus
round_1203,Justin Kan
round_1203,Qasar Younis
round_1203,Paul Bucche
round_1203,Susa Ventures
round_1203,Kima Ventures
round_1203,Axan Venture
round_1203,SCM Holdings
round_1204,India Quotient
round_1205,ADAG Reliance Private Equity
round_1206,"YourNest Angel Fund, iSON"
round_1207,Gleevoaz Ventures
round_1208,Arun Seth
round_1208,T.V. Mohandas Pai
round_1208,Anand Chandrasekaran
round_1208,Deepak Ghaisas
round_1209,RoundGlass Partners
round_1210,Kalaari Capital
round_1210,IDG Ventures India
round_1211,Kalaari Capital
round_1211,Norwest Venture Partners
round_1212,Vijay Shekhar Sharma
round_1213,Sequoia India
round_1213,BEENEXT
round_1213,Helion Ventures
round_1214,SAIF Partners
round_1214,IDG Ventures India
round_1215,RTP-HC
round_1215,Wonder Ventures
round_1215,Techstars Ventures & Others
round_1216,Pramod Bhasin
round_1217,Times of India Group & Existing investors
round_1218,Indian Angel Network
round_1219,R.S Sharma
round_1220,Quarizon
round_1221,Omnivore Capital
round_1222,Hitesh Windlass
round_1223,Asuka Holdings
round_1224,Devdeep Singh
round_1225,Kae Capital
round_1225,Khosla Impact
round_1226,Softbank Group
round_1227,Vivek Bhargava
round_1227,Ameera Shah
round_1228,YMS Mobitech
round_1229,Sequoia India
round_1230,Sanjai Vohra
round_1230,V. Bunty Bohra
round_1231,Undisclosed multiple investors
round_1232,Delta Partners
round_1232,Sequoia India
round_1232,\\xc2\\xa0 Mayfield
round_1232,Blacksoil
round_1232,Trifecta Capital
round_1233,IDG Ventures
round_1233,Axilor Ventures
round_1234,Lightspeed Venture Partners India
round_1234,Lightspeed US
round_1235,Dr. Pooja Gandhi
round_1236,Venture Highway
round_1237,Lightspeed India Partners
round_1237,SAIF Partners
round_1237,India Quotient
round_1237,Venture Highway
round_1238,Franchise India
round_1239,Blume Ventures
round_1239,BEENEXT
round_1239,Barkawi Holdings GmbH
round_1239,TM Service Technology Holdings Gmbh
round_1239,Sreevathsa Prabhakar
round_1240,Girish Mathrubootham
round_1240,VC Karthic
round_1240,Miten Mehta
round_1240,Umasankar Nistala
round_1240,Rakesh Patel
round_1240,Akash Bhavsar
round_1240,Jeevanandhan Rajagopal
round_1240,Vikas Chadha & Others
round_1241,Reliance Entertainment
round_1242,Xelpmoc
round_1243,Paytm
round_1243,Aprameya Radhakrishna
round_1243,Subramanya Venkat
round_1243,Venk Krishnan
round_1245,Manish Maheshwari
round_1245,Contrarian Vriddhi Fund
round_1246,Mohit Sharma
round_1247,Prime Venture Partners
round_1247,Kalaari Capital
round_1248,Silver Range Investments
round_1248,Lumina Datamatics
round_1248,Shun Yoshida & Others
round_1249,Anand Sankeshwar
round_1249,Yang Shu
round_1250,Shekhar Sahu
round_1250,Nitesh Pant
round_1251,Dileep Bhatt
round_1251,Milind Chaudhary
round_1252,Exfinity Venture Partners
round_1253,Quarizon
round_1254,Krishna Rokhale
round_1255,Menterra Social Impact Fund
round_1256,SAIF Partners
round_1257,Blume Ventures & Others
round_1258,TVS Group
round_1259,Mahindra Univeg
round_1260,Recruit Holdings
round_1261,American Express Ventures
round_1261,Sequoia Capital
round_1262,IDG Ventures
round_1262,Indian Angel Network (IAN)
round_1262,YourNest Angel Fund
round_1263,Viraj Tyagi & Others
round_1264,Mahindra Holidays & Resorts India Ltd
round_1265,BeeNext
round_1265,TV Mohandas Pai
round_1265,Kunal Shah
round_1265,Sandeep Tandon
round_1266,Ratan Tata
round_1267,Naveen Arya
round_1267,Tarun Joshi
round_1268,Accel Partners
round_1268,Jungle Ventures
round_1268,SeedPlus
round_1269,Xchange Investors NV
round_1269,TransGlobal FZC
round_1270,3One4 Capital
round_1271,Vijay Shekhar Sharma
round_1271,Pravin Gandhi
round_1271,\\xc2\\xa0 Smart Start Fund
round_1271,Kunal Shah
round_1271,\\xc2\\xa0 Sandeep Tandon
round_1271,Vishal Gondal
round_1271,& Others
round_1272,Mistletoe
round_1272,M&S Partners
round_1273,Zodius Capital
round_1273,Kalaari Capital
round_1273,Qualcomm Ventures
round_1273,Russian venture capital fund Ru-Net
round_1273,Mumbai Angels
round_1275,White Unicorn Ventures
round_1275,Kae Capital
round_1275,Mumbai Angels
round_1276,Indian Angel Network
round_1276,Healthsquad
round_1276,Axilor Ventures
round_1277,Kiran Mazumdar-Shaw
round_1277,Unitus Seed Fund
round_1278,Ventureast Fund Advisors
round_1279,Hyderabad Angels
round_1280,Sumpoorna Group
round_1281,Helion Venture Partners
round_1281,BeeNext
round_1282,HAX Accelerator
round_1283,HDFC
round_1283,Faering Capital
round_1283,Elevate Sports
round_1284,Sanjay Nayar
round_1284,Vikram Sud
round_1284,Anil Jaggia
round_1284,Narayan Seshadri
round_1285,Radhakrishnan Natarajan & Others
round_1287,Emerald Media
round_1288,Nitin Passi
round_1288,Manickam Mahalingam
round_1288,Udaan Angels
round_1288,Rajesh Arora
round_1288,Arkas Industries
round_1289,GrowX Ventures
round_1289,Sunil Kalra
round_1289,Arun Venkatachalam
round_1289,\\xc2\\xa0 Badal Malick
round_1290,India Quotient
round_1290,FAO Ventures
round_1290,Indian Angel Network
round_1290,Tushar Singh
round_1290,Ranjan Sharma
round_1291,Indian Angel Network
round_1292,Rajan Anandan
round_1293,Virendra Patel
round_1295,Nexus Venture Partners
round_1296,Gray Matters Capital
round_1297,Quarizon Consultancy Services LLP
round_1298,Karan Bhagat
round_1299,Punit Soni
round_1300,ByteDance
round_1300,Arun Sarin
round_1300,Matrix Partners
round_1300,Sequoia Capital India
round_1300,Omidyar Network
round_1300,\\xc2\\xa0 Falcon Edge
round_1301,DSG Consumer Partners
round_1302,Mayank Shah
round_1302,Shreyans Shah
round_1303,Vishnu Bhat
round_1303,Rajiv Lunkad
round_1303,Naresh Ravindranath
round_1304,Boman Irani
round_1304,Dhruv Chitgopekar
round_1304,Prantik Dasgupta
round_1305,Hemant Sahni
round_1306,Bravia Capital
round_1307,Newbie Promoters
round_1308,RoundGlass Partners
round_1309,Ganesh Natarajan
round_1310,General Catalyst Partners
round_1311,Hyderabad Angels
round_1311,TLabs
round_1312,Lightbox Ventures
round_1312,Axis Capital & Others
round_1313,Saama Capital
round_1313,Raghunandan G
round_1313,Aprameya Radhakrishna
round_1314,Next Orbit Ventures Fund
round_1315,Ranjan Pai
round_1316,Mobikon
round_1317,Helion Ventures
round_1317,Blume ventures
round_1318,Janak Jain
round_1319,KAE capital
round_1320,BEENEXT
round_1321,IIFL Seed Ventures Fund
round_1321,Mayfield Ventures
round_1322,Sequoia Capital
round_1323,India Quotient
round_1324,Swastika Company Ltd
round_1325,Nimit Panigrahi
round_1326,Lalit Vase
round_1328,Astarc Ventures
round_1328,Anand Chandrasekaran
round_1329,hooting Starts Sports LLP
round_1329,Franchise India Brands
round_1330,1Crowd
round_1330,Eureka Forbes Ltd
round_1330,Shapoorji Pallonji & Co. Ltd.
round_1331,Omnivore Partners
round_1332,Hero MotoCorp
round_1333,Ajay Nanavati
round_1333,Afsal Salu
round_1334,Kalaari Capital
round_1335,Kalaari Capital
round_1336,Kalaari Capital
round_1337,Aarin Capital
round_1337,Michael Herzig
round_1337,Ashish Lakhanpal
round_1338,Karanpal Singh & Others
round_1339,Sequoia India
round_1339,"Exfinity Ventures, growX ventures"
round_1340,Accel Partners
round_1341,Pradeep Dhobale
round_1342,Amit Choudhary
round_1343,Grasshoppers
round_1344,Anita Dongre
round_1344,Yash Dongre
round_1344,Milind Sarwate
round_1345,William Bissel
round_1346,Infina Finance Pvt. Ltd
round_1346,Uday Kotak
round_1348,PremjiInvest
round_1349,Info Edge (India) Ltd
round_1350,Venturra Capital
round_1350,Sequoia India
round_1350,Susquehanna International Group.\\xc2\\xa0 Wavemaker Partners
round_1350,Beenext
round_1350,Beenos
round_1350,Digital Garage
round_1351,Eros Labs
round_1352,InnoVen Capital India
round_1353,Earlsfield Capital
round_1353,Sailender Solanki
round_1353,Rajiv Solanki
round_1354,CareerNet Consulting Pvt. Ltd
round_1354,Ideation Initiative Pvt. Ltd
round_1355,Idein Ventures
round_1356,Chan Zuckerberg Initiative
round_1356,Times Internet Ltd
round_1356,Sequoia Capital
round_1356,Sofina
round_1356,Lightspeed Ventures
round_1357,Anand Chandrasekaran
round_1358,Ravi Linganuri
round_1359,Dr. Rameshwar Kumar
round_1360,havya Sharma
round_1360,Amit Nagar
round_1361,Harinder Takhar
round_1361,Zain Raj
round_1361,Dr. Prasad Kaipa
round_1361,Abaran Deep
round_1361,Aseem Sood
round_1361,Mustafa Patni
round_1362,Augment Ventures
round_1362,Rahul Kayan
round_1362,Nikhil Golcha
round_1362,Shubham Gupta
round_1362,Roy Kwan
round_1363,Fork Media
round_1364,Sunil Munjal
round_1364,Mariwala family
round_1365,Pradeep Mirani
round_1365,Aqeel Ahmed
round_1365,Anand Ladsariya
round_1365,Nitin Agarwal
round_1366,Raj Singh Bhandal
round_1367,Ratan Tata
round_1368,Indian Angels Network
round_1369,BlackSoil Capital Pvt. Ltd.
round_1370,Calcutta Angels Network
round_1371,Balasubramanian Krishnamurthy
round_1371,Sidhartha Hazarika & Others
round_1372,Scadea Solutions Inc
round_1373,Dheeraj Jain
round_1373,Palash Jain
round_1373,Anupam Mittal
round_1373,Ameera Shah
round_1373,\\xc2\\xa0 Vivek Bhargava
round_1373,Rahul Singh
round_1373,Ambarish Gupta
round_1374,Lightbox Ventures and others
round_1375,Nexus Venture Partners
round_1376,Ganesh Narasimhan
round_1376,Ramana Thumu
round_1376,Sudhir Mallem
round_1377,RoundGlass Partners
round_1378,Accel Partners
round_1379,Gray Matters Capital
round_1380,Bessemer Venture Partners
round_1381,CIO Angel Network
round_1382,LetsVenture
round_1383,Sumit Jain
round_1385,KellyGamma
round_1385,Lead Angels & Others
round_1386,Goldman Sachs Group
round_1386,Zodius Technology Fund
round_1386,Norwest Venture Partners
round_1386,Bertelsmann India
round_1387,Lothal Angel Ventures
round_1388,Anglian Omega Network
round_1389,Carpediem Capital
round_1390,Accel Partners
round_1390,Beenext
round_1390,Powerhouse Ventures
round_1390,Akusa Holdings
round_1391,Rebright Partners
round_1393,Currae Healthtech Fund
round_1393,Unicorn India Ventures
round_1394,Vertex Ventures
round_1394,Cisco Ventures
round_1394,IDG Ventures
round_1395,Rohit MA
round_1396,Idea Wave Labs
round_1397,Prashant Tandon
round_1397,Gaurav Agarwal
round_1397,Gaurav Bhogle
round_1397,Shrishti Sahu
round_1397,Shantanu Mathur
round_1397,Prabhat Aggarwal
round_1398,Scale Ventures Funds
round_1399,Procam International Pvt. Ltd
round_1400,Flipkart Logistics Pvt. Ltd
round_1401,Pratik Seal
round_1402,Venture Catalysts
round_1403,Swastika Co Ltd.
round_1404,Endiya Partners
round_1405,Sequoia India
round_1405,EDBI
round_1405,Blue Cloud Ventures
round_1405,Hercules Capital
round_1406,Now Capital
round_1407,Kanwaljit Singh
round_1407,Ajay Lakhotia
round_1407,Pavan Ongole
round_1407,Ashish Gupta
round_1408,Blume Ventures
round_1408,"Mumbai Angels, ah! Ventures"
round_1408,Digital Currency Group
round_1408,Boost VC
round_1408,Bank to the Future and Funders Club
round_1409,Deepak Nathani
round_1410,Bhavin Turakhia
round_1411,Rajasthan Angel Innovators Network
round_1412,Sequoia Capital India
round_1412,Omidyar Network
round_1412,Kae Capital
round_1413,Mudit Saxena
round_1413,Evan Lim
round_1414,Undisclosed HNIs
round_1415,InnoVen Capital
round_1416,Syska LED group
round_1417,Lumis Partners
round_1417,The HR Fund
round_1417,Rajul Garg
round_1417,Quintillion Media
round_1418,Venk Krishnan
round_1418,Aprameya Radhakrishna
round_1418,Anupam Mittal
round_1418,Kunal Shah
round_1418,Tracxn Labs
round_1418,Subramanya SV
round_1418,Ravi Garkipati
round_1419,Binny Bansal
round_1419,Anupam Mittal
round_1419,Sachin Bhatia
round_1419,Darius Pandole
round_1419,Kunal Khattar
round_1419,Dheerag Jain
round_1420,RoundGlass Partners
round_1421,Brand Capital
round_1422,Paul Roy
round_1423,Existing Investors
round_1424,Anglian Omega Network
round_1425,Inventus Capital Partners
round_1425,Blume Ventures & Others
round_1426,Promatus Group
round_1427,Geniee
round_1427,Inc
round_1427,Purvi Capital
round_1428,Swastika Company Ltd.
round_1430,1Crowd (through crowd funding)
round_1431,Centre for Innovation Incubation and Entrepreneurship (CIIE)
round_1432,Centre for Innovation Incubation and Entrepreneurship (CIIE)
round_1433,Anupam Mittal
round_1433,Sharad Sharma & 14 others
round_1434,Noshir Kaka
round_1434,Subramanian Ramadorai
round_1434,Kiran Deshpande
round_1434,Pankaj Gupta
round_1434,Ravi Nigam & Others
round_1435,Gujarat Venture Finance Limited (GVFL)
round_1435,Bennett Coleman & Co. Ltd
round_1436,Khattar Holdings
round_1436,ThirtyThree Investments
round_1436,Soumitra Sharma
round_1436,Deepak Sharma
round_1436,Sumit Dayal and others
round_1437,1Crowd (through crowdfunding)
round_1438,Norwest Venture Partners
round_1438,Accel India
round_1439,Mukul Singhal
round_1439,Rohit Jain
round_1439,Himanshu Aggrawal
round_1439,Sunil Goyal Ashish Gupta
round_1440,Brand Capital
round_1441,Westbridge Capital Partners
round_1443,HT Media Ltd
round_1443,North Base Media
round_1444,Anand Chandrasekaran
round_1444,Kanwaljit Singh
round_1444,Manoj Varghese
round_1445,Ashvin Chadha
round_1446,SoftBank Group
round_1447,Tencent Holdings
round_1447,Foxconn Technology Group
round_1447,Tiger Global
round_1447,SoftBank Group
round_1447,Bharti Enterprises
round_1448,Powerhouse Ventures
round_1448,M&S Partners
round_1449,Brand Capital
round_1450,Anand Chandrasekaran
round_1450,Ananth Narayanan
round_1450,Mekin Maheshwari
round_1450,Ravi Garikipati
round_1450,Divyesh Shah
round_1450,Swastika Company Ltd
round_1451,Undisclosed Dubai based HNIs
round_1452,Swan Angel Network
round_1452,Sachin Khandelwal and others
round_1453,Swan Angel Network
round_1454,SeedPlus
round_1454,Infocomm Investments
round_1454,Accel Partners RNT Associates
round_1455,Indian Angel Network
round_1456,Kashyap Deorah
round_1456,Rajul Garg
round_1456,Maninder Gulati
round_1457,Speridian Technologies
round_1458,Brand Capital
round_1459,Rainmatter
round_1460,Aspire Systems
round_1461,Satish Vasudeva
round_1461,Madhusudhan Jujare & Others
round_1462,Torrent Group
round_1463,Saha Fund
round_1463,Exfinity Venture Partners & Others
round_1464,Vijay Kedia
round_1465,Riju Gupta
round_1465,Kamal Chabra
round_1466,Dr. Goutam Challagalla
round_1467,Outbox Ventures
round_1467,Jaspreet Bindra
round_1467,Arjun Malhotra
round_1467,Rohan Malhotra
round_1467,Sidharth Rao
round_1467,Rakesh Agrawal
round_1468,ah! Ventures
round_1468,Anupam Mittal
round_1468,Kunal Shah
round_1468,Sandeep Tandon
round_1468,Dheeraj Jain
round_1468,Rohit Chokhani
round_1469,Blume Ventures
round_1469,Sachin Bansal
round_1469,Vijay Shekhar Sharma
round_1469,Binny Bansal
round_1469,\\xc2\\xa0 Kunal Shah
round_1469,Sandeep Tandon
round_1469,Ashish Tulsian
round_1470,Kalaari Capital
round_1471,Kalaari Capital
round_1472,Vineet Taneja
round_1472,Kamal Puri
round_1473,Mohit Lalvani
round_1474,Michael and Susan Dell Foundation
round_1475,Trifecta Capital
round_1476,Kunal Shah
round_1476,Sandeep Tandon
round_1476,Tracxn Labs
round_1477,Scale Ventures
round_1478,CureFit
round_1479,Fireside Ventures
round_1479,Investopad
round_1479,P39 Capital
round_1479,Anupam Mittal
round_1479,Pranay Jivrajka
round_1479,Maninder Gulati
round_1479,Abhinav Sinha
round_1480,Globevestor Angel Fund
round_1480,Devendra Rane
round_1480,Ravi Jain
round_1480,\\xc2\\xa0 Arpan Nagdeve
round_1481,Ford Smart Mobility Llc
round_1482,Instalabs
round_1483,Net1 UEPS Technologies Inc
round_1484,Undisclosed Ex Mckinsey Directors and Partners
round_1485,Kunal Shah & Sandeep Tandon
round_1485,Girish Mathrubootham
round_1485,Anand Chandrasekaran
round_1486,Dr. Abhishek Pandey
round_1486,Jaysukh Sapra
round_1487,Nexus Venture Partners
round_1487,Blume Ventures
round_1488,Hitouch AG
round_1489,Undisclosed HNI investors
round_1490,Bessemer Venture Partners
round_1490,Jungle Ventures
round_1490,Helion Ventures
round_1491,Rajasthan Angel Investor Network & Others
round_1492,Ashutosh Lawania
round_1492,Rajul Jain
round_1492,Badal Malick
round_1492,Rishi Gupta & Others
round_1493,MediaTek Inc.
round_1494,Sophia Investment ApS
round_1495,Info Edge (India) Ltd
round_1496,Ambit Pragma
round_1497,IDG Ventures
round_1497,Sequoia Capital
round_1497,GREE Ventures
round_1498,Sarbvir Singh
round_1498,Raghav Bahl
round_1499,MasterCard
round_1500,3one4 Capital
round_1500,Tracxn Labs
round_1500,Aaruha Technology Fund
round_1500,Endiya Partners
round_1501,Zaffiro Ventures
round_1502,Sequoia Capital
round_1502,SD Ventures
round_1502,Vistaar Investment Advisors Pvt. Ltd.
round_1503,SAIF Partners
round_1504,India Quotient
round_1505,Accel Partners
round_1505,IDG Ventures
round_1505,Kalaari Capital
round_1506,Deepak Gupta
round_1507,Aramex Ventures Llc
round_1508,Rajan Anandan
round_1509,IIFL Wealth Management Seed Venture Fund
round_1509,Omidyar Network
round_1509,Khosla Impact
round_1509,Aspada
round_1510,YourNest Angel Fund\\xc2\\xa0 & Others
round_1511,Stripes Group
round_1511,Network 18
round_1511,Accel Partners
round_1511,SAIF Partners
round_1512,Sequoia Capital
round_1512,Rohit Bansal
round_1512,Kunal Bahl
round_1512,Sandeep Tandon
round_1512,Kunal Shah
round_1512,Zishaan Hayath
round_1512,\\xc2\\xa0 Abhishek Jain
round_1513,Info Edge (India) Ltd
round_1514,Gaurav Singhvi
round_1514,Zaffiro Ventures
round_1515,Kirthiga Reddy
round_1515,Renuka Ramanath
round_1515,Cherry Tin
round_1516,Kalaari Capital
round_1516,"Qualcomm Ventures, ru-Net"
round_1516,Zodius Technology Opportunities Fund
round_1517,Indian Angel Network
round_1518,AVG Group
round_1518,500 Startups
round_1519,Rothenberg Ventures
round_1520,Alex Chua
round_1520,Rahul Garg
round_1521,Kalaari Capital
round_1521,India Quotient
round_1522,JSW Ventures
round_1522,Blume Ventures & IvyCap Ventures
round_1523,Brian Acton
round_1524,JSW Ventures
round_1524,Omidyar Network
round_1524,Sattva Capital
round_1524,Venture Works
round_1525,Sequoia Capital
round_1526,Stanford Angels & Entrepreneurs
round_1526,Harvard Angels
round_1527,Mumbai Angels
round_1527,\\xc2\\xa0 Times Internet
round_1528,Ashish Mahajan
round_1528,Sarvesh Sharma
round_1529,Rishi Parti
round_1529,Yogesh Bansal
round_1530,Rainmaker Ventures
round_1531,Ajay Piramal
round_1532,Tracxn Labs
round_1532,Hyderabad Angels
round_1532,Kunal Shah
round_1532,Gaurav Bhalotia
round_1533,SAIF Partners
round_1533,India Quotient
round_1534,Unitus Seed Fund
round_1535,Accel Partners
round_1535,IDG Ventures India
round_1536,Brand Capital
round_1537,Jaspal Bindra
round_1537,Parth Jindal
round_1538,Keiretsu Forum
round_1539,Plug and Play Tech Center
round_1539,Steelhead Ventures & Others
round_1540,500 Startups
round_1541,SRI Capital
round_1543,Sumit Jain
round_1543,Sumit Jain
round_1543,Anurag Gupta
round_1543,Varun Khanna
round_1543,Faraz Khan
round_1544,GEMS group
round_1545,Abhijit Avasthi
round_1545,Karan Chellani
round_1545,SP Vijay
round_1546,Times Internet
round_1546,Innoven Capital
round_1546,Matrix Partners India
round_1546,Qualcomm Ventures
round_1547,SRI Capital
round_1548,SRI Capital
round_1549,IIFL and Accel Partners
round_1549,Kalaari Capital
round_1549,IvyCap Ventures
round_1549,RB Investments
round_1550,Intelli Reboot Digital Pvt. Ltd
round_1551,Satish Jamdar
round_1552,Star India Pvt. Ltd
round_1553,Franklin Templeton International Services Pvt. Ltd
round_1554,Prime Venture Partners
round_1555,Green House Ventures Accelerator
round_1557,Abhishek Agarwal
round_1557,Krishnakumar Nataraj
round_1557,Sarath Sura
round_1557,Shanti Mohan
round_1557,Sarthak and Nihit Agarwal
round_1557,Suramya Gupta
round_1558,Nilesh Shah
round_1559,Nihon Kotsu Co
round_1560,Swastika Company Pvt Ltd
round_1561,Indian Angel Network
round_1562,Verlinvest
round_1562,DSG Consumer Partners
round_1564,Edelweiss Private Equity
round_1565,Beenext
round_1565,Digital Garage
round_1565,Lightbox
round_1565,Beenos
round_1566,MapmyIndia
round_1567,Parampara Capital
round_1568,Venture Catalysts
round_1569,Rainmaker Ventures
round_1570,MadhanKumar Madathupalayam
round_1572,Romulus Capital
round_1573,Sreenivasa Reddy Musani
round_1574,Sequoia Capital
round_1574,Unitus Seed Fund
round_1575,Yeahmobi
round_1575,Fenqile
round_1577,Microsoft Ventures
round_1577,Salesforce Ventures
round_1578,Kalaari Capital
round_1579,Sarath Sura
round_1580,Kae Capital
round_1580,Kunal Shah
round_1580,Sandeep Tandon
round_1581,Indian Angel Network
round_1582,Sanjiv Rai
round_1583,Kunal Shah
round_1583,Aneesh Reddy
round_1583,Tracxn Labs
round_1583,Venkat Tadanki
round_1583,Krishna Mehra
round_1583,Amit Rathore
round_1584,Axiata Digital
round_1585,Ankit Maheshwari
round_1585,Anand Singh
round_1586,BlackJag Partners
round_1587,Cameron Jones
round_1588,Ritesh Dwivedy
round_1588,Priti Padhy
round_1589,3 undisclosed HNIs
round_1590,Ratan Tata
round_1591,CIO Angel Network
round_1591,Indian Angel Network
round_1592,Vivek Joshi
round_1592,Mohit Satyanand
round_1592,Amit Banati
round_1592,Arun Khanna
round_1593,Edelweiss Private Equity
round_1594,Ratan Tata
round_1594,Bhavish Aggarwal
round_1594,Ankit Bhati
round_1594,Binny Bansal
round_1594,Girish Mathrubootham
round_1595,TVS Automobile Solutions Ltd
round_1596,TVS Automobile Solutions Ltd
round_1597,TVS Automobile Solutions Ltd
round_1598,50K Ventures
round_1600,Viridian Capital
round_1601,EVC Ventures
round_1602,Valpro Capital and existing investors
round_1603,MCube8
round_1604,You & Mr Jones
round_1604,Fortisure Ventures
round_1604,Diaz Nesamoney
round_1605,Saama Capital
round_1605,Blume Ventures & Vaibhav Domkundwar
round_1606,Accel Partners India
round_1607,Indian Angel Network
round_1608,IvyCap Ventures and Unicorn India Ventures
round_1609,Info Edge (India) Ltd
round_1610,Info Edge (India) Ltd
round_1611,Atul Ingle
round_1612,Guy Oseary
round_1613,Sequoia Capital
round_1614,Nimmagadda Prasad
round_1615,Ravi Adusumalli
round_1615,SAIF Partners
round_1616,Infuse Ventures
round_1617,New Enterprise Associates (NEA)
round_1617,Blume Ventures
round_1618,BetOnIndia Technology Pvt Ltd
round_1619,Sanjay Verma
round_1619,Amit Khanna (LetsVenture)
round_1621,Hamraj Kumar
round_1622,Timbru Ventures
round_1623,Swan Angel Network
round_1624,Idein Ventures
round_1625,Concur Technologies
round_1625,Gund Investment
round_1626,IndiaMart
round_1627,Bitkemy Ventures
round_1628,Unicorn Venture
round_1629,CP Bothra
round_1630,The Chennai Angels
round_1631,RB Investments PTE Ltd
round_1631,Orios Venture Partners
round_1632,Rahul Kirloskar
round_1632,Fusion Tech Ventures
round_1632,Adi Saravanan
round_1632,Pravin Dongre
round_1632,Mahendra Doshi
round_1633,Saif Partners
round_1634,Purvi Ventures
round_1634,Rajul Garg
round_1634,Vipin Arora
round_1635,Indian Angel Network
round_1636,Rise India
round_1637,Jitendra Gupta
round_1637,Pankaj Tripathi
round_1638,Nexus Venture Partners
round_1639,Kalaari Capital
round_1640,GVFL
round_1641,Mayfield Ventures
round_1643,SAIF Partners
round_1643,Aprameya Radhakrishnan
round_1643,Phanindra Sama
round_1643,Subba Rao Telidevara
round_1643,Vibhu Garg
round_1643,Paula Ravindra Mariwala
round_1643,Gaurav Bhalotia
round_1645,Kanodia family
round_1645,Amit Banka
round_1646,GVFL Ltd
round_1647,Accel Partners
round_1647,RB Investments
round_1649,Bertelsmann India Investments
round_1649,Mayfield India
round_1649,Saama Capital
round_1649,India Quotient
round_1650,Sanjeev Sinha
round_1651,Soniks Consulting
round_1653,vCommission
round_1654,Harsh Vardhan Hada
round_1655,Piyush Jain
round_1656,Uniqorn Ventures Fund
round_1656,TV Mohandas Pai
round_1656,S Somasegar
round_1657,Brand Capital
round_1658,Aarin Capital
round_1659,Omidyar Network
round_1659,Accel Partners & existing investors
round_1660,Carpediem Capital & Others
round_1661,Niloufer Dundh
round_1661,Fauzan Rahim
round_1661,Balamurugan Mani
round_1662,The Chennai Angels
round_1663,Ankush Mehta
round_1664,StartupXseed Ventures
round_1665,GMO Payment Gateway
round_1665,MediaTek
round_1666,Brand Capital
round_1669,Shruth & Smith Group
round_1669,Hermes Group
round_1670,Blume Ventures
round_1671,Rohan Angrish
round_1671,Hrishi Oberoi
round_1671,Rahul Mehta
round_1671,Kapil Hetamsaria
round_1671,Pranav Dedhia
round_1672,International Finance Corp
round_1672,TPG Growth
round_1672,Adveq Management
round_1672,IDG Ventures
round_1672,Ratan Tata
round_1672,Kris Gopalakrishnan
round_1673,Sistema Asia Fund
round_1673,Helion Venture
round_1673,VentureEast
round_1673,India Alternatives
round_1674,Grex.in
round_1675,Grex.in
round_1677,Kalaari Capital Accelerator Program
round_1678,Kalaari Capital Accelerator Program
round_1679,Kalaari Capital Accelerator Program
round_1680,IDG Ventures
round_1680,Inventus Capital
round_1680,Indian Angel Network
round_1681,Group of undisclosed Angel Investors & HNIs
round_1682,MoMagic Technologies
round_1683,Rajul Garg & Others
round_1685,Exfinity Venture Partners
round_1685,Blume Ventures
round_1685,BeeNext
round_1685,Rajesh Ranavat
round_1686,Roopak Saluja
round_1686,Vishal Khare
round_1687,Manish Kheterpal
round_1687,Vinay Mittal
round_1687,Dinesh Mittal
round_1687,Sandeep Gupta
round_1688,IDG Ventures India
round_1688,Inventus Capital
round_1688,Blume Ventures
round_1689,Accel Partners
round_1689,Matrix Partners
round_1689,Girish Mathrubootham
round_1690,NanoHoldings
round_1692,Norwest Venture Partners
round_1692,DST Global
round_1692,Accel Partners
round_1694,JM Financial Products Ltd
round_1694,Arun Tadanki
round_1694,Doreswamy Nandkishore
round_1694,Kshitij Jain
round_1695,Khazanah Nasional Berhad
round_1696,Blume Ventures
round_1696,Rajan Anandan
round_1696,Sumit Jain
round_1696,Aprameya Radhakrishna
round_1696,Sujeet Kumar
round_1696,Phanindra Sama
round_1697,Creation Investments Capital Management
round_1697,SAIF Partners
round_1697,Sequoia Capital
round_1697,Aspada Ventures
round_1698,GROUPE SOS
round_1699,Rakesh Gupta
round_1699,Aditya Aggarwal
round_1699,Siddharth Banerjee
round_1699,Vikas Ranjan
round_1699,Anshul Jindal
round_1699,"Sunil Koul, and Sanjeev Agrawal"
round_1700,ah! Ventures
round_1701,Phanindra Sama
round_1701,Raghunandan G
round_1702,Anurag Chauhan
round_1703,Matrix Partners
round_1703,Nexus Ventures
round_1704,Undisclosed Investors & Tamarind Family Private Trust
round_1705,S Chand
round_1705,AdvantEdge Partners
round_1706,Kinnevik Group
round_1706,Rocket Internet
round_1707,Rata Tata
round_1708,Accel Partners
round_1708,Helion Venture Partners
round_1709,Anupam Mittal
round_1709,Anuj Srivastava
round_1709,Ankit Nagori
round_1710,YourNest Angel Fund
round_1711,Katabole Technology Venture
round_1712,Subramanya SV
round_1713,Kaizen Management Advisors
round_1713,DeVry Inc
round_1714,Blume Ventures
round_1715,Sujeet Kumar
round_1715,Aprameya
round_1715,Sumit Jain
round_1715,Subramanya Venkat
round_1715,Venk
round_1715,Ravi Machani
round_1715,Hitesh Gupta
round_1715,Rohit Choudhary
round_1717,Ratan Tata
round_1718,Undisclosed HNIs
round_1719,Chatsworth Management
round_1719,ITW Digital
round_1721,Pradeep Reddy Kamasan
round_1722,vCommission
round_1723,MCube Capital Advisors Pvt Ltd
round_1724,Undisclosed HNIs
round_1725,Indian Angel Network
round_1726,Gray Matters Capital
round_1727,Sudhir Mehta
round_1728,Anand Mahindra
round_1729,FF Angel
round_1729,Sequoia Capital
round_1730,Accel Partners
round_1730,Indian Angel Network
round_1730,India Innovation Fund India Venture Partners
round_1731,MoMagic Technologies
round_1732,Kunal Shah
round_1732,Sandeep Tandon
round_1733,Anirudh Damani
round_1733,Vikram Lakhotia
round_1734,Ashish Gupta and other undisclosed investors
round_1735,HT Media Ltd
round_1736,NSI Infinium Global Pvt. Ltd
round_1737,HBM Healthcare Investments
round_1738,Ashish Gupta
round_1740,Nelstone Ventures
round_1740,Transmedia Capital
round_1740,Maiden Lane Ventures
round_1740,CSC Upshot & Angel investors
round_1741,Raman Roy
round_1742,Indian Angel Network
round_1742,Alok Sharma
round_1742,Kris Gopalakrishnan
round_1742,"Saurabh Srivastava, and Ajai Chowdhry"
round_1743,Vineet Singh
round_1744,Equentia Natural Resource & Other undisclosed investors
round_1745,Xiaomi Inc
round_1746,N.S. Raghavan Centre for Entrepreneurial Learning
round_1747,Mukesh Bansal
round_1748,Times Internet Ltd
round_1749,Blume Ventures
round_1749,Barkawi Holdings GmbH
round_1749,TM Service Technology Holdings GmbH
round_1750,DTDC Express Ltd
round_1751,Ninestarter
round_1752,L\\xe2\\x80\\x99Occitane
round_1753,Axilor Ventures
round_1754,Nazara Technologies Pvt Ltd
round_1755,IDG
round_1755,Indian Angel Network
round_1756,Villgro
round_1757,Mahendra Patel
round_1757,Nilender Chauhan
round_1758,Rattan Chadha
round_1759,Wingify
round_1760,Softbank
round_1760,Sequoia Capital
round_1760,Lightspeed Venture Partners
round_1760,Greenoaks Capital
round_1760,DSG Consumer Partners and Venture Nursery
round_1761,Prashant Puri
round_1762,Kris Gopalakrishnan
round_1762,Dr. Ranjan Pai
round_1763,Shaan
round_1764,Anirudh Damani
round_1764,Daud Ali
round_1764,Narendra Karnavat
round_1764,Vikas Kapoor
round_1764,Vikram Lakhotia
round_1764,Krishna Jhunjhunwaala
round_1764,Jayesh Shah
round_1765,Anil Kapoor
round_1766,Pravin Khandelwal
round_1766,Yatin Kumar Jain
round_1767,Dr. Aniruddha Malpani
round_1768,Dr. Sridhar Ramaswamy
round_1768,Rakesh Mathur
round_1769,Prime Venture Partners
round_1770,StartUp Equity Partners
round_1771,Rajeev Agrawal
round_1771,Prashant Gooty
round_1772,Ram Shriram
round_1772,Neeraj Arora
round_1772,Puru Vashishtha
round_1773,Mount Nathan Advisors
round_1774,Mahavir Pratap Sharma
round_1774,Ajay Data
round_1774,Yogesh Chaudhary
round_1774,Sanjay Phophaliya
round_1774,Siddharth Agarwal
round_1774,Kamal Kothari
round_1775,Naturals Salon Chain
round_1776,Vivek Nathani
round_1776,Yogesh Chaudhary
round_1776,Mahavir Pratap Sharma
round_1776,Kamal Kothari
round_1776,H C Jain
round_1778,Tiger Global
round_1779,Vijay Shekhar Sharma
round_1780,Pawan Munjal
round_1780,AdvantEdge Partners
round_1780,Astarc Ventures
round_1781,Ajay Data & other HNIs
round_1782,Rajan Anandan
round_1783,Mitin Patel
round_1783,Gaurav Agarwal
round_1784,Paytm & existing investors
round_1785,Bhavish Aggarwal
round_1785,Ankit Bhati
round_1786,Stanford Angels
round_1786,LetsVenture
round_1786,Chennai Angels
round_1786,Hyderabad Angels
round_1786,Mumbai Angels
round_1787,ah! Ventures
round_1788,Ratan Tata
round_1789,Man Capital
round_1790,RN Agarwal
round_1791,India Educational Investment Fund
round_1792,Brand Capital
round_1793,Maverick Capital Ventures
round_1793,Sequoia Capital
round_1793,Omidyar Network
round_1794,YourNest Angel Fund
round_1794,Rajul Garg
round_1795,Undisclosed Angel investors & HNIs
round_1796,Blume Ventures
round_1796,Adil Allana
round_1796,Aprameya Radhakrishna
round_1796,Gautam Ivatury
round_1796,Signal Point Partners
round_1797,Ajay Data & undisclosed HNIs
round_1798,M&Y Partners
round_1798,SVG Media
round_1798,Anthil Ventures & others
round_1799,GirnarSoft
round_1800,Mayfield India II Management Ltd
round_1801,Inventus Capital Partners
round_1801,HR Fund
round_1802,NTT Finance
round_1802,Telephone Corporation
round_1803,Indian Angel network
round_1804,50K Ventures
round_1805,Blume Ventures
round_1806,GrowthStory
round_1806,Apurva Salapuria
round_1806,Hitesh Oberoi
round_1806,Sidharth Pansari
round_1806,Nirupa Shankar
round_1807,IDFC SPICE Fund
round_1807,Micromax Informatics
round_1808,Max Levchin
round_1808,Scott Banister
round_1809,Bertelsmann India Investments
round_1810,EVC Ventures
round_1811,Farooq Oomerbhoy
round_1811,Anupam Mittal
round_1811,Anand Mittal
round_1811,Ravi Garikipati
round_1811,Vibhu Garg
round_1811,Singapore Angel Network
round_1811,Konglo Ventures
round_1812,Nandan Nilekani
round_1812,Helion Ventures
round_1812,Omidyar Networks
round_1812,Blume Ventures
round_1814,Axilor Ventures
round_1815,Blume Ventures & Other unnamed Investors
round_1816,Rebright Partners
round_1816,Anand Rajaraman
round_1816,Venky Harinarayan
round_1817,RB Investments
round_1817,Fundnel
round_1818,vCommission
round_1819,Unitus Seed Fund
round_1820,RoundGlass Partners
round_1821,S Chand & Co
round_1822,Lip-Bu Tan
round_1822,Michael Marks
round_1822,Nicolas Braithwaite
round_1823,YourNest Angel Fund
round_1824,Kludein LLC\\nPhanindra Sama
round_1824,Narayan Ramachandran
round_1824,Pranav Pai
round_1825,Nandan Nilekani
round_1825,Accel Partners
round_1826,Dino Morea
round_1827,Blinc Advisors
round_1827,Amit Nanavati
round_1827,Tashwinder Singh
round_1827,Taranjit Jaswal
round_1827,Amit Khanna
round_1829,Matt Glickman
round_1830,YourNest Angel Fund
round_1831,Sudhir Mehta
round_1831,Anoop Hingorani
round_1832,IvyCap Ventures
round_1833,Manoj Kumar & Other undisclosed investors
round_1834,Daman Soni
round_1834,Rajat Gupta & Others
round_1835,Mohit Gulati
round_1836,Artiman Ventures
round_1837,Ruchirans Jaipuria
round_1837,Anuj Sanghi
round_1838,Accel Partners
round_1838,Qualcomm Ventures
round_1838,M&S Partners
round_1838,Zop Smart
round_1839,Rebright Partners
round_1839,Sol Primero
round_1839,Sudhir Anandarao
round_1839,Ankur Warikoo
round_1839,Ankur Singla
round_1840,Unicorn Ventures
round_1841,Naveen Tewari
round_1841,Abhay Singhal
round_1841,Amit Gupta
round_1841,Piyush Shah
round_1841,Raghunandan G
round_1841,Rajiv Mehta
round_1842,Undisclosed private investors
round_1843,Matrix Partners India
round_1844,Vijay Krishna Yadav
round_1845,Apoorv Ranjan Sharma
round_1845,Daud Ali and others
round_1846,Prime Venture Partners
round_1847,Undisclosed Japanese investor
round_1847,Bertelsmann India Investments
round_1847,Nirvana Digital India Fund
round_1847,Nirvana Digital Investment Holding Co Ltd
round_1847,500 Start-Ups
round_1848,Aspada Investment Advisors
round_1848,Blume Ventures.
round_1849,Amadeus Capital
round_1850,Indian Angel Network
round_1850,Stanford Angels
round_1850,Entrepreneurs India
round_1851,"Vipul Parekh, ajesh K Murthy"
round_1852,PurpleTalk Inc
round_1853,Amit Choudhary
round_1853,Anuj Puri
round_1854,Dheeraj Jain & Other angel investors
round_1855,Puneet Gupta
round_1857,Raj Gala Shah
round_1857,Zaheer Memon
round_1858,Ignition Partners
round_1858,Greycroft Partners
round_1858,Fidelity Growth Partners India
round_1859,Mohit Goel
round_1860,Janak Parikh
round_1861,Hari Krishna
round_1861,Ajay Modani
round_1861,Dr V Ravinder
round_1861,Anirudh Rastogi
round_1861,Abhishek Jain
round_1861,Rakesh Gakhar
round_1861,Rajeev Mudumba
round_1861,Nagendra Prasad Bhanuprakash
round_1862,Agarwal Movers Group
round_1863,Hemang Sahani
round_1864,S Chand and Co Pvt Ltd
round_1864,Blume Ventures
round_1865,Funding through 1Crowd platform
round_1866,Alex Kuruvilla
round_1866,Pradeep Guha
round_1866,Saket Dhankar
round_1866,Rajan Pandhare
round_1867,Chandrashekar Tallapragada
round_1867,Pankaj Kapoor
round_1868,Kris Gopalakrishnan
round_1868,Atul Nishar
round_1869,Beenext
round_1870,Zishaan Hayath
round_1870,Abhishek Goyal
round_1870,Arjun and Rohan Malhotra
round_1870,Harpreet Singh Grover
round_1870,Gagan Dugal
round_1872,Swastika Company Ltd
round_1874,Rannvijay Singh
round_1874,Anita Hassanandani
round_1875,Sashi Reddi & Other unnamed investors
round_1876,Naveen Gupta
round_1877,Unitus Seed Fund
round_1878,Google Capital
round_1879,CASHurDRIVE Marketing Pvt Ltd
round_1880,Sequoia India
round_1880,Sofina
round_1881,Abraaj Group
round_1882,Indian Angel Network
round_1882,Tracxn Labs & Others
round_1883,Sachin Tendulkar
round_1884,Rajul Garg
round_1884,Alok Mittal
round_1884,Kunal Shah
round_1884,Rishi Mandawat
round_1884,Dheeraj Jain
round_1884,Sandeep Tandon
round_1884,Dexter Angel Circle
round_1885,Pix Vine Capital
round_1885,Infocomm Development Authority of Singapore
round_1886,GAIN
round_1887,Devidas Desai
round_1887,Vipul Gautam
round_1887,Singapore Angel Network
round_1888,Indian Angel Network
round_1889,500 Startups
round_1889,Littlerock
round_1889,Singularity Ventures
round_1890,BitChemy Ventures
round_1890,Maheshwari Investments Pvt Ltd
round_1890,Anshoo Gaur
round_1890,Rama Krishna Reddy
round_1890,Sandeep Seerapu
round_1891,Bhavish Aggarwal
round_1891,Binny Bansal
round_1891,\\xc2\\xa0 Rajan Anandan
round_1891,Mekin Maheshwar
round_1891,Sunil Kalra
round_1891,Anupam Mittal
round_1891,Krishna Mehra
round_1891,Singapore Angel Network
round_1892,Broadbean Capital services
round_1893,Bharanidharan Viswanathan
round_1893,Sanjiv Mittal
round_1893,Shobhit Shukla
round_1893,Rahul Agarwal
round_1895,Robin Utthappa
round_1896,Rajul Garg
round_1896,Daljit Singh
round_1896,Aditya Vij
round_1896,Kishore Kumar
round_1896,Shuchin Bajaj
round_1897,Sarva Capital
round_1899,Jay Vijayan
round_1900,SoftBank Ventures Korea
round_1901,Alok Mittal
round_1901,Amit Gupta
round_1901,Anuj Srivastava
round_1901,Himanshu Aggarwal
round_1901,Raghunandan G
round_1901,Puneet Agarwal
round_1902,Mohandas Pai
round_1902,Hiro Mashita
round_1902,Singapore Angel Network
round_1902,500 Startups
round_1902,Rajan Anandan
round_1902,Ajay Sarupria
round_1903,Indian Angel Network
round_1904,Snow Leopard Technology Ventures
round_1905,Wipro Ventures
round_1905,\\xc2\\xa0 Lumis Partners
round_1906,T V Mohandas Pai
round_1906,\\xc2\\xa0 Aarin Capital
round_1907,Multiple investors through Ten Minute Million competition
round_1908,Multiple investors through Ten Minute Million competition
round_1909,Multiple investors through Ten Minute Million competition
round_1910,Multiple investors through Ten Minute Million competition
round_1911,Dunamis Ventures Pte Ltd.
round_1912,Green House Ventures (GHV)
round_1913,Green House Ventures (GHV)
round_1914,Ingram Content Group
round_1915,Oranda Global & Others
round_1916,TV Mohandas Pai
round_1916,Aarin Capital
round_1917,Sherpa Capital
round_1917,Nyca Partners and Thomvest Ventures
round_1918,Vandana Luthra
round_1919,Nexus Venture Partners
round_1920,Raghunandan G
round_1920,Venturesity
round_1920,Arihant Patni
round_1921,Saha Fund
round_1921,TV Mohandas Pai
round_1921,Zia Mody
round_1921,Mumbai Angels
round_1921,Ananda Kallugadde
round_1921,Rakesh Desai
round_1921,Rakesh Malhotra
round_1925,Mohit Goel
round_1925,Vinod Jain & Others
round_1926,Ratan Tata
round_1927,Green House Ventures (GHV)
round_1928,Green House Ventures (GHV)
round_1929,Sixth Sense Ventures
round_1930,Vinod Bansal
round_1930,Sanjeev Singhal
round_1931,Mahesh Parasuraman
round_1931,Rahul Gautam & Others
round_1932,SAIF Partners
round_1932,IDG Ventures India
round_1932,Vertex Ventures
round_1932,Valiant Capital
round_1933,Ratan Tata
round_1934,Endiya Partners
round_1934,Mekin Maheshwari
round_1934,Rajesh Sawhney
round_1935,India Ventures
round_1935,Aarin Capital & Others
round_1936,Edelweiss Financial Services
round_1937,Lion Ventures
round_1938,Aqeel Ahmed
round_1941,Manipal Global Education Services
round_1942,Atul Jain
round_1942,Anil Gelra
round_1942,Jaikumar Nair
round_1943,Jaideep Mehta
round_1944,Sachin Dalal
round_1945,Jayabalan Subramanian
round_1946,Alok Rawat
round_1946,Grey Orange Robotics
round_1947,Sunil Mehta
round_1948,Kalaari Capital
round_1949,Aspada Advisors
round_1949,IDG Ventures
round_1949,\\xc2\\xa0 Inventus Capital
round_1950,Ontario Teachers\\xe2\\x80\\x99 Pension Plan & Others
round_1951,Saumya Tandon
round_1952,Ratan Tata
round_1953,Mukesh Kumar Gupta
round_1954,Vaibhav Doshi
round_1954,Abhay Singhal
round_1954,Vibhu Garg
round_1954,Joby Babu
round_1954,Abhishek Acharya
round_1954,Manish Shah
round_1955,Blume Ventures
round_1955,\\xc2\\xa0 Tracxn Labs
round_1956,Ranjit Singh
round_1957,GrowX Ventures
round_1957,Kunal Shah
round_1957,Sandeep Tandon
round_1957,Haresh Chawla
round_1957,Powai Lake Ventures
round_1957,Globevestor
round_1958,Unitus Seed Fund
round_1959,Virendra Shekhawat
round_1959,Deepak Chokhani
round_1959,Yogesh Patel & Others
round_1960,Brand Capital
round_1960,Siddhivinayak Skyscrapers
round_1960,Dinesh R. Challa
round_1961,Vishwadeep Bajaj & Others
round_1962,Rajnish Sinha
round_1962,Prijit Debnath
round_1962,Kanchan Ghoshal
round_1963,Lead Angels
round_1964,KWAN Entertainment & Marketing Solutions
round_1964,Powerhouse Ventures & Others
round_1965,Dr Nandish Domlur
round_1965,Amit Sandill
round_1966,Tiger Global
round_1967,Michael & Susan Dell Foundation
round_1968,Ratan Tata
round_1969,Lightspeed Venture Partners
round_1969,K Ganesh
round_1971,Sujal Shah
round_1971,Dino Morea
round_1972,Nandan Nilekani
round_1972,Mohandas Pai
round_1972,Neeraj Arora
round_1972,Anand Rajaraman
round_1972,Girish Mathrubootham
round_1972,Aneesh Reddy & Teruhide Sato
round_1973,Farooq Oomerbhoy & Other angel investors
round_1974,Qualcomm (Through QPrize Contest)
round_1975,Aavishkaar
round_1976,Chennai Angels
round_1977,Mohandas Pai
round_1977,Varun Aggarwal
round_1978,Purvi Ventures & Others
round_1979,3 undisclosed investors
round_1980,Nitin Bagmane & Other undisclosed investors
round_1981,Lightspeed India
round_1983,Sachin Bansal
round_1983,Binny Bansal
round_1983,Accel Partners & Others
round_1984,IvyCap Ventures
round_1984,Orios Venture Partners
round_1984,Mayfield India
round_1985,Indian Angel Network
round_1986,Omidyar Network
round_1986,\\xc2\\xa0 Vikram Lal
round_1986,Abhijit Bhandari
round_1986,Mahesh Murthy
round_1986,Shashank Bhagat
round_1987,Rocket Internet AG
round_1987,Holtzbrink Ventures
round_1987,"New Enterprise Associates (NEA), e.ventures, ru-Net"
round_1987,Deutsche Telekom Strategic Investments (DTSI)
round_1987,Silicon Valley Bank
round_1988,StartupXseed Ventures
round_1988,The Phoenix Fund and others
round_1989,Yajnanarayana Kammaje
round_1990,Tracxn Syndicate
round_1991,Beenext
round_1991,Digital Garage
round_1991,Beenos
round_1991,Qualgro
round_1991,Mamoru Taniya
round_1991,SAIF Partners
round_1992,Varun Aggarwal
round_1992,Suresh Venkat
round_1992,Raj Y
round_1993,Swastika Company Ltd
round_1994,Vishal Bali & Others
round_1995,Matrix Partners India
round_1996,Calcutta Angels
round_1996,Lead Angels & Others
round_1997,Accel Partners
round_1997,Ashish Hemrajani
round_1997,Parikshit Dar
round_1997,Rajesh Balpande
round_1998,Undisclosed HNIs
round_1999,Kapil Goel
round_2000,Insitor Impact Asia Fund
round_2000,Acumen Fund
round_2001,Ratan Tata
round_2002,Eduardo Saverin
round_2004,Rajan Anandan
round_2004,Pramod Bhasin
round_2004,Siddharth Pai
round_2004,TV Mohandas Pai
round_2004,Manvinder Singh Banga
round_2006,Ratan Tata
round_2007,MeritTrac
round_2008,Sequoia Capital
round_2008,Kunal Bahl
round_2008,Rohit Bansal
round_2008,Deepinder Goyal
round_2008,Ashish Dhawan
round_2008,Mayank Singhal
round_2009,Centre for Innovation Incubation and Entrepreneurship (CIIE)
round_2010,Samir Bangara
round_2010,Anisha Mittal
round_2010,Amit Gupta
round_2010,Pallav Nadhani
round_2010,Lalit Mangal
round_2010,Arihant Patni
round_2010,Dr. Ritesh Malik
round_2010,Deobrat Singh
round_2010,Saurab Paruthi
round_2010,Singapore Angel Network.
round_2011,Dinesh Agarwal
round_2013,Tata Capital Innovation Fund
round_2014,Ratan Tata
round_2015,Dheeraj Jain
round_2015,Jagdish Kumar
round_2015,Bharat Gupta
round_2015,Ankush Saigal
round_2015,Praveen Saini
round_2016,Lalitesh Katragadda
round_2016,\\xc2\\xa0 Ganayantrika Systems
round_2017,Arjun Handa
round_2017,Amit Jindal
round_2017,Nagendra Chaudhary
round_2018,Bhanu Vikram Parsotam
round_2018,Rohan Desai and Paras Patel
round_2019,SIDBI Venture Capital Limited
round_2019,YourNest Angel Fund
round_2020,Ankur Gupta
round_2021,Myntra/LivSpace Founders
round_2023,Idein Ventures
round_2024,Newbie Promoter Pvt Ltd
round_2025,Ctrip.com International Ltd
round_2026,Lightbox Ventures
round_2027,Krishna Jhujhunwala
round_2027,Dr. Apoorv Ranjan Sharma
round_2027,Anirudh Damani
round_2027,Anand Ladsariya
round_2027,Sanjay Mehta & Others
round_2028,GBIM Technologies Pvt Ltd
round_2029,Arun Chandra Mohan
round_2031,Nahata Family
round_2031,Waheed Alli
round_2032,500 Startups
round_2032,Mato Peric
round_2032,TracxnLabs
round_2033,Zodius Capital
round_2033,Lightspeed Venture Partners
round_2034,TV Mohandas Pai
round_2034,LetsVenture
round_2035,Ranjan Mahtani
round_2036,GIC
round_2036,Tiger Global Management
round_2036,Nexus Venture Partners
round_2037,Matt Mullenweg
round_2037,Adam D\\xe2\\x80\\x99Angelo
round_2037,Aditya Agarwal
round_2037,\\xc2\\xa0 Ruchi Sanghvi & Others
round_2038,Vallabh Bhanshali
round_2038,N Squared Management LLC
round_2038,Jagdish & Sandeep Mehta Family Office
round_2039,Equity Crest
round_2039,Vinners
round_2039,Sparknext
round_2040,Temasek Holdings
round_2040,March Capital
round_2040,Warburg Pincus
round_2041,Shiva Ashok & Other unnamed investors
round_2042,Unicorn India Ventures
round_2043,50k Ventures
round_2043,Munish Jauhar
round_2043,Pulkit Jain
round_2043,Rohit Narang
round_2044,SAIF Partners
round_2044,India Quotient
round_2045,RoundGlass Partners
round_2046,Amod Malviya
round_2047,Mustafa Wajid
round_2047,Umang Kumar & Others
round_2048,Indian Angel Network
round_2049,Flipkart
round_2049,Saavn
round_2049,Micromax
round_2049,Dhiraj Rajaram
round_2049,Ambiga Dhiraj
round_2049,Dinesh Agarwal
round_2049,Samir Bangara
round_2049,Sanjay Nath
round_2049,Arihant Patni
round_2050,Cipher-Plexus Capital Advisors & Indian HNIs
round_2051,Varun Khurana
round_2051,Samar Singla
round_2051,Vinay Bansal
round_2052,Hyderabad Angels
round_2052,Lalit Mangal
round_2052,\\xc2\\xa0 Vikas Malpani
round_2052,Gaurav Bhalotia
round_2052,LV Prasad
round_2053,Times Group
round_2054,Abhinav Mathur
round_2055,Sanjay Mehta
round_2056,Huzaifa Khorakiwala
round_2057,Bertelsmann India Investments
round_2057,Nirvana Digital India Fund
round_2057,Nirvana Digital Investment Holding
round_2057,500 Startups
round_2058,Harmony Partners
round_2058,RB Investments & existing investors
round_2059,Flipkart
round_2060,Ratan Tata
round_2061,Anand Chandrasekaran & Others
round_2062,Unilazer Fund
round_2062,\\xc2\\xa0 Phanindra Sama
round_2062,Peyush Bansal
round_2063,Omidyar Network
round_2064,Umang Kumar
round_2065,Lemelson Foundation
round_2065,Michael and Susan Dell Foundation
round_2066,500 Startups
round_2067,Trifecta Capital
round_2068,Alpha Capital
round_2069,Undisclosed US Based Investors
round_2070,Sa\\xc3\\xafd Business School Seed Fund.
round_2071,Farooq Adam
round_2071,Ambi Parameswaran
round_2072,Ratan Tata
round_2073,Rob Chandra
round_2074,Unilazer Ventures
round_2075,SoftBank Corp
round_2076,Sequoia Capital
round_2076,Beenext Ventures
round_2076,India Quotient
round_2076,Anand Chandrasekaran
round_2077,Kanpur Angels & Others
round_2078,GIC
round_2079,Jungle Ventures
round_2079,Taurus Value Creation
round_2079,Konly Venture
round_2079,Blume Ventures
round_2080,Chandigarh Angels Funding
round_2081,Arihant Patni
round_2081,Avnish Mehra
round_2081,Pranay Adhvaryu
round_2081,Ravi Sampat
round_2082,The Chennai Angels
round_2083,APIS Partners
round_2084,Institutional Venture Partners
round_2084,Norwest Venture Partners
round_2084,Lightspeed Venture Partners
round_2084,CRV
round_2085,Purvi Ventures
round_2086,Venture Catalysts
round_2087,Nandan Nilekani
round_2087,Accel Partners
round_2087,Kalaari Capital and Inventus Capital
round_2088,GPA group
round_2089,Ratan Tata
round_2090,Puneet Dalmia
round_2092,Lalit Mangal & Others
round_2093,Un disclosed investors
round_2094,Anupam Mittal
round_2094,Amit Gupta
round_2094,Utsav Somani
round_2094,Neeraj Goenka
round_2094,Farooq Adam Mukadam
round_2095,TV Mohandas Pai
round_2095,Mohit Saxena
round_2095,Raghunandan G
round_2095,Singapore Angel Network
round_2095,TracxnLabs
round_2096,Foxconn Technology Group & Others
round_2097,Harminder Sahni
round_2097,Krishna Mehra
round_2097,Sanjay Bakshi
round_2098,Idein Ventures
round_2099,Maple Capital Advisors
round_2100,"TermSheet, ah! Ventures"
round_2101,Zodius Technology Fund
round_2101,Lightspeed Venture Partners
round_2102,Kalaari Capital
round_2102,Inventus Capital
round_2102,Tekton Ventures
round_2102,Kae Capital
round_2103,Info Edge (India) Ltd
round_2104,Lead Angel Network
round_2105,Vineet Nalla
round_2106,Amit Patni
round_2106,Anirudh Damani
round_2106,Samir Shah
round_2107,Indian Angel Network
round_2108,GirnarSoft
round_2109,YouWeCan Ventures
round_2110,growX ventures
round_2111,Frontline Strategy
round_2112,Aarin Capital Partners
round_2112,TV Mohandas Pai
round_2114,Pankaj Gupta
round_2115,Lashit Sanghvi
round_2115,Nikhil Vora
round_2115,Venkat Vardhan
round_2115,Mohammed Bin Abdul Rehman Al Khalifa
round_2115,\\xc2\\xa0 Ralph Berezan
round_2115,Vissal Mathew
round_2115,\\xc2\\xa0 Balamurali Krishna
round_2116,The Saha Fund
round_2116,TV Mohandas Pai
round_2117,CIO Angel Network (CAN)
round_2119,Sequoia Capital
round_2119,Times Internet Ltd & One more Fund
round_2120,Chandigarh Angel Network (CAN)
round_2121,Beerud Sheth and Ravi Mantha
round_2122,GHV Accelerator
round_2123,GHV Accelerator
round_2124,CerraCap
round_2125,Rajesh Sawhney
round_2125,Anupam Mittal
round_2125,Dinesh Agarwal
round_2125,Gaurav Gupta
round_2126,Blume Ventures
round_2127,Agnus Capital
round_2128,ru-Net
round_2128,Sequoia Capital
round_2128,\\xc2\\xa0 Lightbox Ventures
round_2129,Vidyadhar Sarfare
round_2130,Ajeet Khurana Jinesh Shah
round_2130,Vikram Chachra
round_2130,Dr. Aniruddha Malpani
round_2131,Gopal Aggarwal
round_2133,Shopclues
round_2134,Unilazer Ventures
round_2134,Orios Venture Partners
round_2134,Steven Lurie
round_2135,Manipal Global Education Services
round_2136,TracxnLabs
round_2136,Jitendra Gupta
round_2136,Prashant Tandon
round_2138,SAIF Partners
round_2138,Accion
round_2139,Chandigarh Angels Network
round_2140,Tiger Global Management
round_2140,Yuri Milner
round_2140,Apoletto
round_2140,Accel Partners
round_2140,Flipkart
round_2141,Bren Corporation
round_2142,Indian Angel Network
round_2142,Stanford Angels
round_2142,Entrepreneurs India
round_2143,GrowX Ventures
round_2144,CLSA Capital Partners ARIA IV Funds
round_2145,Mr. Sudhir & Ms. Shalini Sethi
round_2145,Mr. Praveen Someshwar
round_2146,Mitesh Majithia
round_2147,Sequoia Capital
round_2147,Blume Ventures
round_2147,Uniqorn Ventures and other
round_2148,Sashi Reddi
round_2148,Gabriel Investments
round_2149,Anand Mahindra
round_2151,Ratan Tata
round_2152,LetsVenture
round_2152,Mohandas Pai
round_2153,Extreme Venture Partners\\xc2\\xa0 William Bissell
round_2154,Rajan Anandan
round_2154,Zoya Akhtar
round_2154,Reema Kagati
round_2154,Ruchi Narain
round_2154,Amrish Kumar
round_2154,Hrishikesh Parandekar
round_2155,Sachin Bansal
round_2155,Binny Bansal
round_2156,Accel Partners India
round_2156,RB Investments
round_2157,Puneet Dalmia
round_2158,Prashanth Ranganathan
round_2159,Infosys
round_2160,Mumbai Angels
round_2160,Singapore Angel Network
round_2160,Zishaan Hayath
round_2161,Vijay Shekhar Sharma
round_2161,Singapore Angels Network
round_2163,Amazon
round_2163,Vertex Ventures
round_2163,Qualcomm
round_2163,Ru-Net Technology Partners
round_2163,Matrix Partners
round_2164,Chicago Capital Ventures
round_2164,Sanjay Mehta
round_2164,Others
round_2165,Unilazer
round_2166,Nisha Sharma
round_2166,Puneet Dalmia
round_2166,Balaji Prabhakar
round_2167,SAIF Partners and others
round_2168,Allen Blue
round_2168,John Katzman
round_2168,Naveen Tewari
round_2168,Kartik Hosanagar
round_2168,Kashyap Deorah
round_2168,500 Startups
round_2168,Blue Fog Capital
round_2169,Kalaari Capital
round_2170,Kris Gopalakrishnan & Others
round_2171,Turning Ideas
round_2172,Quintillion Media
round_2173,Prahlad Rao
round_2173,Sundara Rajan
round_2173,Vikram Chachra
round_2174,Ritesh Dwivedy
round_2174,Ramakant Sharma
round_2174,Mount Nathan Advisors
round_2175,Innoven Capital
round_2176,TCS
round_2176,HDFC
round_2176,Faering Capital
round_2176,Elevate Sports
round_2177,Anand Chandrasekaran
round_2177,Rajesh Sawhney
round_2177,Kalpana Tatavarti
round_2177,Shivanandan Pare
round_2178,Murugappa Group
round_2178,TVS Group
round_2178,Vellayan Subbiah
round_2178,Arathi Krishna
round_2178,Arun Venkatachalam
round_2179,Dinesh Agarwal
round_2180,Palred Technologies Ltd
round_2181,HT Digital Media Holdings Ltd
round_2182,YourNest Angel Fund
round_2182,Venture Nursery
round_2183,Rishi Parti
round_2183,BrahmaX Ventures
round_2184,Medi Assist
round_2185,Vectr Ventures
round_2186,Blume Ventures
round_2186,Flipkart
round_2187,Exfinity Venture Partners
round_2187,Unitus Impact Livelihoods Fund
round_2188,Jitendra Gupta
round_2189,Collaborative Licensing Ventures LLP
round_2190,Umang Kumar
round_2190,Ruchir Arora & others
round_2191,Info Edge (India) Ltd
round_2192,Sharad Hegde
round_2192,Girish Reddy
round_2192,Siddharth Patil
round_2192,Shrikant Patil
round_2193,SAIF Partners
round_2194,Mahavir Pratap Sharma
round_2195,Sequoia Capital
round_2195,Tree Line Asia
round_2195,Innoven Capital
round_2196,Yuvraj Singh
round_2197,Amit Gupta
round_2197,Sahil Barua
round_2197,Mukul Singhal
round_2197,Tracxn Labs
round_2198,IDG Ventures
round_2199,Times Group Brand Capital
round_2200,Ratan Tata
round_2201,Segnel Venture
round_2201,Shinji Kimura
round_2201,Sundar Chanrai
round_2201,JAFCO Asia
round_2201,SingTel\\xe2\\x80\\x99s Innov8
round_2201,Jungle Ventures
round_2201,K Ganesh
round_2202,Varun Ahuja
round_2202,Anubhav Verma
round_2203,Riqueza Capital
round_2205,Dheeraj Jain & Others
round_2206,Constellation Technology Ventures (Exelon Corporation)
round_2206,E.ON
round_2206,RWE
round_2206,Khosla Ventures
round_2207,ah! Ventures
round_2208,CIO Angel Network
round_2209,Phanindra Sama
round_2209,Aprameya Radhakrishna
round_2209,Aneesh Reddy
round_2209,Neeraj Jawalkar
round_2209,Sanjay Anandaram
round_2209,Pavan Ongole
round_2209,Venk Krishnan
round_2210,Vineel Nalla & Others
round_2212,SAIF Partners & others
round_2213,Indian Angel Network
round_2214,Undisclosed HNIs
round_2215,IDG Ventures India
round_2215,Kalaari Capital
round_2215,500 Startups
round_2216,Hyderabad Angels
round_2216,M&S Partners
round_2217,Hyderabad Angels
round_2217,Singapore Angel Network
round_2217,Ness Wadia
round_2218,Saina Nehwal
round_2219,Chandralekha Construction Pvt. Ltd.
round_2220,Rajan Anandan
round_2220,Mike Galgon
round_2220,Ravi Gururaj
round_2220,Ashim Mehra
round_2220,\\xc2\\xa0 Mohit Saxena
round_2220,Internet Group
round_2220,TNN Capital and others
round_2221,Michael & Susan Dell Foundation
round_2221,Unitus Seed Fund
round_2222,Info Edge
round_2223,Sequoia India
round_2223,BEENEXT Ventures
round_2223,Kunal Shah & Sandeep Tandon
round_2224,Jozef Bardik
round_2224,Leo Wang Sangeeth Ram
round_2226,SAIF Partners
round_2226,Haresh Chawla
round_2227,TV Mohandas Pai\\xe2\\x80\\x99s family office
round_2228,Lensbridge Capital
round_2228,Mape Advisory Group
round_2228,Fireside Ventures
round_2229,Centre For Incubation & Business Acceleration (CIBA)
round_2229,Goa
round_2230,Mount Nathan Advisors Pte Ltd
round_2231,Sixth Sense Ventures
round_2232,Chennai Angels
round_2233,Sujeet Kumar
round_2233,Ankit Nagori
round_2233,Traxcn Labs
round_2234,Kalaari Capital
round_2235,Astarc Ventures
round_2235,50K Ventures & others
round_2236,Logtally
round_2237,Times Internet
round_2238,Sequoia India
round_2238,Lightspeed Venture Partners
round_2238,Nexus Venture Partners
round_2238,Global Founders Capital
round_2238,Apoletto
round_2239,Gordon and Betty Moore Foundation
round_2240,Jitu Virwani
round_2241,Rimpal Chawla
round_2241,Anuj Srivastava
round_2242,Ravi Krishnamurthy
round_2243,Enablers platform
round_2244,Baillie Gifford
round_2244,Falcon Edge Capital
round_2244,Tiger Global
round_2244,SoftBank Group
round_2244,DST Global
round_2244,Didi Kuaidi
round_2245,Nexus Venture Partners
round_2246,Kalaari Capital
round_2247,Inara Capital
round_2247,Rishi Khiani
round_2248,Palaash Ventures
round_2249,Blackstone Valley Group
round_2249,Raghu Vohra
round_2249,Aditya Dev Sood
round_2249,Kamal Bansal
round_2250,ah! Ventures
round_2251,Bessemer Venture Partner
round_2251,Accel
round_2251,SAIF Partners
round_2252,Karnataka Semiconductor Venture Capital firm
round_2253,S.D. Shibulal
round_2253,Kris Gopalakrishnan
round_2253,Srinath Batni
round_2253,Professor Tarun Khanna
round_2253,\\xc2\\xa0 Ganapathy Venugopal.
round_2254,Indian Angel Network
round_2255,New Enterprise Associates
round_2256,Kae Capital
round_2256,Kunal Bahl
round_2256,Rohit Bansal
round_2257,Ram Kumar Kakani
round_2257,Pradeep K Jaisingh
round_2257,Sunil T V
round_2257,Vijay Ghadge
round_2257,Hemant Kaul
round_2257,Gurmeet Chahal & Others
round_2259,Hampton Capital
round_2260,Daljit Singh
round_2260,Dr. Pramath Raj Sinha
round_2260,BVR Mohan Reddy
round_2261,Unitus Seed Fund
round_2261,Bijou Kurien
round_2261,Narayan Ramachandran
round_2263,IDG Ventures India
round_2263,\\xc2\\xa0 Accel Partners India
round_2264,Anil Menon
round_2265,Swastika
round_2266,Manish Gupta
round_2267,Mitsui & Co.
round_2267,New Enterprise Associates
round_2267,Canaan Partners
round_2267,Silicon Valley Bank
round_2268,Ratan Tata
round_2269,Ashok Agarwal
round_2270,Raghu Khanna
round_2270,Sameer Gupta
round_2271,IFC Everstone Group
round_2272,Earlsfield Capital
round_2273,New Enterprise Associates
round_2273,Cheetah Mobile
round_2274,Softbank
round_2274,Tiger Global
round_2274,Sequoia Capital
round_2274,Apoletto Managers
round_2275,IDG Ventures
round_2275,M & S partners
round_2275,Powerhouse Ventures (USA).
round_2276,Tracxn
round_2276,Ashish Goenka & Others
round_2277,Bessemer Venture Partners
round_2277,Anil Chopra
round_2279,Ashish Gupta
round_2280,JMR Infotech India Pvt Ltd
round_2281,Unigrowth Inc
round_2282,Mandeep Singh
round_2282,Jairaj Singh
round_2283,Manish Kheterpal
round_2283,Alok Mittal
round_2283,\\xc2\\xa0 Puneet Dalmia
round_2284,DSG Consumer Partners
round_2285,FIH Mobile Ltd
round_2286,Flipkart
round_2286,Accel Partners
round_2286,Delhivery
round_2286,Foxconn
round_2288,Sargod Ventures
round_2289,Accel Partners
round_2289,Elevar Equity
round_2289,Pramod Bhasin
round_2289,Rajan Anandan
round_2289,Gaurav Dalmia
round_2289,Abhishek Goyal
round_2289,Gagan Hasteer
round_2289,Arun Tadanki
round_2290,Sandeep Aggarwal
round_2291,Axilor Ventures
round_2292,Ashish Todi
round_2292,Abhinav Patodia
round_2292,Kumar Shwetabh
round_2293,Paytm (One97 communications)
round_2294,Paytm (One97 communications)
round_2295,Kalaari Capital
round_2296,Sequoia Capital
round_2297,Harsh Mariwala
round_2297,Atul Nishar
round_2297,Dalip Pathak
round_2297,Michael Carlos
round_2298,Peepul Capital
round_2299,DSG consumer Partners
round_2299,Paragon Partners
round_2300,High Networth Individuals (undisclosed)
round_2301,Uniqorn ventures
round_2301,ASP Consulting
round_2302,Satyen Kothari
round_2302,Keshav Sanghi
round_2302,Riddhesh Gandhi & Others
round_2303,Gaja Capital Private Equity Fund
round_2304,YouWeCan Ventures
round_2305,Ashvin Chadha
round_2305,Avtar Monga
round_2305,Udaan Angels
round_2305,Dheeraj Jain
round_2306,Unnamed Media house and HNIs
round_2307,High Networth Individuals from India & USA
round_2308,Sanjay Mehta
round_2309,Snapdeal
round_2310,Micromax Informatics
round_2311,Mato Peric
round_2311,Peter Kabel & others
round_2312,Sanjeev Kapoor
round_2312,\\xc2\\xa0 Ravi Saxena & Others
round_2313,Tiger Global Management
round_2313,Flipkart
round_2314,Life.SREDA
round_2314,Qualgro
round_2315,Sequoia and Kalaari Capital.
round_2316,Vikas Agarwal
round_2316,Vishal Khare
round_2316,Sanjeev Kakkar
round_2316,Smile Group
round_2318,RoundGlass Partners
round_2319,SF Capital Group
round_2320,Kemark Ventures
round_2320,Amit Ranjan
round_2320,Zishaan Hayath and Others
round_2321,Quikr
round_2322,Seedfund
round_2322,Bedrock Ventures
round_2323,Suyash Sharma
round_2324,Sean O\\xe2\\x80\\x99Sullivan & Others
round_2325,Aarin Capital Partners
round_2326,Accel Partners
round_2327,LetsVenture
round_2328,500 Startups
round_2328,IDG Ventures & Advantedge fund
round_2328,Neeraj Arora
round_2328,Leon Seynave
round_2329,Accel Partners
round_2330,SAIF Partners
round_2331,Khosla Impact
round_2331,Biz Stone
round_2331,Catamaran Ventures
round_2331,Global Founders Capital
round_2331,European investment fund
round_2332,Turning Ideas
round_2333,Micromax Informatics Ltd
round_2335,Dewang Neralla
round_2335,Roopak Taneja
round_2335,Manisha Gupta
round_2336,Fireside Ventures
round_2336,Mumbai Angels MAPE Advisory Group.
round_2337,Devesh Rai G
round_2337,Rajesh Aggarwal
round_2337,Amitpal Bhutani
round_2338,Vijai Laxmi
round_2339,Manpreet Singh
round_2340,Parampara Capital
round_2341,Accel Partners
round_2341,Anupam Mittal & other marquee investors
round_2342,Sequoia Capital
round_2342,"Ascent Capital, eContext Asia"
round_2342,Beenos Asia
round_2343,Aarti Group
round_2344,Dr. Aniruddha Malpani Manish Gupta
round_2344,M&S Partners & others
round_2345,Delhivery
round_2345,Sands Capital and Accel Partners
round_2346,Qualcomm Venture
round_2346,Norwest Venture Partners
round_2347,Springboard Ventures
round_2348,Indian Angel Network
round_2349,Sierra Ventures
round_2349,Cota Capital
round_2349,Vegas Tech Fund
round_2350,Arihant Patni
round_2350,RAAY Global Investments
round_2351,Alok Bajpai
round_2351,Rajnish Kumar
round_2351,Amit Dey
round_2352,Atul Jalan
round_2352,Shrikanth & Bharath
round_2353,R Natarajan
round_2353,Mohan Alexander
round_2354,Group of Angel investors
round_2355,Group of Angel investors
round_2356,Mumbai Angels
round_2356,Mayank Bhangdia
round_2356,Kae Capital
round_2357,ID Enablers Pvt Ltd
round_2358,Delhivery
round_2359,Oswal Techno Ventures LLP
round_2360,undisclosed private investors
round_2361,OrbiMed
round_2361,Pradip Dadha Group
round_2362,Tiger Global Management
round_2362,Matrix Partners
round_2363,Ventureworks India
round_2364,Unnamed investor
round_2365,India Quotient
round_2366,Sequoia Capital
round_2366,Nexus Venture Partners
round_2367,Redcliffe Capital
round_2367,YourNest Angel Fund
round_2368,ah! Ventures
round_2368,500 Startups & Other HNIs
round_2369,S Chand and Co Pvt Ltd
round_2370,Jupiter Capital
round_2371,Tracxn Syndicate
round_2372,Accel Partner
round_2372,Jungle Ventures
round_2373,Amit Singhal
round_2373,PK Gulati & others
round_2374,Unilazer Ventures
round_2375,Suresh Vaswani
round_2376,Rajesh Bhatia
round_2376,Dheeraj Mehta & Others
round_2377,Sequoia Capital
round_2377,Matrix Partners
round_2378,InnoVen Capital
round_2379,GREX
round_2380,Puneet Bhatia & others
round_2381,Paytm
round_2382,Tania Johny Palathinkal
round_2383,Flipkart
round_2384,Group of HNI investors
round_2385,Reliance Capital
round_2386,Ratan Tata
round_2387,Zodius Technology Fund
round_2387,Khazanah Nasional Berhad
round_2388,Warburg Pincus
round_2388,Sequoia Capital
round_2388,Norwest Venture Partners
round_2389,Purvi Capital
round_2390,India Quotient & other investors
round_2391,WestBridge Capital
round_2391,Omidyar Network
round_2391,Elevar Equity
round_2391,Saama Capital
round_2391,\\xc2\\xa0 Lok Capital
round_2392,CMYK Health Boutique Pvt Ltd & Other individual investors
round_2393,R M Picture Company Pvt. Ltd.
round_2394,Ashish Jhalani
round_2395,Karanpal Singh
round_2396,Raghav Bahl
round_2396,Ritu Kapur
round_2397,Nalin Jain
round_2397,Shomil Pant
round_2397,Dinesh Kundu & others
round_2398,Temasek
round_2398,Vy Capital
round_2399,Acumen Fund
round_2400,Blume Ventures
round_2401,India Educational Investment Fund
round_2402,India Educational Investment Fund
round_2403,500 Startups
round_2403,TV Mohandas Pai
round_2403,Tandem Capital
round_2403,Vikram Chachra
round_2403,Aloke Bajpai
round_2404,Kalaari Capital
round_2404,SAIF Partners
round_2404,Beenextan investment fund
round_2405,Nanadan Nilekani
round_2405,InMobi
round_2405,Paytm
round_2406,Green House Ventures
round_2407,Ankush Nijhawan
round_2407,Manish Dhingra
round_2407,Gaurav Bhatnagar
round_2409,Subodh Gupta
round_2410,Eight Road Ventures
round_2411,Ash Bhardwaj
round_2412,Bessemer Venture Partners
round_2413,Eight Roads Ventures
round_2414,Aarin Capital
round_2414,Unitus Seed Fund
round_2415,Falcon Edge Capital
round_2415,NY based Hedge Fund
round_2415,Tiger Global
round_2415,Softbank
round_2416,Cataraman Ventures
round_2417,Helion Venture Partners
round_2417,Exfinity Ventures
round_2418,Nandan Nilekani
round_2419,Anil Matai
round_2419,Vikram Tandon
round_2419,Shyam Sundar R & others
round_2420,Payal Syal
round_2421,Sandeep Dama & Others
round_2422,Eight Roads Ventures
round_2423,Indian Angel Network
round_2424,Oliphans Capital
round_2425,Kalaari Capital
round_2426,Applyifi
round_2427,Khazanah Nasional Berhad
round_2427,Helion Venture Partners
round_2428,High Networth Individuals (No details)
round_2429,Sachin Bansal & Binny Bansal
round_2429,Sol Primero
round_2429,Outbox Ventures
round_2429,Sangram Singh
round_2430,Accel Partners
round_2430,Subrata Mitra
round_2430,Larry Braitman
round_2430,Venk Krishna
round_2432,Multiple investors
round_2433,Aprameya Radhakrishna
round_2433,Naman Sarawagi
round_2433,Afsal Salu
round_2434,Accel Partners
round_2434,International Finance Corporation (IFC)
round_2434,Qualcomm Ventures
round_2434,Ventureast
round_2435,Rainmatter
round_2436,Anand Mahindra
round_2436,Uday Punj
round_2436,Ashish Hemrajani
round_2436,Sanjeev Mehra
round_2437,500 Startups
round_2438,Prakhar Bumb
round_2439,Unitus Seed Fund
round_2439,Rianta Capital
round_2439,R Ramaraj
round_2439,Sunil Edwards
round_2440,Kalaari Capital
round_2440,YourNest Angel Fund
round_2441,Lead Angels
round_2442,Karan Bajwa
round_2442,Amanpreet Bajaj
round_2442,Manish Vij
round_2443,Swarnim Multiventures
round_2444,Bhavdeep Reddy
round_2445,Paytm
round_2446,Asha Jadeja Motwani & Others
round_2447,Rajat Malhotra
round_2448,Sharad Sharma
round_2448,Vijay Anand
round_2448,Mohandas Pai. Pallav Nadhani
round_2448,Singapore Angels Network & others
round_2449,M&S Partners
round_2450,William Bissell
round_2450,Neeraj Aggarwal
round_2450,Nandan Nilekani
round_2451,Phanindra Sama
round_2451,Anupam Mittal
round_2451,Vijay Shekhar Sharma
round_2451,Vishal Gondal
round_2451,Sateesh Andara & others
round_2452,Raghav Bahl
round_2453,500 Startups
round_2453,Smile Multimedia
round_2453,Kunal Bahl
round_2453,Rohit Bansal
round_2453,Girish Matrubootham
round_2454,Infuse Ventures
round_2454,The Chennai Angels
round_2455,Kanwaljit Singh
round_2455,TV Mohandas Pai
round_2456,Astarc Ventures & Others
round_2457,500 Startups
round_2457,Mato Peric & Others
round_2458,Didi Kuaidi
round_2459,Alibaba Group
round_2459,Ant Financial
round_2460,Tennenbaum Capital Partners & Others
round_2461,Sequoia India
round_2461,SAIF Partners.
round_2462,Mayank Singhal and others
round_2463,The Chennai Angels
round_2464,Uniqorn Ventures
round_2465,Zishaan Hayath
round_2465,Rahul Khanna & Others
round_2466,Nexus Venture Partners
round_2466,Knoll Ventures and others
round_2467,Jungle Ventures
round_2468,Kunal Bahl
round_2468,Rohit Bansal
round_2468,Pranay Chulet
round_2468,Naveen Tiwari
round_2468,Amit Gupta
round_2468,Mayank Singhal
round_2469,ah! Ventures
round_2469,Viktor Koenig PE Fund
round_2469,Mantra Ventures
round_2470,Alibaba
round_2470,Foxconn
round_2470,Softbank
round_2471,Mohandas Pai & others
round_2472,Alok Mittal
round_2473,Aavishkaar
round_2474,VentureNursery
round_2475,Alok Mittal
round_2475,Zeeshan Hayat
round_2475,Niraj Singh
round_2475,Nikunj Jain
round_2475,Anirudh Damani
round_2475,Punit Goyal
round_2476,SoftBank Group
round_2476,Greenoaks Capital
round_2476,Sequoia Capital
round_2476,\\xc2\\xa0 Lightspeed India
round_2477,Infuse Ventures
round_2478,Sequoia Capital
round_2478,Accel Partners
round_2479,Orios Venture Partners
round_2479,Zishaan Hayath
round_2480,Kunal Bajaj
round_2480,Chandru Badrinarayanan
round_2481,Rebright Partners
round_2481,Ankush Nijhawan
round_2481,Gaurav Bhatnagar
round_2481,Manish Dhingra
round_2482,Tiger Global Management
round_2482,Orios Venture Partners
round_2483,Helion Venture Partners
round_2483,Kalaari Capital
round_2484,BedRock Ventures
round_2484,Rajesh Sawhney
round_2484,Shailesh Singh
round_2485,Sachin Bhatia
round_2485,Rajesh Sawhney
round_2486,Ramesh Jogani
round_2486,Shailesh Viswanathan
round_2486,Jay Srinivasan
round_2487,Tracxn Labs
round_2488,Ravi Gururaj
round_2488,Gaurav Sharma
round_2488,Viswanath Ramachandran
round_2488,RippleWave
round_2489,Sofina
round_2489,Google Capital
round_2489,Altimeter Capital
round_2489,Sequoia Capital Global Equities
round_2489,Yuri Milner
round_2489,Sequoia Capital
round_2489,Matrix Partners
round_2490,Sanjay Sethi
round_2490,Ravi Jaipuria & others
round_2491,CCube Angels
round_2491,Frontline Strategy
round_2492,Chennai Angels
round_2492,"Calcutta Angels, ah! Ventures"
round_2492,Intellecap Impact Investment Network
round_2492,Indus Age Partners
round_2492,Singapore Angel Network
round_2492,India Internet Fund
round_2492,LetsVenture
round_2493,Horizons Ventures
round_2493,Capricorn Investment Group
round_2493,Social+Capital
round_2493,Helion Advisors
round_2493,Berggruen Holdings
round_2494,Inflexionpoint
round_2494,Pramod Bhasin
round_2494,Sixth Sense Ventures
round_2494,Vindi Banga
round_2494,Hiro Mashita
round_2495,YouWeCan Ventures
round_2496,Wealth First
round_2496,Ashneer Grover
round_2496,Atul Phadnis
round_2497,responsAbility Investments
round_2497,Infuse Ventures
round_2498,Bedrock Ventures
round_2499,Best Foodworks
round_2500,Nihon Kotsu
round_2501,Neha Vats
round_2501,Gaurav Vats
round_2502,B M Gupta
round_2502,Vinod Singhal
round_2503,QPrize from Qualcomm Ventures
round_2504,Sequoia Capital
round_2505,Girish Mathrubootham
round_2505,Phanindra Sama
round_2505,Vikram Chachra
round_2505,Others from LetsVenture
round_2506,Reliance Capital Venture
round_2507,Tiger Global Management
round_2508,Helion Ventures
round_2508,Jungle Ventures & Bessemer Venture Partners
round_2509,Indian Angel Network
round_2510,Ajeet Khurana & Others
round_2511,Zodius Technology Fund
round_2512,ChrysCapital
round_2513,Sequoia Capital
round_2513,Lightspeed Ventures
round_2514,Bessemer Venture Partners
round_2515,Quintillion Media
round_2515,500 Startups
round_2516,Accel Partners
round_2516,Deep Kalra
round_2516,Rajesh Magow
round_2516,Mohit Gupta
round_2516,Shamik Sharma
round_2517,Amit Ranjan
round_2517,Vijay Shekhar Sharma
round_2517,Kunal Bahl
round_2517,Girish Mathrubootham &\\xc2\\xa0 Group of other Angel investors
round_2518,Accion
round_2518,LeapFrog Investments
round_2518,Lok Capital
round_2519,LetsVenture
round_2519,Mumbai Angels
round_2520,IDG Ventures
round_2521,Jitendra Gupta & others
round_2522,Gujarat based angel investors
round_2522,MMY co-Founder
round_2523,Group of angel investors
round_2524,Nalin Jain & other angel investors
round_2525,Ratan Tata
round_2525,Vani Kola
round_2525,T V Mohandas Pai
round_2525,Karthee Madasamay
round_2526,"Intellecap Impact Investment Network, family office fund"
round_2527,Existing & New Investors
round_2528,VentureNursery
round_2529,Rohit Goel
round_2530,Kunal Bahl
round_2530,Rohit Bansal
round_2530,Zishaan Hayath
round_2530,Prashant Malik
round_2531,One97 Communications
round_2532,Tiger Global
round_2533,New Enterprise Associates
round_2533,Orios Venture Partners
round_2534,NEA
round_2534,Milliways Ventures
round_2534,Naya Ventures
round_2535,Rohit Bhatia
round_2535,Sunil Nikhar
round_2535,Vaibhav Domkundwar
round_2535,Siddharth Nautiyal
round_2536,NEA
round_2536,Blume Ventures & others
round_2537,RoundGlass Partners
round_2538,Umesh Yadav
round_2539,Unilazer Ventures
round_2540,Manish Dhingra
round_2540,Ankush Nijhawa
round_2540,Gaurav Bhatnagar
round_2541,AskMe
round_2542,Group of Angel Investors
round_2543,Indian Angel Network
round_2544,ah! Ventures
round_2544,Times Internet
round_2544,Rudy Gopalakrishnan
round_2545,Orios Venture Partners
round_2545,Amit Ranjan & others
round_2546,The 1947
round_2547,Ajmera Group of Companies
round_2548,Prime Capital Markets Ltd
round_2549,India Quotient
round_2549,Anupam Mittal & others
round_2550,GrowX ventures
round_2550,Tracxn Labs
round_2550,"Powai Lake Ventures, and Sahil Barua"
round_2551,DSG Consumer Partners
round_2551,Saama Capital
round_2552,Norwest Venture Partners
round_2552,Nexus Venture Partners
round_2552,Helion Venture Partners
round_2552,Draper Fisher Jurvetson
round_2552,Peepul Capital
round_2553,Group of Angel Investors
round_2554,GHV Accelerator
round_2555,India Quotient
round_2555,LetsVenture investors
round_2555,Lead Angels
round_2556,Infuse Ventures
round_2558,Group of Investors
round_2559,Ravi Agarwal
round_2560,Ibibo Group
round_2561,Growx Ventures
round_2561,Manish Singhal
round_2562,Rocket Internet
round_2563,Equentia Natural Resources
round_2564,Li Tao
round_2564,Li Jian
round_2564,Draphant Consultants
round_2564,Nitin Garg
round_2564,Saurabh Jain
round_2564,Mohit Agarwal
round_2565,Manish Singhal
round_2565,P39 Capital & Others
round_2566,Aspada Investment Advisors
round_2566,Qualcomm Ventures
round_2567,Ratan Tata
round_2567,Nikhil Vora & others
round_2568,Delhivery
round_2568,Tracxn Labs
round_2569,Omnivore Partners
round_2570,The Chennai Angels
round_2570,IDG Ventures India
round_2571,Bessemer Ventures
round_2571,Kae Capital
round_2572,ah! Ventures
round_2572,Vivek Joshi
round_2572,Mohit Satyanand & others
round_2573,Ratan Tata
round_2574,IFC
round_2574,Axon Partners
round_2574,Intel Capital
round_2575,Amazon
round_2575,Fidelity Growth Partners
round_2575,Mousse Partners
round_2576,SAIF Partners
round_2577,Rajan Anandan
round_2577,Kunal Bahl
round_2577,Rohit Bansal
round_2577,Rahul Khanna
round_2578,Tiger Global
round_2579,Vijay Shekhar Sharma
round_2580,Gokul Jaykrishna
round_2580,Brand Capital
round_2581,Rebright Partners
round_2581,Tracxn Labs
round_2581,Aneesh Reddy
round_2582,Powai Lake Ventures
round_2582,Ajeet Khurana & others
round_2583,Group of angel investors
round_2584,Pravin Agarwala & others
round_2585,Sofina
round_2585,Hillhouse Capital
round_2586,Atulya Mittal
round_2587,Mangroves Capital Partners
round_2587,Vikas Saxena
round_2588,DMG information Asia Pacific
round_2589,Powai Lake Ventures
round_2589,Globeinvestor
round_2589,Abhishekh Goyal
round_2590,DSG Consumer Partners
round_2590,Siddharth Parekh
round_2591,Jaydeep Barman
round_2592,Tiger Global Management
round_2592,Bertelsmann India
round_2592,Steadview Capital
round_2592,Liberty Media
round_2592,Mousse Partners
round_2592,Quilvest
round_2593,Sunrise Capital GmBH
round_2593,Big Data Investments B.V
round_2594,Helion Venture Partners
round_2594,Amarpreet Sawhney
round_2594,Deshpande Foundation
round_2594,Fred Khosravi
round_2594,Richard S. Braddock
round_2595,Not Disclosed
round_2596,Ratan Tata
round_2597,Mirah Hospitality
round_2598,Accel Partners
round_2599,Saama Capital
round_2599,Mayfield
round_2599,Ashvin Chadha
round_2599,Shailesh Mehta
round_2600,Tiger Global Management
round_2600,Ratan Tata
round_2600,Nexus Venture Partners
round_2601,Sequoia Capital
round_2601,Empire Angels
round_2601,NGP
round_2602,\\xc2\\xa0Tiger Global
round_2603,\\xc2\\xa0IvyCap Ventures
round_2603,Accel Partners
round_2603,Dragoneer Investment Group
round_2604,\\xc2\\xa0 Sandeep Aggarwal
round_2604,Teruhide Sato
round_2605,\\xc2\\xa0Rajeev Saraf
round_2605,Arvind Jha
round_2605,R. Satya Narayanan
round_2606,\\xc2\\xa0Indian Angel Network
round_2607,\\xc2\\xa0LetsVenture
round_2607,Kumar Bansal
round_2607,Kshitij Jain
round_2608,\\xc2\\xa0IndianIdeas.com
round_2609,\\xc2\\xa0Forum Synergies PE Fund
round_2610,\\xc2\\xa0Goldman Sachs
round_2611,\\xc2\\xa0Palaash Ventures
round_2612,Accel Partners
round_2612,Helion Venture Partners
round_2613,Atul Jalan
round_2614,Ritesh Veera
round_2614,Singapore Angel Network
round_2614,Orios Venture Partners
round_2615,HR Technology fund
round_2617,Tamarind Family Private Trust
round_2618,Softbank
round_2618,Sequoia Capital
round_2619,Jungle Ventures
round_2620,Anupam Mittal
round_2620,Anand Chandrasekaran
round_2620,Uday Shankar
round_2620,Chetan Bhagat
round_2621,Sequoia Capital
round_2621,Nexus Venture Partners
round_2621,Blume Ventures
round_2622,Pradyumna Dalmia
round_2622,Sudhir Rao & Others
round_2623,Snow Leopard Technology Ventures
round_2624,Sumit Gandhi
round_2624,Manish Gandhi
round_2625,Tiger Global
round_2625,Orios Venture Partners.
round_2626,Catamaran Ventures
round_2626,New India Investment Corporation
round_2627,Tracxn Labs
round_2627,Deepak Singh
round_2628,Mumbai Angels
round_2628,Vriddhi Fund
round_2628,Others
round_2629,Exfinity Venture Partners
round_2630,India Value Fund Advisors
round_2631,Flipkart
round_2631,Tiger Global
round_2632,Falcon Edge Capital
round_2632,Meru Capital
round_2632,Ola
round_2632,Matrix Partners
round_2632,DSG Consumer Partners
round_2632,Axis Bank
round_2633,Jayant Bokadia
round_2634,IDG Ventures India
round_2635,Sequoia Capital
round_2636,MakeMyTrip
round_2637,Exfinity Venture Partners
round_2638,AB Kinnevik
round_2638,Falcon Edge Capital
round_2638,Coatue Management
round_2639,YourWeCan Ventures
round_2640,Lightspeed India
round_2641,Indian Angel Network
round_2642,Fidelity Growth Partners
round_2643,Accel Partners
round_2644,Lightspeed Venture Partners
round_2645,growX ventures
round_2645,\\xc2\\xa0 Manish Singhal
round_2646,Varun Agarwal & Others
round_2647,Goldman Sachs
round_2647,Zodius Technology Fund
round_2647,Bertelsmann India Investments Norwest Venture Partners.
round_2648,Steadview Capital and existing investors
round_2649,Accel Partners
round_2649,Traxcn Labs & Others
round_2650,Sandeep Parwal
round_2650,Krishan Gupta & Others
round_2651,IDG Ventures India
round_2651,Omidyar Network
round_2651,Sherpalo Ventures
round_2651,\\xc2\\xa0 Mohandas Pai
round_2652,Sachin and Binny Bansal
round_2652,Malvinder and Shivinder Singh
round_2652,Gurpreet Singh & others
round_2653,Paytm
round_2653,SAIF Partners
round_2653,\\xc2\\xa0 Tiger Global Management & others
round_2654,Abhishek Gupta
round_2655,LionRock Capital
round_2656,SIDBI Venture Capital Ltd
round_2657,Lightbox Ventures
round_2657,Beenos
round_2658,Kunal Bahl
round_2658,Rohit Bansal
round_2659,Elliot Stechman
round_2659,Gautam Sinha
round_2659,Ambarish Ray
round_2660,B S Nagesh
round_2661,YouWeCan Ventures
round_2661,\\xc2\\xa0 Aprameya Radhakrishna
round_2662,Jai Choi
round_2662,Kiyohiro Sugashita
round_2662,Hirokazu
round_2663,Aarin Capital Partners
round_2664,Oliphabs Capital
round_2665,MakeMyTrip
round_2666,Aprameya Radhakrishna
round_2667,DSG Consumer Partners
round_2667,Saama Capital.
round_2668,Kae Capital
round_2668,Anupam Mittal
round_2669,InfoEdge
round_2670,Group of 15 Angel Investors
round_2671,GrowthStory
round_2672,Ventureworks India
round_2672,Blume Ventures
round_2672,Batlivala & Karani Securities
round_2672,Nikunj Jhaveri
round_2673,Infuse Ventures
round_2674,Srinivas Tirupati
round_2675,Carrick Capital Partners
round_2676,Mumbai Angels & Other angel investors
round_2677,Ennovent Impact Investment Holding
round_2678,Mark Mobius & 9 Other Angel investors
round_2679,DMG Information
round_2680,Green House Ventures
round_2681,Nexus Venture Partners
round_2682,Rajan Anandan
round_2682,Niraj Singh
round_2682,Sachin Bhatia
round_2682,Singapore Angel Network & Aseem Vadehra
round_2683,Sharad Sharma
round_2683,Rajan Anandan
round_2683,Sunil Kalra
round_2683,Amit Ranjan
round_2683,Rohan Malhotra
round_2683,\\xc2\\xa0 Arjun Malhotra
round_2683,Gautam Gandhi
round_2684,Virendra Shahney
round_2684,Dr Paresh Doshi
round_2685,Ratan Tata
round_2686,Warburg Pincus
round_2687,Bessemer Venture Partners
round_2688,Tiger Global
round_2688,\\xc2\\xa0 Nirvana Ventures Advisors
round_2689,Morgan Stanley
round_2691,Fidelity Growth Partners
round_2691,Fidelity Biosciences
round_2692,Snow Leopard
round_2692,Paytm
round_2693,Natarajan Iyer
round_2693,Rajesh Sawhney
round_2693,\\xc2\\xa0 & other Angel investors.
round_2694,Future Fund
round_2694,Bessemer Venture
round_2694,Capricorn Investment and IFC
round_2695,IvyCap Ventures
round_2696,Norwest Venture Partners
round_2696,SAIF Partners
round_2696,Accel Partners
round_2697,Group of Angel Investors
round_2698,SIDBI Venture Capital Ltd
round_2699,KCL
round_2700,Pawan Borle
round_2700,SVP Fly Dubai & Others
round_2701,Sequoia Capital
round_2701,Seedfund
round_2702,Arihant Patni
round_2702,Vishal Khare
round_2702,\\xc2\\xa0 Viswanath Ramachandran
round_2703,M&S Partners Pte. Ltd
round_2704,Sequoia Capital
round_2705,Sequoia Capital
round_2706,Unitus Seed Fund
round_2707,i2india Pvt Ltd
round_2708,Group of angel investors
round_2709,Infuse Ventures
round_2709,Low Carbon Enterprise Fund
round_2710,Mahesh Pratapneni
round_2710,Pallab Chatterjee & others
round_2711,Mumbai Angels
round_2711,Patni Family Office
round_2711,Singapore Angel Network
round_2711,Karan Maheshwari
round_2711,Jatin Aneja
round_2711,Kishor Ganji
round_2711,Roopa Nath
round_2712,Unitus Seed Fund
round_2712,Times Internet
round_2713,LGT Group
round_2713,Asian Healthcare fund
round_2713,Seedfund
round_2714,YouWeCan Ventures
round_2715,Neoteric Infomatique Limited
round_2716,ASK Pravi
round_2717,Gopal Srinivasan
round_2717,Sashi Reddy
round_2717,Amit Gupta
round_2717,Pallav Nadhani
round_2718,Sunil Maheshwari & group of investors
round_2719,Matrix Partners
round_2720,Faering Capital
round_2720,Foundation Capital
round_2720,Inventus Capital Partners
round_2721,Group of Angel Investors from US/India
round_2722,Sachin Bansal
round_2722,Bunny Bansal & other investors
round_2723,Kalaari Capital
round_2723,India Quotient
round_2724,Kunal Bahl
round_2724,Rohit Bansal
round_2724,Blume Ventures
round_2724,Phanindra Sama
round_2724,Raju Reddy
round_2725,Micromax Informatics
round_2726,Sprout Angels LLP
round_2727,AngelPrime
round_2728,Dr David Cheriton
round_2729,Sequoia Capital
round_2730,Matrix Partners India
round_2730,SAIF Partners
round_2731,Holostik Group
round_2731,YouWeCan Ventures
round_2731,500 Startups
round_2731,Vijay Shekhar Sharma
round_2731,Manish Kheterpal
round_2731,Amit Patni
round_2732,YouWeCan Ventures
round_2733,Unitus Seed Fund
round_2734,Chennai Angels
round_2735,Oliphans Capital
round_2736,Nokia Growth Partners
round_2736,Nexus Venture Partners
round_2736,Avalon Ventures
round_2737,Sequoia Capital
round_2737,Kae Capital
round_2737,Anupam Mittal
round_2737,Sandeep Tandon
round_2738,Mercury Fund
round_2738,Anshu Sharma
round_2738,Pratyush Prasanna
round_2738,Robert Winters & others
round_2739,Development finance institution Belgian Investment Company
round_2739,Oikocredit
round_2740,Accel Partners
round_2740,Flipkart
round_2741,IDG Ventures India
round_2741,Elevar Equity
round_2741,Accion Venture Lab
round_2743,SAIF Partners
round_2743,\\xc2\\xa0 Accel Partners
round_2744,Tracxn Labs
round_2744,Sahil Barua
round_2745,Mape Advisory
round_2746,Naveen Tiwari
round_2746,Mohit Saxena
round_2746,Amit Gupta
round_2746,Piyush Shah
round_2746,Manish Dugar
round_2747,Kanwaljit Singh
round_2747,Angie Mahtaney
round_2747,Manoj Varghese
round_2748,Helion Ventures
round_2748,Omidiyar Network
round_2748,Blume Ventures and Ujama
round_2749,Group of Investors
round_2750,Commonfloor
round_2751,Sameer Koticha
round_2752,Goldman Sachs
round_2752,Rocket Internet
round_2753,Anand Vijay
round_2753,Nipun Dureja
round_2753,Satyajit Heeralal
round_2753,Keith Rodricks
round_2753,Gaurav Lochan
round_2753,Azmul Haque
round_2753,Nikhil Bagri
round_2754,Rishi Vasudev
round_2754,Amit Gupta
round_2754,Rajiv Nayan
round_2755,Viraj Tyagi & others
round_2756,SAIF Partners
round_2757,Acumen Fund
round_2758,Acumen Fund
round_2760,IDG Ventures
round_2760,Sequoia Capital
round_2761,Vishwas Patel
round_2762,Tiger Global Management
round_2762,Multiples Alternate Asset Management
round_2762,Nexus Venture Partners
round_2762,Times Internet
round_2763,Norwest Venture Partners
round_2764,IDG Ventures
round_2764,Kris Gopalakrishnan
round_2765,Mayfield Ventures
round_2766,Fidelity Growth Partners India
round_2766,SAIF Partners
round_2766,\\xc2\\xa0 Helion Ventures
round_2767,Accel Partners
round_2767,Tiger Global Management
round_2768,S.Gopalakrishnan
round_2768,Beenos
round_2769,Aarin Capital Partners
round_2770,Exfinity Ventures
round_2771,Florida based Angel investor
round_2772,Micromax Informatics
round_2773,Helion Venture Partners
round_2773,Orios Venture Partners
round_2774,Arun Chandra Mohan
round_2774,Praveen Sinha
round_2775,Prototyze
round_2776,Rajendra Gogri
round_2776,\\xc2\\xa0 Chandrakant Gogri
round_2778,Rajan Anandan
round_2778,Teru Sato
round_2778,Aneesh Reddy
round_2778,Venkatesh Valluri
round_2779,Lead Angels
round_2780,KJS Group
round_2782,Phanindra Sama
round_2782,Jay Sethuram
round_2782,Hemant Kanakia
round_2782,Ravi Trivedi
round_2783,Mohandas Pai
round_2784,Samir Shah
round_2785,Tiger Global Management
round_2786,Sequoia Capital
round_2787,Subhash Goyal
round_2788,Peesh Venture Capital
round_2789,MakeMyTrip Innovation Fund
round_2790,Accel Partners
round_2790,Helion Venture Partners
round_2791,SAIF partners
round_2792,Biz Stone
round_2793,Sunergy Investors
round_2794,Kae Capital
round_2794,Anoop Goyal
round_2794,Mike Shah
round_2794,VA Sastry
round_2795,HDFC Bank
round_2796,Sandiep Shrivatsava
round_2797,Punit Soni
round_2798,i2india Ventures
round_2799,Jan Manten
round_2800,Nirvana Venture Advisors
round_2801,Manipal Group
round_2802,Astarc Ventures
round_2803,Nexus Venture Partners
round_2804,Accel Partners
round_2804,Kalaari Capital
round_2805,Tim Chen
round_2805,Sanjay Venkat
round_2806,Sol Primero
round_2806,Outbox Ventures
round_2806,Nikunj Jain
round_2807,Sequoia Capital
round_2808,Kalaari Capital
round_2809,Tiger Global
round_2810,Accel Partners
round_2810,SAIF Partners
round_2811,"Rudy Gopalakrishnan, ah! Ventures"
round_2813,Rajesh Sawheny
round_2813,Rajan Anandan
round_2813,Amit Ranjan
round_2813,Niraj Singh
round_2813,AECAL
round_2813,MeraEvents.
round_2814,Amit Tyagi
round_2814,Sandeep Acharya & others
round_2815,Tiger Global
round_2815,Investment AB Kinnevik
round_2815,Steadview Capital
round_2816,Sequoia Capital
round_2816,Jason Hirschhorn
round_2816,"Jarett Posner, and Amit Bhatiani"
round_2817,Ajit Surana
round_2817,Sanjay Mehta
round_2818,Silicon Valley Ventures
round_2818,NEA Ventures
round_2818,Valiant Capital
round_2818,IDG Ventures India
round_2818,\\xc2\\xa0 SAIF Partners
round_2818,Vertex Ventures
round_2819,Tree Line Asia
round_2819,Cisco Investments
round_2819,American Express
round_2819,Sequoia Capital
round_2820,DST Global
round_2820,Steadview Capital
round_2820,Tiger Global
round_2820,Accel Partners & Others
round_2821,Ajai Chowdhry
round_2821,Ashvin Chadha
round_2821,Yogesh Bansal
round_2821,\\nNitin Singhal & Others
round_2822,Kanwaljit Singh
round_2822,Shripad Nadkarni
round_2822,Sarvesh Shahra & Others
round_2823,Hyderabad based investor
round_2824,Sequoia Capital
round_2824,TR Capital
round_2824,Steadview Capital
round_2824,SAIF Partners
round_2824,Kalaari Capital
round_2825,Matrix Partners India
round_2825,India Quotient
round_2826,Helion Venture Partner
round_2826,Powerhouse Ventures
round_2826,GSF and Other angel investors
round_2827,Unitus Seed Fund
round_2828,Info Edge (India)
round_2829,Dragoneer Investment
round_2829,Accel Partners
round_2829,Qualcomm Ventures
round_2829,Times Internet
round_2830,Ajay Relan
round_2831,Kae Capital
round_2832,Jungle Ventures
round_2833,Accel Partners India
round_2834,Tiger Global Management
round_2834,Lightspeed Venture Partners
round_2835,Tiger Global
round_2835,Sequoia Capital
round_2836,SAIF Partners
round_2836,Sequoia Capital
round_2837,PremjiInvest
round_2837,Tiger Global
round_2837,Ribbit Capital
round_2838,SAIF Partners
round_2838,Accel Partners
round_2838,Kunal Bahl
round_2838,Rohit Bansal
round_2839,Orios Venture Partners
round_2839,Mayfield India
round_2840,Ascent Capital
round_2840,Kalaari Capital
round_2841,Powai Lake Ventures
round_2842,YouWeCan Ventures
round_2843,Agnus Capital
round_2844,Deep Kalra
round_2844,Sequoia Capital
round_2844,Omidyar Network
round_2844,Intel Capital & Kae Capital
round_2845,Tiger Global
round_2845,Google Capital & Accel Partners
round_2846,GIC ventures
round_2847,The Phoenix Fund
round_2849,Michael & Susan Dell Foundation
round_2849,Pearson Learning Fund
round_2850,Mayfield Ventures
round_2850,Kalaari Capital
round_2850,Helion Ventures
round_2851,Sequoia Capital
round_2851,Nexus venture Partners
round_2851,Lightspeed Ventures
round_2851,GFC
round_2852,Version One Ventures
round_2852,500 Startups
round_2852,Nexus Venture Partners and Arena Ventures
round_2853,AngelPrime
round_2854,Rakesh Mathur
round_2854,Vikas Taneja & others
round_2855,Deepak Shahdadpuri
round_2855,Gulpreet Kohli
round_2856,Lightspeed Ventures
round_2857,Accel US
round_2857,Accel India
round_2857,SAIF Partners.
round_2858,S S Mukherji & Others
round_2859,Oliphans Capital
round_2859,Haresh Chawla
round_2860,Ah! Ventures
round_2860,Calcutta Angels
round_2860,\\xc2\\xa0 91SpringBoard
round_2861,Infuse Ventures fund
round_2862,SEEK Ltd & affiliates
round_2863,Anand Rajaraman
round_2863,Venky Harinarayan
round_2864,Cross Border Angels & others
round_2865,Mitsui & Co & existing investors
round_2866,Bessemer Ventures
round_2866,Blume Ventures
round_2867,Greycroft Partners
round_2867,Fidelity Growth Partners
round_2868,SAIF Partners
round_2869,Sumit Jain
round_2869,Aprameya Radhakrishna
round_2869,Alok Goel
round_2869,Rajan Anandan
round_2869,Amit Agrawal
round_2869,Vinay Goel
round_2869,Gaurav Munjal
round_2869,Ashish Dev Kapur
round_2870,Rainmatter
round_2871,The HR Fund
round_2872,Bessemer Venture Partners
round_2872,SAIF Partners
round_2873,Helion Venture Partners
round_2873,Kae Capital
round_2874,Group of Angel Investors
round_2875,Maverick Capital
round_2875,IDG Ventures India
round_2876,Ashutosh Lawania
round_2876,Alok Goel & others
round_2877,SAIF Partners
round_2878,Madhukar Gangadi
round_2878,Satish Reddy
round_2878,Srini Raju
round_2878,Srini Koppolu & SIDBI
round_2879,Rajan Anandan & other angel investors
round_2880,Kalaari Capital
round_2881,Powai Lake Ventures
round_2881,Aneesh Reddy
round_2881,Ashish Kashyap
round_2881,Alok Mittal
round_2882,Shrem Strategies
round_2884,Tarun Arora
round_2885,Tiger Global
round_2885,Accel Partners
round_2886,Sequoia Capital
round_2887,IAN Ventures
round_2887,Alok Sharma
round_2887,Kris Gopalakrishnan
round_2887,Saurabh Srivastava
round_2887,Ajai Chowdhry
round_2888,Tiger Global
round_2888,Sequoia Capital.
round_2889,Rocket Internet AG & others
round_2890,Ratan Tata
round_2891,VentureEast
round_2891,\\xc2\\xa0 Varaprasad Reddy
round_2892,Powai Lake Ventures
round_2892,Zishan Hayath
round_2892,Abhishek Goyal
round_2892,Sahil Barua
round_2893,Kae Capital
round_2893,GSF
round_2893,Teruhide Sato
round_2894,Zishaan Hayath
round_2894,Lalit Mangal
round_2894,Harpreet Singh Grover
round_2895,Kunal Bahl
round_2895,Rohit Bansal
round_2896,Ramesh kavediya
round_2897,IDG Ventures
round_2897,Naveen Tewari
round_2898,I-cube-N
round_2899,Value Fund Advisors
round_2900,YourNest Angel Fund
round_2901,Wipro
round_2902,Group of Angel Investors
round_2903,Snapdeal
round_2904,IDG Ventures
round_2904,Outbox Ventures
round_2905,CA Media LP
round_2905,\\xc2\\xa0 Start Media.
round_2906,Armat Group
round_2907,Wu Chay Chin
round_2908,LetsVenture
round_2909,Valiant Capital
round_2910,HT Media
round_2910,Arun Duggal
round_2911,Y Combinator
round_2912,RVCF and SIDBI
round_2913,LightBox Ventures
round_2914,Sol Primero
round_2915,JAFCO Asia
round_2915,Keystone Group
round_2915,Dragoneer Investment
round_2915,Accel Partners
round_2916,Accion Venture Labs
round_2916,Rianta Capital
round_2917,Dr Mushtaq Shah
round_2917,Dr Faraz Naqvi
round_2918,Impact Investment Holding
round_2918,Upaya Social Ventures
round_2919,Greenoaks capital
round_2919,Sequoia Capital
round_2919,LightSpeed Ventures
round_2920,Tiger Global Management
round_2920,Indian Quotient
round_2920,Binny Bansal
round_2921,Sequoia Capital
round_2921,India Quotient
round_2923,Solidarity Venture Capital & others
round_2924,Pittie Group
round_2925,Nick Adams
round_2925,Kiran Bhat
round_2925,Family Pot Investments LLP
round_2926,Tiger Global
round_2926,Matrix Partners
round_2926,Lightspeed Venture Partners
round_2927,Nandan Nilekani
round_2927,Rajiv Mody
round_2927,Ajai Chowdhary
round_2928,Tano Capital
round_2929,TA Associates
round_2930,Mayfield Ventures
round_2930,Kalaari Capital
round_2931,Trinity Ventures
round_2931,InterWest Partners
round_2931,Mohr Davidow Ventures
round_2931,Presidio Ventures
round_2932,Zodius Capital
round_2932,Ru-Net
round_2932,Kalaari Capital
round_2932,\\xc2\\xa0 Qualcomm Ventures
round_2933,Group of Angel Investors
round_2934,Group of Angel Investors
round_2935,Group of Angel Investors
round_2936,Group of Angel Investors
round_2937,Group of Angel Investors
round_2938,Group of Angel Investors
round_2939,Sol Primero
round_2939,Rajiv Mehta
round_2940,Orios Venture Partner
round_2941,Omidyar Network
round_2942,Valiant Capital Partners
round_2943,India Quotient
round_2944,India Quotient
round_2944,Kae Capital
round_2945,Temasek
round_2945,Norwest Venture Partners
round_2946,Splice Advisors
round_2947,Tiger Global
round_2947,Times Internet
round_2947,Zodius Capital
round_2948,Ant Financial Services (Alipay)
round_2949,Anand Vijay
round_2949,Shashank Mehrotra & Others
round_2950,Valiant Capital
round_2950,Tybourne Capital
round_2950,Sequoia Capital
round_2950,RuNet and Sofina
round_2951,Falcon Edge Capital
round_2951,Matrix Partners India
round_2951,Sequoia Capital India and Omidyar Network
round_2952,IDG Ventures
round_2953,Ratan Tata
round_2954,Lightbox Ventures
round_2955,Chip Perry
round_2956,Mangrove Capital Partners
round_2957,SAIF Partners
round_2957,Sequoia Capital
round_2957,Aspada
round_2958,AngelPrime
round_2959,Group of Angel Investors
round_2960,Karan Bajwa
round_2960,Parvesh Bareja
round_2960,Sunjay Kapur
round_2960,Amanpreet Bajaj
round_2961,Nexus Venture Partners
round_2961,Matrix Partners
round_2962,Sequoia Capital
round_2962,Matrix Partners
round_2963,Suresh Senapaty
round_2963,TV Mohandas Pai
round_2964,Srinivas Aluri
round_2964,Srinivas Modukury
round_2964,BS Nagesh
round_2965,Ashok Goel (promoter)
round_2966,Tiger Global
round_2966,Rebright Partners
round_2966,Sachin and Binny Bansal
round_2967,ah! Ventures
round_2968,Mumbai Angels & Group of other investors
round_2969,Helion Venture Partners
round_2970,Cross Border Angels
round_2971,Calcutta Angels
round_2971,Venture Nursery Angels Mumbai Angels
round_2972,Brick Eagle
round_2973,DA-IICT
round_2973,Techstars
round_2973,Carnegie Mellon University
round_2973,Startup Brasil program
round_2974,Sequoia Capital
round_2974,Ranjan Pai
round_2974,Mohandas Pai & others
round_2975,InterGlobe Technology Quotient
round_2975,Lantern Capital
round_2977,SAIF Partners
round_2977,Fulcrum Ventures
round_2978,Unitus Seed Fund\\nNarayan Ramachandran
round_2978,Bijou Kurien
round_2979,Amit Ranjan
round_2979,Deepinder Goyal
round_2979,Zishaan Hayath
round_2979,Powai Lake Ventures
round_2980,V Balakrishnan
round_2980,T V Mohandas Pai
round_2980,BC Prabhakar
round_2981,V Balakrishnan
round_2981,T V Mohandas Pai
round_2982,Sequoia Capital
round_2983,Sumit Jain
round_2983,Rajat Jain
round_2983,Sanjay Bhasin
round_2984,SAIF Partners
round_2985,Kris Gopalakrishnan
round_2985,Nagaraja Prakasam
round_2986,Matrix Partners
round_2986,Sequoia Capital
round_2986,Nexus Venture Partners
round_2987,IDG Ventures India
round_2987,Jungle Ventures
round_2987,India Quotient.
round_2988,Tiger Global Management
round_2988,Sequoia Capital India
round_2989,TPG Growth
round_2989,TR Capital
round_2989,IDG Ventures
round_2990,Venkat Vallabhneni
round_2990,Sudhakar Reddy
round_2990,Srinivasa Rao Paturi
round_2991,DeNA Co.
round_2991,Japan & Teruhide Sato (in Addition to MKS Switzerland & Kris GopalKrishnan)
round_2992,TO THE NEW Ventures
round_2993,Tom Clausen
round_2993,Rohan Ajila
round_2993,Haldyn Glass
round_2994,Anupam Mittal
round_2994,Manish Vij
round_2994,Prashant Tandon
round_2994,Gaurav Agarwal
round_2994,Akash Agarwal
round_2994,Himanshu Aggarwal
round_2994,Kevin Parikh
round_2995,IvyCap Ventures
round_2996,SRI Capital
round_2997,Jungle Ventures
round_2997,Redbright Partners
round_2997,Blume Ventures
round_2998,Matrix Partners
round_2999,Devesh Sachdev
round_2999,Ashish Tiwari
round_3000,Seedrs Crowd funding platform
round_3001,Rohit Bansal
round_3001,Kunal Bahl
round_3001,Nikhil Vora
round_3002,Kickstarter
round_3003,Google Capital
round_3004,IvyCap Ventures
round_3004,Inventus Capital
round_3005,JS Capital
round_3005,Helion Venture Partners
round_3005,Capricorn Investment Group
round_3006,Alok Goel
round_3007,GWB Group
round_3007,Blume Ventures
round_3009,Rajan Anandan
round_3009,Mike Galgon
round_3009,Ashim Mehra
round_3009,Mohit Saxena
round_3009,Ravi Gururaj
round_3009,TNN Capital & IIG
round_3010,TA Associates
round_3011,Rajan Anandan
round_3011,Shankar Mahadevan
round_3011,Deep Kalra & Others
round_3012,Adroitent Pvt. Ltd.
round_3013,Tiger Global & Other investors
round_3014,Cogent E Services
round_3015,Consortium of Angel Investors
round_3016,Group of Angel Investors
round_3017,Hyderabad Angels (at Startup Heroes event)
round_3018,Hyderabad Angels (at Startup Heroes event)
round_3019,Hyderabad Angels (at Startup Heroes event)
round_3020,Hyderabad Angels (at Startup Heroes event)
round_3021,Hyderabad Angels (at Startup Heroes event)
round_3022,Eduardo Saverin & Velos Capital
round_3023,Premji Invest & Mayfield Fund
round_3024,Group of Angel Investors
round_3025,Mayfield India
round_3025,Kalaari Capital
round_3025,Helion Ventures
round_3027,Rohit Jain
round_3027,Amit Rambhia & Others
round_3028,Michael & Susan Dell Foundation
round_3029,Group of Angel Investors
round_3030,August Capital Partners
round_3030,Michael Blakey
round_3031,ANALEC
round_3032,Goldman Sachs
round_3032,Zodius Capital
round_3033,Tiger Global
round_3034,Inventus Capital Partners
round_3034,IDG Ventures
round_3035,Kaizen Private Equity
round_3036,People Group (Shaadi.com)
round_3037,Hillhouse Capital
round_3037,Tybourne Capital
round_3038,Kalaari Capital
round_3038,Sequoia Capital
round_3039,Asia Pacific Internet Group
round_3040,KARSEMVEN Fund
round_3041,Exfinity Fund
round_3041,GrowX Ventures.
round_3042,MakeMyTrip
round_3043,UK based Group of Angel Investors
